from_index,to_index,from_id,to_id,from_name,to_name,edge_dissimilarity,risk_contrast,dissimilarity_quintile
0,1,11110,11140,Jongno-gu,Jung-gu,1.0944446049760357,0.001680395447615446,Q4
0,5,11110,11230,Jongno-gu,Dongdaemun-gu,0.31804373136055897,0.05633218337912638,Q2
0,7,11110,11290,Jongno-gu,Seongbuk-gu,0.3273979587535147,0.03876098601941269,Q2
0,11,11110,11380,Jongno-gu,Eunpyeong-gu,0.37416909571830154,0.13514916878362992,Q2
0,12,11110,11410,Jongno-gu,Seodaemun-gu,0.44900291486196386,0.054841207350688315,Q2
0,88,11110,41281,Jongno-gu,"Deogyang-gu, Goyang-si",1.3283002897999752,0.1141484996328046,Q4
1,2,11140,11170,Jung-gu,Yongsan-gu,1.3376545171929324,0.13450738669858087,Q4
1,3,11140,11200,Jung-gu,Seongdong-gu,0.9728396488675866,0.08864858705661227,Q4
1,5,11140,11230,Jung-gu,Dongdaemun-gu,0.7764008736154768,0.05465178793151093,Q3
1,12,11140,11410,Jung-gu,Seodaemun-gu,0.6454416901140719,0.05316081190307287,Q3
1,13,11140,11440,Jung-gu,Mapo-gu,1.4873221554802554,0.0123866588375936,Q5
2,3,11170,11200,Yongsan-gu,Seongdong-gu,0.3648148683253458,0.045858799641968595,Q2
2,13,11170,11440,Yongsan-gu,Mapo-gu,0.149667638287323,0.12212072786098727,Q1
2,18,11170,11560,Yongsan-gu,Yeongdeungpo-gu,0.7857551010084358,0.1160725061207275,Q3
2,19,11170,11590,Yongsan-gu,Dongjak-gu,0.5706078709704114,0.10067555229349434,Q3
2,21,11170,11650,Yongsan-gu,Seocho-gu,1.4311967911225096,0.3740663249680427,Q5
3,4,11200,11215,Seongdong-gu,Gwangjin-gu,0.24320991221689658,0.09125418728272283,Q2
3,5,11200,11230,Seongdong-gu,Dongdaemun-gu,0.19643877525210973,0.03399679912510134,Q1
3,22,11200,11680,Seongdong-gu,Gangnam-gu,1.0102565584394194,0.3221864230319271,Q4
4,5,11215,11230,Gwangjin-gu,Dongdaemun-gu,0.04677113696478685,0.05725738815762149,Q1
4,6,11215,11260,Gwangjin-gu,Jungnang-gu,0.8325262379732243,0.11437401368879652,Q3
4,22,11215,11680,Gwangjin-gu,Gangnam-gu,1.2534664706563161,0.2309322357492043,Q4
4,23,11215,11710,Gwangjin-gu,Songpa-gu,1.7679489772689814,0.09089728443459855,Q5
4,24,11215,11740,Gwangjin-gu,Gangdong-gu,0.9728396488675882,0.000530103442526908,Q4
4,92,11215,41310,Gwangjin-gu,Guri-si,0.8138177831873096,0.16759528613420915,Q3
5,6,11230,11260,Dongdaemun-gu,Jungnang-gu,0.8792973749380113,0.057116625531175025,Q4
5,7,11230,11290,Dongdaemun-gu,Seongbuk-gu,0.009354227392955716,0.017571197359713686,Q1
6,7,11260,11290,Jungnang-gu,Seongbuk-gu,0.8699431475450555,0.07468782289088871,Q4
6,10,11260,11350,Jungnang-gu,Nowon-gu,1.3563629719788506,0.022985664509832304,Q4
6,92,11260,41310,Jungnang-gu,Guri-si,1.646344021160534,0.05322127244541264,Q5
7,8,11290,11305,Seongbuk-gu,Gangbuk-gu,1.3189460624070177,0.06280446789664218,Q4
7,10,11290,11350,Seongbuk-gu,Nowon-gu,0.486419824433795,0.09767348740072102,Q2
7,88,11290,41281,Seongbuk-gu,"Deogyang-gu, Goyang-si",1.0009023310464604,0.07538751361339191,Q4
8,9,11305,11320,Gangbuk-gu,Dobong-gu,1.4405510185154653,0.005427766595398786,Q5
8,88,11305,41281,Gangbuk-gu,"Deogyang-gu, Goyang-si",0.3180437313605573,0.01258304571674973,Q2
8,108,11305,41630,Gangbuk-gu,Yangju-si,0.41158600529013434,0.013128403600971339,Q2
9,10,11320,11350,Dobong-gu,Nowon-gu,0.3648148683253475,0.02944125290868005,Q2
9,79,11320,41150,Dobong-gu,Uijeongbu-si,1.1412157419408242,0.05776690534727624,Q4
9,108,11320,41630,Dobong-gu,Yangju-si,1.028965013225331,0.007700637005572553,Q4
10,79,11350,41150,Nowon-gu,Uijeongbu-si,1.5060306102661718,0.028325652438596194,Q5
10,92,11350,41310,Nowon-gu,Guri-si,0.28998104918168344,0.030235607935580333,Q2
10,93,11350,41360,Nowon-gu,Namyangju-si,1.2347580158704015,0.023568840492127485,Q4
11,12,11380,11410,Eunpyeong-gu,Seodaemun-gu,0.07483381914366233,0.08030796143294161,Q1
11,88,11380,41281,Eunpyeong-gu,"Deogyang-gu, Goyang-si",0.9541311940816735,0.021000669150825324,Q4
12,13,11410,11440,Seodaemun-gu,Mapo-gu,0.8418804653661834,0.04077415306547927,Q3
13,15,11440,11500,Mapo-gu,Gangseo-gu,0.4677113696478786,0.07074917816254533,Q2
13,18,11440,11560,Mapo-gu,Yeongdeungpo-gu,0.6360874627211128,0.006048221740259763,Q3
13,88,11440,41281,Mapo-gu,"Deogyang-gu, Goyang-si",1.7211778403041946,0.10008144534759555,Q5
14,15,11470,11500,Yangcheon-gu,Gangseo-gu,1.0009023310464586,0.04456695709423819,Q4
14,16,11470,11530,Yangcheon-gu,Guro-gu,0.5238367340056227,0.008581429602057433,Q2
14,18,11470,11560,Yangcheon-gu,Yeongdeungpo-gu,0.1028965013225327,0.02013399932804738,Q1
14,82,11470,41190,Yangcheon-gu,Bucheon-si,1.3095918350140603,0.12297294677654769,Q4
15,18,11500,11560,Gangseo-gu,Yeongdeungpo-gu,1.1037988323689913,0.06470095642228557,Q4
15,54,11500,28245,Gangseo-gu,Gyeyang-gu,1.786657432054898,0.21718358963900286,Q5
15,82,11500,41190,Gangseo-gu,Bucheon-si,0.30868950396760153,0.0784059896823095,Q2
15,105,11500,41570,Gangseo-gu,Gimpo-si,0.06547959175070162,0.041453957467278535,Q1
16,17,11530,11545,Guro-gu,Geumcheon-gu,1.608927111588703,0.03974439650659889,Q5
16,18,11530,11560,Guro-gu,Yeongdeungpo-gu,0.6267332353281554,0.028715428930104814,Q3
16,20,11530,11620,Guro-gu,Gwanak-gu,1.272174925442231,0.0034488958871996545,Q4
16,82,11530,41190,Guro-gu,Bucheon-si,0.7857551010084376,0.11439151717449025,Q3
16,83,11530,41210,Guro-gu,Gwangmyeong-si,0.0374169095718313,0.13091277866464512,Q1
17,20,11545,11620,Geumcheon-gu,Gwanak-gu,0.33675218614647207,0.036295500619399235,Q2
17,80,11545,41171,Geumcheon-gu,"Manan-gu, Anyang-si",0.7764008736154785,0.03862256382500373,Q3
17,83,11545,41210,Geumcheon-gu,Gwangmyeong-si,1.5715102020168716,0.09116838215804624,Q5
18,19,11560,11590,Yeongdeungpo-gu,Dongjak-gu,0.21514723003802438,0.015396953827233162,Q1
18,20,11560,11620,Yeongdeungpo-gu,Gwanak-gu,1.8989081607703864,0.03216432481730447,Q5
19,20,11590,11620,Dongjak-gu,Gwanak-gu,1.683760930732362,0.016767370990071306,Q5
19,21,11590,11650,Dongjak-gu,Seocho-gu,0.8605889201520982,0.27339077267454837,Q3
20,21,11620,11650,Gwanak-gu,Seocho-gu,2.54434985088446,0.29015814366461967,Q5
20,80,11620,41171,Gwanak-gu,"Manan-gu, Anyang-si",0.4396486874690064,0.07491806444440297,Q2
20,81,11620,41173,Gwanak-gu,"Dongan-gu, Anyang-si",1.7585947498760242,0.06310107458496894,Q5
20,91,11620,41290,Gwanak-gu,Gwacheon-si,3.7042740476111993,0.24980727419205717,Q5
21,22,11650,11680,Seocho-gu,Gangnam-gu,0.785755101008436,0.006021102294146985,Q3
21,76,11650,41131,Seocho-gu,"Sujeong-gu, Seongnam-si",4.059734688543587,0.3998470743286475,Q5
21,91,11650,41290,Seocho-gu,Gwacheon-si,1.159924196726739,0.0403508694725625,Q4
22,23,11680,11710,Gangnam-gu,Songpa-gu,0.5144825066126655,0.14003495131460575,Q2
22,76,11680,41131,Gangnam-gu,"Sujeong-gu, Seongnam-si",3.273979587535152,0.39382597203450054,Q5
23,24,11710,11740,Songpa-gu,Gangdong-gu,0.7951093284013933,0.09142738787712545,Q3
23,76,11710,41131,Songpa-gu,"Sujeong-gu, Seongnam-si",3.788462094147817,0.2537910207198948,Q5
23,98,11710,41450,Songpa-gu,Hanam-si,0.7576924188295622,0.13787255622493877,Q3
24,98,11740,41450,Gangdong-gu,Hanam-si,0.03741690957183108,0.046445168347813315,Q1
25,26,26110,26140,Jung-gu,Seo-gu,2.263723029095732,0.11594065916466434,Q5
25,27,26110,26170,Jung-gu,Dong-gu,2.4040364399900978,0.07491806148784264,Q5
26,27,26140,26170,Seo-gu,Dong-gu,0.14031341089436555,0.041022597676821704,Q1
26,28,26140,26230,Seo-gu,Busanjin-gu,0.009354227392955716,0.1575079310029217,Q1
26,33,26140,26380,Seo-gu,Saha-gu,0.20579300264506553,0.10238905530353115,Q1
26,38,26140,26530,Seo-gu,Sasang-gu,0.056125364357744234,0.011582344553984214,Q1
27,28,26170,26230,Dong-gu,Busanjin-gu,0.14966763828732127,0.1164853333261,Q1
28,30,26230,26290,Busanjin-gu,Nam-gu,0.5893163257563261,0.10023241218647616,Q3
28,31,26230,26320,Busanjin-gu,Buk-gu,1.1225072871549095,0.08693033644731862,Q4
28,36,26230,26470,Busanjin-gu,Yeonje-gu,1.1505699693337799,0.01440439139480798,Q4
28,38,26230,26530,Busanjin-gu,Sasang-gu,0.04677113696478852,0.1459255864489375,Q1
29,31,26260,26320,Dongnae-gu,Buk-gu,0.06547959175070173,0.12094652560458297,Q1
29,32,26260,26350,Dongnae-gu,Haeundae-gu,0.9915481036535014,0.08563382560334176,Q4
29,34,26260,26410,Dongnae-gu,Geumjeong-gu,0.3554606409323885,0.07822052435879989,Q2
29,36,26260,26470,Dongnae-gu,Yeonje-gu,0.0374169095718313,0.019611797762456362,Q1
29,37,26260,26500,Dongnae-gu,Suyeong-gu,1.0196107858323769,0.020676075549155293,Q4
30,36,26290,26470,Nam-gu,Yeonje-gu,0.5612536435774539,0.11463680358128414,Q3
30,37,26290,26500,Nam-gu,Suyeong-gu,0.4209402326830917,0.11357252579458521,Q2
31,34,26320,26410,Buk-gu,Geumjeong-gu,0.28998104918168677,0.042726001245783074,Q2
31,35,26320,26440,Buk-gu,Gangseo-gu,0.7483381914366081,0.13683107035916287,Q3
31,38,26320,26530,Buk-gu,Sasang-gu,1.169278424119698,0.05899525000161887,Q4
31,229,26320,48250,Buk-gu,Gimhae-si,0.8044635557943539,0.0022801458252619256,Q3
31,231,26320,48330,Buk-gu,Yangsan-si,1.6276355663746176,0.104928296952985,Q5
32,34,26350,26410,Haeundae-gu,Geumjeong-gu,0.6360874627211129,0.00741330124454187,Q3
32,37,26350,26500,Haeundae-gu,Suyeong-gu,0.02806268217887544,0.06495775005418647,Q1
32,39,26350,26710,Haeundae-gu,Gijang-gun,0.19643877525210646,0.07475335219076928,Q1
33,35,26380,26440,Saha-gu,Gangseo-gu,0.5706078709704113,0.1050196096112348,Q3
33,38,26380,26530,Saha-gu,Sasang-gu,0.1496676382873213,0.09080671074954694,Q1
34,39,26410,26710,Geumjeong-gu,Gijang-gun,0.4396486874690065,0.08216665343531115,Q2
34,231,26410,48330,Geumjeong-gu,Yangsan-si,1.3376545171929308,0.06220229570720193,Q4
35,38,26440,26530,Gangseo-gu,Sasang-gu,0.42094023268309,0.19582632036078174,Q2
35,225,26440,48129,Gangseo-gu,"Jinhae-gu, Changwon-si",0.3461064135394311,0.1190647711092856,Q2
35,229,26440,48250,Gangseo-gu,Gimhae-si,0.05612536435774587,0.13455092453390094,Q1
36,37,26470,26500,Yeonje-gu,Suyeong-gu,0.9821938762605456,0.0010642777866989306,Q4
39,70,26710,31710,Gijang-gun,Ulju-gun,0.07483381914366063,0.13873075692652126,Q1
39,231,26710,48330,Gijang-gun,Yangsan-si,0.8980058297239244,0.14436894914251308,Q4
40,41,27110,27140,Jung-gu,Dong-gu,0.6454416901140703,0.20714625738192005,Q3
40,42,27110,27170,Jung-gu,Seo-gu,2.0298673442717927,0.23445490390489976,Q5
40,43,27110,27200,Jung-gu,Nam-gu,1.3376545171929324,0.1145290393207663,Q4
40,44,27110,27230,Jung-gu,Buk-gu,0.14031341089436222,0.2065849713169836,Q1
40,45,27110,27260,Jung-gu,Suseong-gu,1.384425654157721,0.05682397903820302,Q5
40,46,27110,27290,Jung-gu,Dalseo-gu,0.4864198244337916,0.11885810565827803,Q2
41,44,27140,27230,Dong-gu,Buk-gu,0.505128279219708,0.0005612860649364393,Q2
41,45,27140,27260,Dong-gu,Suseong-gu,2.029867344271791,0.26397023642012307,Q5
41,205,27140,47230,Dong-gu,Yeongcheon-si,1.3002376076211046,0.11356862476762686,Q4
41,208,27140,47290,Dong-gu,Gyeongsan-si,0.49577405182675227,0.14218038710914271,Q2
41,209,27140,47720,Dong-gu,Gunwi-gun,1.2160495610844833,0.04176504725204122,Q4
41,217,27140,47850,Dong-gu,Chilgok-gun,1.7585947498760257,0.10130667243333402,Q5
42,44,27170,27230,Seo-gu,Buk-gu,1.8895539333774307,0.027869932587916146,Q5
42,46,27170,27290,Seo-gu,Dalseo-gu,1.5434475198380013,0.11559679824662172,Q5
42,47,27170,27710,Seo-gu,Dalseong-gun,1.5340932924450423,0.11148243082986031,Q5
43,45,27200,27260,Nam-gu,Suseong-gu,2.7220801713506533,0.17135301835896932,Q5
43,46,27200,27290,Nam-gu,Dalseo-gu,0.8512346927591408,0.004329066337511733,Q3
43,47,27200,27710,Nam-gu,Dalseong-gun,0.8418804653661818,0.23140829541399377,Q3
44,47,27230,27710,Buk-gu,Dalseong-gun,0.3554606409323884,0.13935236341777646,Q2
44,217,27230,47850,Buk-gu,Chilgok-gun,2.2637230290957335,0.10074538636839758,Q5
45,47,27260,27710,Suseong-gu,Dalseong-gun,1.8801997059844715,0.4027613137729631,Q5
45,208,27260,47290,Suseong-gu,Gyeongsan-si,2.5256413960985435,0.12178984931098036,Q5
46,47,27290,27710,Dalseo-gu,Dalseong-gun,0.009354227392959033,0.22707922907648204,Q1
46,215,27290,47830,Dalseo-gu,Goryeong-gun,1.6837609307323635,0.07044839851538587,Q5
47,208,27710,47290,Dalseong-gun,Gyeongsan-si,0.6454416901140719,0.28097146446198273,Q3
47,214,27710,47820,Dalseong-gun,Cheongdo-gun,0.0561253643577459,0.23025894841745487,Q1
47,215,27710,47830,Dalseong-gun,Goryeong-gun,1.6744067033394046,0.2975276275918679,Q5
47,216,27710,47840,Dalseong-gun,Seongju-gun,1.1412157419408226,0.12648609557015433,Q4
47,217,27710,47850,Dalseong-gun,Chilgok-gun,1.9082623881633454,0.24009774978617404,Q5
47,234,27710,48740,Dalseong-gun,Changnyeong-gun,0.3835233231112606,0.1199528140833861,Q2
48,49,28110,28140,Jung-gu,Dong-gu,0.8980058297239275,0.012863980211566428,Q4
48,50,28110,28177,Jung-gu,Michuhol-gu,2.628537897421078,0.027041737660082887,Q5
49,50,28140,28177,Dong-gu,Michuhol-gu,1.7305320676971503,0.039905717871649315,Q5
49,55,28140,28260,Dong-gu,Seo-gu,1.431196791122511,0.11043583560543091,Q5
50,51,28177,28185,Michuhol-gu,Yeonsu-gu,4.050380461150628,0.23948028358250983,Q5
50,52,28177,28200,Michuhol-gu,Namdong-gu,2.132763845594327,0.0111230331934431,Q5
50,55,28177,28260,Michuhol-gu,Seo-gu,3.1617288588196613,0.0705301177337816,Q5
51,52,28185,28200,Yeonsu-gu,Namdong-gu,1.9176166155563013,0.22835725038906673,Q5
52,53,28200,28237,Namdong-gu,Bupyeong-gu,0.7764008736154785,0.023664613421546576,Q3
52,55,28200,28260,Namdong-gu,Seo-gu,1.028965013225334,0.059407084540338495,Q4
52,82,28200,41190,Namdong-gu,Bucheon-si,1.2628206980492718,0.0644677980035544,Q4
52,95,28200,41390,Namdong-gu,Siheung-si,0.08418804653661804,0.07165189543295547,Q1
53,54,28237,28245,Bupyeong-gu,Gyeyang-gu,0.9915481036535031,0.09797441537468554,Q4
53,55,28237,28260,Bupyeong-gu,Seo-gu,0.2525641396098557,0.03574247111879192,Q2
53,82,28237,41190,Bupyeong-gu,Bucheon-si,0.4864198244337933,0.04080318458200782,Q2
54,55,28245,28260,Gyeyang-gu,Seo-gu,1.2441122432633587,0.13371688649347746,Q4
54,82,28245,41190,Gyeyang-gu,Bucheon-si,1.4779679280872964,0.13877759995669336,Q5
54,105,28245,41570,Gyeyang-gu,Gimpo-si,1.8521370238055996,0.2586375471062814,Q5
55,105,28260,41570,Seo-gu,Gimpo-si,0.6080247805422407,0.12492066061280394,Q3
56,57,29110,29140,Dong-gu,Seo-gu,0.028062682178873755,0.1754056775530488,Q1
56,58,29110,29155,Dong-gu,Nam-gu,0.1870845478591524,0.08909438845898787,Q1
56,59,29110,29170,Dong-gu,Buk-gu,1.6653345369377348e-15,0.1391671329049622,Q1
56,187,29110,46790,Dong-gu,Hwasun-gun,0.9634854214746292,0.2175679272362272,Q4
57,58,29140,29155,Seo-gu,Nam-gu,0.21514723003802616,0.08631128909406094,Q1
57,59,29140,29170,Seo-gu,Buk-gu,0.02806268217887209,0.036238544648086624,Q1
57,60,29140,29200,Seo-gu,Gwangsan-gu,0.44900291486196386,0.11136219589804774,Q2
58,60,29155,29200,Nam-gu,Gwangsan-gu,0.66415014489999,0.19767348499210868,Q3
58,180,29155,46170,Nam-gu,Naju-si,0.3835233231112622,0.007292128641503304,Q2
58,187,29155,46790,Nam-gu,Hwasun-gun,1.1505699693337816,0.12847353877723933,Q4
59,60,29170,29200,Buk-gu,Gwangsan-gu,0.47706559704083595,0.14760074054613437,Q2
59,182,29170,46710,Buk-gu,Damyang-gun,0.3928775505042197,0.22271827534585942,Q2
59,187,29170,46790,Buk-gu,Hwasun-gun,0.9634854214746276,0.07840079433126501,Q4
59,195,29170,46880,Buk-gu,Jangseong-gun,0.26191836700280974,0.10992536768362626,Q2
60,180,29200,46170,Gwangsan-gu,Naju-si,0.2806268217887278,0.19038135635060538,Q2
60,193,29200,46860,Gwangsan-gu,Hampyeong-gun,0.2993352765746442,0.016672354569060133,Q2
60,195,29200,46880,Gwangsan-gu,Jangseong-gun,0.2151472300380262,0.25752610822976063,Q1
61,62,30110,30140,Dong-gu,Jung-gu,0.3835233231112605,0.08731468272464848,Q2
61,65,30110,30230,Dong-gu,Daedeok-gu,0.16837609307323442,0.005533444437572754,Q1
61,132,30110,43111,Dong-gu,"Sangdang-gu, Cheongju-si",0.589316325756326,0.047395334914039466,Q3
61,138,30110,43720,Dong-gu,Boeun-gun,0.16837609307323775,0.12770261419844964,Q1
61,139,30110,43730,Dong-gu,Okcheon-gun,0.6173790079351997,0.19491182010789654,Q3
61,155,30110,44710,Dong-gu,Geumsan-gun,0.5893163257563276,0.044319707150238585,Q3
62,63,30140,30170,Jung-gu,Seo-gu,0.11225072871549178,0.12320414128450174,Q1
62,65,30140,30230,Jung-gu,Daedeok-gu,0.5518994161844949,0.09284812716222124,Q3
62,155,30140,44710,Jung-gu,Geumsan-gun,0.20579300264506717,0.0429949755744099,Q1
63,64,30170,30200,Seo-gu,Yuseong-gu,2.366619530418265,0.08309295190206445,Q5
63,65,30170,30230,Seo-gu,Daedeok-gu,0.6641501448999867,0.030356014122280506,Q3
63,152,30170,44230,Seo-gu,Nonsan-si,0.991548103653503,0.07301506421160475,Q4
63,153,30170,44250,Seo-gu,Gyeryong-si,2.1888892099520714,0.24292724459804838,Q5
63,155,30170,44710,Seo-gu,Geumsan-gun,0.09354227392957538,0.08020916571009185,Q1
64,65,30200,30230,Yuseong-gu,Daedeok-gu,3.0307696753182514,0.11344896602434495,Q5
64,71,30200,36110,Yuseong-gu,Sejong-si,0.3648148683253458,0.3098528284123798,Q2
64,133,30200,43112,Yuseong-gu,"Seowon-gu, Cheongju-si",1.6089271115887027,0.17714996272579686,Q5
64,148,30200,44150,Yuseong-gu,Gongju-si,2.03922157166475,0.16701473200843875,Q5
64,153,30200,44250,Yuseong-gu,Gyeryong-si,0.17773032046619353,0.15983429269598393,Q1
65,132,30230,43111,Daedeok-gu,"Sangdang-gu, Cheongju-si",0.7576924188295604,0.05292877935161222,Q3
65,133,30230,43112,Daedeok-gu,"Seowon-gu, Cheongju-si",1.4218425637295486,0.0637009967014519,Q5
66,67,31110,31140,Jung-gu,Nam-gu,0.9915481036535048,0.023114924224946876,Q4
66,69,31110,31200,Jung-gu,Buk-gu,0.6828585996859031,0.08857909047462353,Q3
66,70,31110,31710,Jung-gu,Ulju-gun,0.20579300264506717,0.1665113899141364,Q1
67,69,31140,31200,Nam-gu,Buk-gu,0.30868950396760164,0.11169401469957041,Q2
67,70,31140,31710,Nam-gu,Ulju-gun,0.7857551010084376,0.18962631413908326,Q3
68,69,31170,31200,Dong-gu,Buk-gu,1.066381922797162,0.04856116373237995,Q4
69,70,31200,31710,Buk-gu,Ulju-gun,0.47706559704083595,0.07793229943951285,Q2
69,200,31200,47130,Buk-gu,Gyeongju-si,1.0009023310464586,0.009938523437487135,Q4
70,200,31710,47130,Ulju-gun,Gyeongju-si,0.5238367340056228,0.08787082287699999,Q2
70,214,31710,47820,Ulju-gun,Cheongdo-gun,0.04677113696478685,0.15936899189123377,Q1
70,230,31710,48270,Ulju-gun,Miryang-si,0.09354227392957372,0.04537537817517023,Q1
70,231,31710,48330,Ulju-gun,Yangsan-si,0.8231720105802637,0.28309970606903434,Q3
71,133,36110,43112,Sejong-si,"Seowon-gu, Cheongju-si",1.244112243263357,0.13270286568658296,Q4
71,134,36110,43113,Sejong-si,"Heungdeok-gu, Cheongju-si",2.1234096182013684,0.025939325776027644,Q5
71,146,36110,44131,Sejong-si,"Dongnam-gu, Cheonan-si",3.0214154479252944,0.09001805468687873,Q5
71,148,36110,44150,Sejong-si,Gongju-si,1.6744067033394043,0.14283809640394107,Q5
72,73,41111,41113,"Jangan-gu, Suwon-si","Gwonseon-gu, Suwon-si",1.0102565584394194,0.02810609258413166,Q4
72,74,41111,41115,"Jangan-gu, Suwon-si","Paldal-gu, Suwon-si",0.7389839640436473,0.10788018470555727,Q3
72,75,41111,41117,"Jangan-gu, Suwon-si","Yeongtong-gu, Suwon-si",1.6182813389816604,0.015171275950898178,Q5
72,97,41111,41430,"Jangan-gu, Suwon-si",Uiwang-si,0.5799620983633704,0.17018517234798303,Q3
72,101,41111,41465,"Jangan-gu, Suwon-si","Suji-gu, Yongin-si",2.0111588894858783,0.3485623014692605,Q5
73,74,41113,41115,"Gwonseon-gu, Suwon-si","Paldal-gu, Suwon-si",0.27127259439577206,0.13598627728968893,Q2
73,75,41113,41117,"Gwonseon-gu, Suwon-si","Yeongtong-gu, Suwon-si",2.62853789742108,0.012934816633233481,Q5
73,86,41113,41271,"Gwonseon-gu, Suwon-si","Sangnok-gu, Ansan-si",0.926068511902798,0.07610544961701038,Q4
73,97,41113,41430,"Gwonseon-gu, Suwon-si",Uiwang-si,1.5902186568027896,0.14207907976385137,Q5
73,106,41113,41590,"Gwonseon-gu, Suwon-si",Hwaseong-si,0.7296297366506915,0.022808631589188444,Q3
74,75,41115,41117,"Paldal-gu, Suwon-si","Yeongtong-gu, Suwon-si",2.357265303025308,0.12305146065645545,Q5
75,100,41117,41463,"Yeongtong-gu, Suwon-si","Giheung-gu, Yongin-si",0.13095918350140634,0.22264082700892818,Q1
75,101,41117,41465,"Yeongtong-gu, Suwon-si","Suji-gu, Yongin-si",0.3928775505042177,0.3333910255183623,Q2
75,106,41117,41590,"Yeongtong-gu, Suwon-si",Hwaseong-si,1.8989081607703882,0.009873814955954963,Q5
76,77,41131,41133,"Sujeong-gu, Seongnam-si","Jungwon-gu, Seongnam-si",0.20579300264506895,0.18664984986893707,Q1
76,78,41131,41135,"Sujeong-gu, Seongnam-si","Bundang-gu, Seongnam-si",4.602279877335126,0.3228900237050585,Q5
76,91,41131,41290,"Sujeong-gu, Seongnam-si",Gwacheon-si,5.219658885270327,0.359496204856085,Q5
76,97,41131,41430,"Sujeong-gu, Seongnam-si",Uiwang-si,2.665954806992909,0.18858293574500262,Q5
76,98,41131,41450,"Sujeong-gu, Seongnam-si",Hanam-si,3.030769675318255,0.11591846449495602,Q5
77,78,41133,41135,"Jungwon-gu, Seongnam-si","Bundang-gu, Seongnam-si",4.396486874690057,0.5095398735739955,Q5
77,98,41133,41450,"Jungwon-gu, Seongnam-si",Hanam-si,2.824976672673186,0.3025683143638931,Q5
77,107,41133,41610,"Jungwon-gu, Seongnam-si",Gwangju-si,0.3835233231112589,0.3262316810569761,Q2
78,97,41135,41430,"Bundang-gu, Seongnam-si",Uiwang-si,1.9363250703422166,0.13430708796005586,Q5
78,101,41135,41465,"Bundang-gu, Seongnam-si","Suji-gu, Yongin-si",0.5051282792197087,0.044070041161221596,Q2
78,107,41135,41610,"Bundang-gu, Seongnam-si",Gwangju-si,4.012963551578798,0.18330819251701946,Q5
79,93,41150,41360,Uijeongbu-si,Namyangju-si,0.2712725943957704,0.05189449293072368,Q2
79,108,41150,41630,Uijeongbu-si,Yangju-si,0.11225072871549346,0.05006626834170369,Q1
79,109,41150,41650,Uijeongbu-si,Pocheon-si,0.9634854214746276,0.1380261491118313,Q4
80,81,41171,41173,"Manan-gu, Anyang-si","Dongan-gu, Anyang-si",1.3189460624070177,0.1380191390293719,Q4
80,83,41171,41210,"Manan-gu, Anyang-si",Gwangmyeong-si,0.7951093284013931,0.052545818333042504,Q3
80,86,41171,41271,"Manan-gu, Anyang-si","Sangnok-gu, Ansan-si",1.8053658868408125,0.06437245985548401,Q5
80,95,41171,41390,"Manan-gu, Anyang-si",Siheung-si,1.3002376076211029,0.028840459413486563,Q4
80,96,41171,41410,"Manan-gu, Anyang-si",Gunpo-si,0.43029446007604744,0.1043774156989361,Q2
81,91,41173,41290,"Dongan-gu, Anyang-si",Gwacheon-si,1.9456792977351751,0.18670619960708823,Q5
81,96,41173,41410,"Dongan-gu, Anyang-si",Gunpo-si,0.8886516023309702,0.0336417233304358,Q4
81,97,41173,41430,"Dongan-gu, Anyang-si",Uiwang-si,0.6080247805422424,0.01579293049600583,Q3
82,83,41190,41210,Bucheon-si,Gwangmyeong-si,0.7483381914366063,0.01652126149015487,Q3
82,95,41190,41390,Bucheon-si,Siheung-si,1.3470087445858898,0.007184097429401071,Q4
83,95,41210,41390,Gwangmyeong-si,Siheung-si,2.095346936022496,0.02370535891955594,Q5
84,94,41220,41370,Pyeongtaek-si,Osan-si,0.27127259439576873,0.0400287097433738,Q2
84,99,41220,41461,Pyeongtaek-si,"Cheoin-gu, Yongin-si",0.7576924188295637,0.0383564962517271,Q3
84,104,41220,41550,Pyeongtaek-si,Anseong-si,0.01870845478591643,0.030220102545772676,Q1
84,106,41220,41590,Pyeongtaek-si,Hwaseong-si,0.5238367340056228,0.09771528363578863,Q2
84,147,41220,44133,Pyeongtaek-si,"Seobuk-gu, Cheonan-si",0.7296297366506899,0.0033994504857846053,Q3
84,150,41220,44200,Pyeongtaek-si,Asan-si,0.12160495610844918,0.006336672163181234,Q1
84,154,41220,44270,Pyeongtaek-si,Dangjin-si,0.514482506612667,0.022832755501315027,Q2
85,108,41250,41630,Dongducheon-si,Yangju-si,1.9363250703422192,0.05477404403389219,Q5
85,109,41250,41650,Dongducheon-si,Pocheon-si,0.8605889201520982,0.1333183734196428,Q3
85,111,41250,41800,Dongducheon-si,Yeoncheon-gun,1.075736150190121,0.07071951669489973,Q4
86,87,41271,41273,"Sangnok-gu, Ansan-si","Danwon-gu, Ansan-si",0.2619183670028129,0.043951486353134506,Q2
86,95,41271,41390,"Sangnok-gu, Ansan-si",Siheung-si,0.5051282792197096,0.03553200044199745,Q2
86,96,41271,41410,"Sangnok-gu, Ansan-si",Gunpo-si,2.23566034691686,0.16874987555442011,Q5
86,97,41271,41430,"Sangnok-gu, Ansan-si",Uiwang-si,2.516287168705588,0.21818452938086175,Q5
86,106,41271,41590,"Sangnok-gu, Ansan-si",Hwaseong-si,1.6556982485534897,0.053296818027821935,Q5
87,95,41273,41390,"Danwon-gu, Ansan-si",Siheung-si,0.2432099122168967,0.008419485911137059,Q2
87,106,41273,41590,"Danwon-gu, Ansan-si",Hwaseong-si,1.3937798815506768,0.00934533167468743,Q5
88,89,41281,41285,"Deogyang-gu, Goyang-si","Ilsandong-gu, Goyang-si",1.8427827964126422,0.05677794568840522,Q5
88,102,41281,41480,"Deogyang-gu, Goyang-si",Paju-si,0.09354227392957704,0.10213886767224789,Q1
88,108,41281,41630,"Deogyang-gu, Goyang-si",Yangju-si,0.09354227392957704,0.0005453578842216089,Q1
89,90,41285,41287,"Ilsandong-gu, Goyang-si","Ilsanseo-gu, Goyang-si",0.12160495610844935,0.12900440013843717,Q1
89,102,41285,41480,"Ilsandong-gu, Goyang-si",Paju-si,1.7492405224830652,0.1589168133606531,Q5
90,102,41287,41480,"Ilsanseo-gu, Goyang-si",Paju-si,1.6276355663746158,0.2879212134990903,Q5
90,105,41287,41570,"Ilsanseo-gu, Goyang-si",Gimpo-si,0.40223177789717524,0.11499612117451363,Q2
91,97,41290,41430,Gwacheon-si,Uiwang-si,2.5537040782774176,0.1709132691110824,Q5
92,93,41310,41360,Guri-si,Namyangju-si,1.524739065052085,0.05380444842770782,Q5
93,98,41360,41450,Namyangju-si,Hanam-si,1.7211778403041946,0.06681556591616111,Q5
93,107,41360,41610,Namyangju-si,Gwangju-si,0.7202755092577324,0.09047893260924411,Q3
93,109,41360,41650,Namyangju-si,Pocheon-si,1.234758015870398,0.189920642042555,Q4
93,112,41360,41820,Namyangju-si,Gapyeong-gun,0.12160495610844746,0.056912383384120524,Q1
93,113,41360,41830,Namyangju-si,Yangpyeong-gun,0.4302944600760491,0.07529355045801811,Q2
94,106,41370,41590,Osan-si,Hwaseong-si,0.7951093284013915,0.05768657389241483,Q3
96,97,41410,41430,Gunpo-si,Uiwang-si,0.2806268217887278,0.04943465382644163,Q2
97,101,41430,41465,Uiwang-si,"Suji-gu, Yongin-si",1.4311967911225079,0.17837712912127746,Q5
98,107,41450,41610,Hanam-si,Gwangju-si,2.441453349561927,0.023663366693083,Q5
99,100,41461,41463,"Cheoin-gu, Yongin-si","Giheung-gu, Yongin-si",3.311396497106981,0.36858642185239887,Q5
99,101,41461,41465,"Cheoin-gu, Yongin-si","Suji-gu, Yongin-si",3.5733148641097925,0.479336620361833,Q5
99,103,41461,41500,"Cheoin-gu, Yongin-si",Icheon-si,0.12160495610844912,0.07132514078485475,Q1
99,104,41461,41550,"Cheoin-gu, Yongin-si",Anseong-si,0.7389839640436473,0.06857659879749978,Q3
99,106,41461,41590,"Cheoin-gu, Yongin-si",Hwaseong-si,1.2815291528351866,0.13607177988751573,Q4
99,107,41461,41610,"Cheoin-gu, Yongin-si",Gwangju-si,0.06547959175070339,0.25195838668359194,Q1
100,101,41463,41465,"Giheung-gu, Yongin-si","Suji-gu, Yongin-si",0.26191836700281135,0.11075019850943413,Q2
100,106,41463,41590,"Giheung-gu, Yongin-si",Hwaseong-si,2.0298673442717945,0.23251464196488314,Q5
101,107,41465,41610,"Suji-gu, Yongin-si",Gwangju-si,3.507835272359089,0.22737823367824106,Q5
102,108,41480,41630,Paju-si,Yangju-si,0.0,0.10159350978802628,Q1
102,111,41480,41800,Paju-si,Yeoncheon-gun,0.8605889201520982,0.023900050940765638,Q3
103,104,41500,41550,Icheon-si,Anseong-si,0.8605889201520964,0.002748541987354969,Q3
103,107,41500,41610,Icheon-si,Gwangju-si,0.18708454785915252,0.1806332458987372,Q1
103,110,41500,41670,Icheon-si,Yeoju-si,1.131861514547867,0.003108391764548024,Q4
103,144,41500,43770,Icheon-si,Eumseong-gun,0.5238367340056211,0.10442286307437865,Q2
104,142,41550,43750,Anseong-si,Jincheon-gun,1.3563629719788455,0.005829927081342667,Q4
104,144,41550,43770,Anseong-si,Eumseong-gun,1.3844256541577176,0.10167432108702368,Q5
104,147,41550,44133,Anseong-si,"Seobuk-gu, Cheonan-si",0.7109212818647734,0.02682065205998807,Q3
107,110,41610,41670,Gwangju-si,Yeoju-si,0.9447769666887145,0.17752485413418917,Q4
107,113,41610,41830,Gwangju-si,Yangpyeong-gun,1.1505699693337816,0.16577248306726222,Q4
108,109,41630,41650,Yangju-si,Pocheon-si,1.075736150190121,0.188092417453535,Q4
108,111,41630,41800,Yangju-si,Yeoncheon-gun,0.8605889201520982,0.12549356072879192,Q3
109,111,41650,41800,Pocheon-si,Yeoncheon-gun,0.21514723003802283,0.06259885672474308,Q1
109,112,41650,41820,Pocheon-si,Gapyeong-gun,1.1131530597619506,0.13300825865843446,Q4
109,126,41650,42780,Pocheon-si,Cheorwon-gun,1.2254037884774407,0.1475815797342328,Q4
109,127,41650,42790,Pocheon-si,Hwacheon-gun,1.7118236129112339,0.2363967651903902,Q5
110,113,41670,41830,Yeoju-si,Yangpyeong-gun,0.20579300264506717,0.011752371066926948,Q1
110,115,41670,42130,Yeoju-si,Wonju-si,1.159924196726739,0.07509270083478015,Q4
110,136,41670,43130,Yeoju-si,Chungju-si,1.3002376076211013,0.0016074679008530879,Q4
110,144,41670,43770,Yeoju-si,Eumseong-gun,1.6556982485534881,0.10753125483892667,Q5
111,126,41800,42780,Yeoncheon-gun,Cheorwon-gun,1.0102565584394179,0.08498272300948972,Q4
112,113,41820,41830,Gapyeong-gun,Yangpyeong-gun,0.5518994161844966,0.018381167073897586,Q3
112,114,41820,42110,Gapyeong-gun,Chuncheon-si,0.16837609307323598,0.08740156561238877,Q1
112,121,41820,42720,Gapyeong-gun,Hongcheon-gun,0.3461064135394311,0.035159165101636525,Q2
112,127,41820,42790,Gapyeong-gun,Hwacheon-gun,0.5986705531492834,0.10338850653195575,Q3
113,115,41830,42130,Yangpyeong-gun,Wonju-si,1.3657171993718062,0.0868450719017071,Q4
113,121,41830,42720,Yangpyeong-gun,Hongcheon-gun,0.8980058297239277,0.01677799802773894,Q4
113,122,41830,42730,Yangpyeong-gun,Hoengseong-gun,0.9073600571168849,0.06457453424481674,Q4
114,121,42110,42720,Chuncheon-si,Hongcheon-gun,0.514482506612667,0.12256073071402529,Q2
114,127,42110,42790,Chuncheon-si,Hwacheon-gun,0.43029446007604744,0.015986940919566983,Q2
114,128,42110,42800,Chuncheon-si,Yanggu-gun,0.5238367340056228,0.2719504725836215,Q3
114,129,42110,42810,Chuncheon-si,Inje-gun,1.028965013225334,0.17549070635465291,Q4
115,122,42130,42730,Wonju-si,Hoengseong-gun,0.4583571422549212,0.022270537656890355,Q2
115,123,42130,42750,Wonju-si,Yeongwol-gun,0.27127259439577034,0.018012847130933096,Q2
115,136,42130,43130,Wonju-si,Chungju-si,0.14031341089436222,0.07348523293392706,Q1
115,137,42130,43150,Wonju-si,Jecheon-si,0.12160495610844757,0.1759067900358886,Q1
116,117,42150,42170,Gangneung-si,Donghae-si,0.06547959175070325,0.04158622241239751,Q1
116,121,42150,42720,Gangneung-si,Hongcheon-gun,0.5425451887915409,0.034556646954514214,Q3
116,124,42150,42760,Gangneung-si,Pyeongchang-gun,0.5051282792197097,0.01803273018497631,Q2
116,125,42150,42770,Gangneung-si,Jeongseon-gun,1.477967928087298,0.11646075919828647,Q5
116,131,42150,42830,Gangneung-si,Yangyang-gun,0.42094023268309166,0.1094447916264274,Q2
117,120,42170,42230,Donghae-si,Samcheok-si,0.7764008736154785,0.0738929204560872,Q3
117,125,42170,42770,Donghae-si,Jeongseon-gun,1.543447519838001,0.07487453678588896,Q5
118,120,42190,42230,Taebaek-si,Samcheok-si,0.7764008736154802,0.1833539311042216,Q3
118,123,42190,42750,Taebaek-si,Yeongwol-gun,0.7483381914366063,0.09752395901014488,Q3
118,125,42190,42770,Taebaek-si,Jeongseon-gun,0.009354227392957437,0.03458647386224545,Q1
118,219,42190,47920,Taebaek-si,Bonghwa-gun,0.3648148683253458,0.02567058338178363,Q2
119,129,42210,42810,Sokcho-si,Inje-gun,0.28998104918168677,0.035605987738347444,Q2
119,130,42210,42820,Sokcho-si,Goseong-gun,0.17773032046619175,0.027086599443595816,Q1
119,131,42210,42830,Sokcho-si,Yangyang-gun,0.3461064135394295,0.05546547520196654,Q2
120,125,42230,42770,Samcheok-si,Jeongseon-gun,0.7670466462225227,0.14876745724197615,Q3
120,219,42230,47920,Samcheok-si,Bonghwa-gun,0.41158600529013434,0.15768334772243797,Q2
120,220,42230,47930,Samcheok-si,Uljin-gun,2.0111588894858765,0.04393176823731881,Q5
121,122,42720,42730,Hongcheon-gun,Hoengseong-gun,0.009354227392957326,0.0477965362170778,Q1
121,124,42720,42760,Hongcheon-gun,Pyeongchang-gun,0.03741690957183119,0.016523916769537905,Q1
121,129,42720,42810,Hongcheon-gun,Inje-gun,0.514482506612667,0.052929975640627625,Q2
121,131,42720,42830,Hongcheon-gun,Yangyang-gun,0.12160495610844924,0.1440014385809416,Q1
122,123,42730,42750,Hoengseong-gun,Yeongwol-gun,0.18708454785915085,0.04028338478782345,Q1
122,124,42730,42760,Hoengseong-gun,Pyeongchang-gun,0.04677113696478852,0.031272619447539896,Q1
123,124,42750,42760,Yeongwol-gun,Pyeongchang-gun,0.23385568482393937,0.07155600423536335,Q2
123,125,42750,42770,Yeongwol-gun,Jeongseon-gun,0.7389839640436489,0.06293748514789943,Q3
123,137,42750,43150,Yeongwol-gun,Jecheon-si,0.14966763828732277,0.1939196371668217,Q1
123,145,42750,43800,Yeongwol-gun,Danyang-gun,0.19643877525210796,0.145066738331872,Q1
123,204,42750,47210,Yeongwol-gun,Yeongju-si,0.7670466462225212,0.12651012395754702,Q3
123,219,42750,47920,Yeongwol-gun,Bonghwa-gun,0.3835233231112605,0.07185337562836125,Q2
124,125,42760,42770,Pyeongchang-gun,Jeongseon-gun,0.9728396488675882,0.13449348938326278,Q4
126,127,42780,42790,Cheorwon-gun,Hwacheon-gun,0.4864198244337933,0.08881518545615741,Q2
127,128,42790,42800,Hwacheon-gun,Yanggu-gun,0.0935422739295754,0.28793741350318847,Q1
128,129,42800,42810,Yanggu-gun,Inje-gun,1.552801747230957,0.09645976622896857,Q5
129,130,42810,42820,Inje-gun,Goseong-gun,0.4677113696478785,0.008519388294751629,Q2
129,131,42810,42830,Inje-gun,Yangyang-gun,0.6360874627211163,0.09107146294031399,Q3
132,133,43111,43112,"Sangdang-gu, Cheongju-si","Seowon-gu, Cheongju-si",0.6641501448999884,0.010772217349839686,Q3
132,135,43111,43114,"Sangdang-gu, Cheongju-si","Cheongwon-gu, Cheongju-si",0.4770655970408343,0.13162068934620663,Q2
132,138,43111,43720,"Sangdang-gu, Cheongju-si",Boeun-gun,0.7576924188295637,0.08030727928441017,Q3
132,141,43111,43745,"Sangdang-gu, Cheongju-si",Jeungpyeong-gun,1.066381922797162,0.24588608155057567,Q4
132,143,43111,43760,"Sangdang-gu, Cheongju-si",Goesan-gun,0.084188046536618,0.1113610423044813,Q1
133,134,43112,43113,"Seowon-gu, Cheongju-si","Heungdeok-gu, Cheongju-si",0.8792973749380112,0.10676353991055532,Q4
133,135,43112,43114,"Seowon-gu, Cheongju-si","Cheongwon-gu, Cheongju-si",1.1412157419408226,0.12084847199636695,Q4
134,135,43113,43114,"Heungdeok-gu, Cheongju-si","Cheongwon-gu, Cheongju-si",0.26191836700281135,0.01408493208581163,Q2
134,146,43113,44131,"Heungdeok-gu, Cheongju-si","Dongnam-gu, Cheonan-si",0.898005829723926,0.06407872891085109,Q4
135,141,43114,43745,"Cheongwon-gu, Cheongju-si",Jeungpyeong-gun,0.5893163257563279,0.11426539220436904,Q3
135,142,43114,43750,"Cheongwon-gu, Cheongju-si",Jincheon-gun,1.2815291528351866,0.11849641832603908,Q4
135,146,43114,44131,"Cheongwon-gu, Cheongju-si","Dongnam-gu, Cheonan-si",0.6360874627211146,0.07816366099666272,Q3
136,137,43130,43150,Chungju-si,Jecheon-si,0.2619183670028098,0.10242155710196155,Q2
136,143,43130,43760,Chungju-si,Goesan-gun,1.347008744585888,0.10831616421670631,Q4
136,144,43130,43770,Chungju-si,Eumseong-gun,0.35546064093238683,0.10592378693807358,Q2
136,207,43130,47280,Chungju-si,Mungyeong-si,0.6828585996859031,0.19295764419028494,Q3
137,145,43150,43800,Jecheon-si,Danyang-gun,0.04677113696478519,0.3389863754986937,Q1
137,207,43150,47280,Jecheon-si,Mungyeong-si,0.42094023268309333,0.2953792012922465,Q2
138,139,43720,43730,Boeun-gun,Okcheon-gun,0.7857551010084375,0.0672092059094469,Q3
138,143,43720,43760,Boeun-gun,Goesan-gun,0.6735043722929458,0.031053763020071123,Q3
138,206,43720,47250,Boeun-gun,Sangju-si,0.66415014489999,0.09627736151403443,Q3
139,140,43730,43740,Okcheon-gun,Yeongdong-gun,0.4115860052901327,0.05606603728353754,Q2
139,155,43730,44710,Okcheon-gun,Geumsan-gun,0.028062682178872117,0.15059211295765795,Q1
139,206,43730,47250,Okcheon-gun,Sangju-si,0.1216049561084475,0.02906815560458753,Q1
140,155,43740,44710,Yeongdong-gun,Geumsan-gun,0.38352332311126053,0.09452607567412041,Q2
140,171,43740,45730,Yeongdong-gun,Muju-gun,1.5340932924450423,0.026571533678006354,Q5
140,201,43740,47150,Yeongdong-gun,Gimcheon-si,0.15902186568027865,0.0037175633353090376,Q1
140,206,43740,47250,Yeongdong-gun,Sangju-si,0.28998104918168516,0.08513419288812507,Q2
141,142,43745,43750,Jeungpyeong-gun,Jincheon-gun,0.6922128270788588,0.23276181053040812,Q3
141,143,43745,43760,Jeungpyeong-gun,Goesan-gun,0.9821938762605441,0.13452503924609438,Q4
141,144,43745,43770,Jeungpyeong-gun,Eumseong-gun,0.7202755092577309,0.1369174165247271,Q3
142,144,43750,43770,Jincheon-gun,Eumseong-gun,0.02806268217887209,0.09584439400568101,Q1
142,146,43750,44131,Jincheon-gun,"Dongnam-gu, Cheonan-si",0.645441690114072,0.040332757329376356,Q3
142,147,43750,44133,Jincheon-gun,"Seobuk-gu, Cheonan-si",0.645441690114072,0.020990724978645403,Q3
143,144,43760,43770,Goesan-gun,Eumseong-gun,1.7024693855182749,0.002392377278632729,Q5
143,206,43760,47250,Goesan-gun,Sangju-si,0.009354227392955716,0.06522359849396331,Q1
143,207,43760,47280,Goesan-gun,Mungyeong-si,0.664150144899985,0.08464147997357863,Q3
145,204,43800,47210,Danyang-gun,Yeongju-si,0.9634854214746291,0.271576862289419,Q4
145,207,43800,47280,Danyang-gun,Mungyeong-si,0.4677113696478785,0.04360717420644722,Q2
145,218,43800,47900,Danyang-gun,Yecheon-gun,1.870845478591514,0.03160338584982636,Q5
146,147,44131,44133,"Dongnam-gu, Cheonan-si","Seobuk-gu, Cheonan-si",0.0,0.019342032350730953,Q1
146,148,44131,44150,"Dongnam-gu, Cheonan-si",Gongju-si,1.3470087445858898,0.05282004171706234,Q4
146,150,44131,44200,"Dongnam-gu, Cheonan-si",Asan-si,0.8512346927591391,0.009605909701765114,Q3
147,150,44133,44200,"Seobuk-gu, Cheonan-si",Asan-si,0.8512346927591391,0.00973612264896584,Q3
148,150,44150,44200,Gongju-si,Asan-si,0.49577405182675066,0.043214132015297224,Q2
148,152,44150,44230,Gongju-si,Nonsan-si,1.3189460624070177,0.010906715894769548,Q4
148,153,44150,44250,Gongju-si,Gyeryong-si,1.8614912511985566,0.3268490247044227,Q5
148,156,44150,44760,Gongju-si,Buyeo-gun,0.14966763828732127,0.12287865037397427,Q1
148,158,44150,44790,Gongju-si,Cheongyang-gun,0.40223177789717696,0.1573556990254481,Q2
148,160,44150,44810,Gongju-si,Yesan-gun,0.22450145743098357,0.002209722987022822,Q1
149,156,44180,44760,Boryeong-si,Buyeo-gun,1.1318615145478652,0.24403259628954377,Q4
149,157,44180,44770,Boryeong-si,Seocheon-gun,0.7951093284013933,0.012015495272670762,Q3
149,158,44180,44790,Boryeong-si,Cheongyang-gun,0.8792973749380096,0.2785096449410176,Q4
149,159,44180,44800,Boryeong-si,Hongseong-gun,1.375071426764762,0.07818931255070005,Q5
150,154,44200,44270,Asan-si,Dangjin-si,0.6360874627211163,0.02916942766449626,Q3
150,160,44200,44810,Asan-si,Yesan-gun,0.27127259439576706,0.0410044090282744,Q2
151,154,44210,44270,Seosan-si,Dangjin-si,0.3273979587535163,0.06514745637226493,Q2
151,159,44210,44800,Seosan-si,Hongseong-gun,0.898005829723926,0.09406738538633341,Q4
151,160,44210,44810,Seosan-si,Yesan-gun,0.5799620983633671,0.05331247500848679,Q3
151,161,44210,44825,Seosan-si,Taean-gun,1.6653345369377348e-15,0.0844619672837501,Q1
152,153,44230,44250,Nonsan-si,Gyeryong-si,3.1804373136055744,0.3159423088096531,Q5
152,155,44230,44710,Nonsan-si,Geumsan-gun,1.0850903775830785,0.007194101498487093,Q4
152,156,44230,44760,Nonsan-si,Buyeo-gun,1.1692784241196963,0.11197193447920473,Q4
152,165,44230,45140,Nonsan-si,Iksan-si,1.1973411062985702,0.05339204333846581,Q4
152,169,44230,45710,Nonsan-si,Wanju-gun,1.2160495610844848,0.16296330397646752,Q4
154,160,44270,44810,Dangjin-si,Yesan-gun,0.9073600571168834,0.011834981363778141,Q4
155,169,44710,45710,Geumsan-gun,Wanju-gun,0.13095918350140653,0.17015740547495461,Q1
155,170,44710,45720,Geumsan-gun,Jinan-gun,0.6922128270788604,0.10313460440843691,Q3
155,171,44710,45730,Geumsan-gun,Muju-gun,1.1505699693337816,0.12109760935212677,Q4
156,157,44760,44770,Buyeo-gun,Seocheon-gun,0.33675218614647207,0.25604809156221453,Q2
156,158,44760,44790,Buyeo-gun,Cheongyang-gun,0.2525641396098557,0.03447704865147383,Q2
156,165,44760,45140,Buyeo-gun,Iksan-si,0.028062682178873782,0.058579891140738916,Q1
158,159,44790,44800,Cheongyang-gun,Hongseong-gun,0.4957740518267523,0.20032033239031755,Q2
158,160,44790,44810,Cheongyang-gun,Yesan-gun,0.1777303204661934,0.15956542201247093,Q1
159,160,44800,44810,Hongseong-gun,Yesan-gun,0.31804373136055897,0.04075491037784662,Q2
162,163,45111,45113,"Wansan-gu, Jeonju-si","Deokjin-gu, Jeonju-si",0.0,0.001259085658944059,Q1
162,168,45111,45210,"Wansan-gu, Jeonju-si",Gimje-si,1.103798832368995,0.02112798298705698,Q4
162,169,45111,45710,"Wansan-gu, Jeonju-si",Wanju-gun,0.8512346927591391,0.0834015047028398,Q3
163,165,45113,45140,"Deokjin-gu, Jeonju-si",Iksan-si,0.8699431475450539,0.02491067027621785,Q3
163,168,45113,45210,"Deokjin-gu, Jeonju-si",Gimje-si,1.103798832368995,0.02238706864600104,Q4
163,169,45113,45710,"Deokjin-gu, Jeonju-si",Wanju-gun,0.8512346927591391,0.08466059036178386,Q3
164,165,45130,45140,Gunsan-si,Iksan-si,0.1028965013225344,0.09325227979721706,Q1
164,168,45130,45210,Gunsan-si,Gimje-si,0.33675218614647534,0.14055001871943595,Q2
164,176,45130,45800,Gunsan-si,Buan-gun,0.33675218614647534,0.06516022808636723,Q2
165,168,45140,45210,Iksan-si,Gimje-si,0.23385568482394092,0.04729773892221889,Q2
165,169,45140,45710,Iksan-si,Wanju-gun,0.018708454785914735,0.10957126063800171,Q1
166,168,45180,45210,Jeongeup-si,Gimje-si,0.3180437313605573,0.12704118007741627,Q2
166,169,45180,45710,Jeongeup-si,Wanju-gun,0.570607870970413,0.1893147017931991,Q3
166,173,45180,45750,Jeongeup-si,Imsil-gun,1.1037988323689931,0.005683645762687206,Q4
166,174,45180,45770,Jeongeup-si,Sunchang-gun,0.8792973749380129,0.13957996783655435,Q4
166,175,45180,45790,Jeongeup-si,Gochang-gun,0.4209402326830917,0.1176372677185622,Q2
166,176,45180,45800,Jeongeup-si,Buan-gun,0.3180437313605573,0.05165138944434755,Q2
166,195,45180,46880,Jeongeup-si,Jangseong-gun,0.8605889201520982,0.13992912752448738,Q3
167,172,45190,45740,Namwon-si,Jangsu-gun,0.17773032046619175,0.027416326540077307,Q1
167,173,45190,45750,Namwon-si,Imsil-gun,0.36481486832534576,0.002007548114486113,Q2
167,174,45190,45770,Namwon-si,Sunchang-gun,0.14031341089436555,0.14727116171372767,Q1
167,183,45190,46720,Namwon-si,Gokseong-gun,0.0561253643577459,0.08020478370133333,Q1
167,184,45190,46730,Namwon-si,Gurye-gun,0.3273979587535147,0.13895616679711065,Q2
167,236,45190,48850,Namwon-si,Hadong-gun,0.579962098363372,0.019487172198709324,Q3
167,238,45190,48870,Namwon-si,Hamyang-gun,0.06547959175070162,0.02262835957115783,Q1
168,169,45210,45710,Gimje-si,Wanju-gun,0.2525641396098557,0.06227352171578282,Q2
168,176,45210,45800,Gimje-si,Buan-gun,0.0,0.07538979063306872,Q1
169,170,45710,45720,Wanju-gun,Jinan-gun,0.5612536435774539,0.27329200988339153,Q3
169,173,45710,45750,Wanju-gun,Imsil-gun,0.5331909613985801,0.18363105603051189,Q3
170,171,45720,45730,Jinan-gun,Muju-gun,0.4583571422549213,0.017963004943689853,Q2
170,172,45720,45740,Jinan-gun,Jangsu-gun,0.5706078709704112,0.06425217542728845,Q3
170,173,45720,45750,Jinan-gun,Imsil-gun,0.028062682178873755,0.08966095385287964,Q1
171,172,45730,45740,Muju-gun,Jangsu-gun,1.0289650132253325,0.0822151803709783,Q4
171,201,45730,47150,Muju-gun,Gimcheon-si,1.3750714267647637,0.03028909701331539,Q5
171,239,45730,48880,Muju-gun,Geochang-gun,1.0757361501901228,0.19749426080368515,Q4
172,173,45740,45750,Jangsu-gun,Imsil-gun,0.5425451887915376,0.025408778425591194,Q3
172,238,45740,48870,Jangsu-gun,Hamyang-gun,0.11225072871549013,0.004787966968919477,Q1
172,239,45740,48880,Jangsu-gun,Geochang-gun,0.04677113696479018,0.11527908043270685,Q1
173,174,45750,45770,Imsil-gun,Sunchang-gun,0.2245014574309802,0.14526361359924156,Q1
174,182,45770,46710,Sunchang-gun,Damyang-gun,0.6360874627211146,0.3923020030232749,Q3
174,183,45770,46720,Sunchang-gun,Gokseong-gun,0.08418804653661965,0.06706637801239435,Q1
174,195,45770,46880,Sunchang-gun,Jangseong-gun,0.018708454785914763,0.27950909536104174,Q1
175,176,45790,45800,Gochang-gun,Buan-gun,0.1028965013225344,0.16928865716290975,Q1
175,194,45790,46870,Gochang-gun,Yeonggwang-gun,0.5425451887915408,0.015368779186216486,Q3
175,195,45790,46880,Gochang-gun,Jangseong-gun,0.4396486874690064,0.2575663952430496,Q2
177,191,46110,46830,Mokpo-si,Yeongam-gun,0.06547959175070323,0.030564131523457938,Q1
177,192,46110,46840,Mokpo-si,Muan-gun,1.3470087445858898,0.04811269723547262,Q4
178,179,46130,46150,Yeosu-si,Suncheon-si,0.8605889201520964,0.1181937800534385,Q3
178,181,46130,46230,Yeosu-si,Gwangyang-si,0.4957740518267507,0.004832837080678054,Q2
179,181,46150,46230,Suncheon-si,Gwangyang-si,0.3648148683253458,0.12302661713411656,Q2
179,183,46150,46720,Suncheon-si,Gokseong-gun,0.261918367002813,0.2463385051219733,Q2
179,184,46150,46730,Suncheon-si,Gurye-gun,0.6454416901140736,0.3050898882177506,Q3
179,186,46150,46780,Suncheon-si,Boseong-gun,1.1037988323689931,0.019135101222395257,Q4
179,187,46150,46790,Suncheon-si,Hwasun-gun,0.898005829723926,0.2222219497882172,Q4
180,187,46170,46790,Naju-si,Hwasun-gun,0.7670466462225194,0.12118141013573602,Q3
180,191,46170,46830,Naju-si,Yeongam-gun,0.7951093284013933,0.1512534018586731,Q3
180,192,46170,46840,Naju-si,Muan-gun,0.48641982443379334,0.1337048361466584,Q2
180,193,46170,46860,Naju-si,Hampyeong-gun,0.01870845478591643,0.17370900178154525,Q1
181,184,46230,46730,Gwangyang-si,Gurye-gun,0.2806268217887278,0.18206327108363407,Q2
181,236,46230,48850,Gwangyang-si,Hadong-gun,0.6267332353281589,0.06259427648523275,Q3
182,183,46710,46720,Damyang-gun,Gokseong-gun,0.7202755092577343,0.32523562501088055,Q3
182,187,46710,46790,Damyang-gun,Hwasun-gun,1.3563629719788473,0.30111906967712443,Q4
182,195,46710,46880,Damyang-gun,Jangseong-gun,0.6547959175070295,0.11279290766223316,Q3
183,184,46720,46730,Gokseong-gun,Gurye-gun,0.3835233231112606,0.05875138309577732,Q2
183,187,46720,46790,Gokseong-gun,Hwasun-gun,0.6360874627211129,0.024116555333756118,Q3
184,236,46730,48850,Gurye-gun,Hadong-gun,0.9073600571168867,0.11946899459840132,Q4
185,186,46770,46780,Goheung-gun,Boseong-gun,2.8998104918168455,0.14402427413118613,Q5
186,187,46780,46790,Boseong-gun,Hwasun-gun,0.20579300264506717,0.24135705101061244,Q1
186,188,46780,46800,Boseong-gun,Jangheung-gun,1.1131530597619506,0.13204685706909025,Q4
187,188,46790,46800,Hwasun-gun,Jangheung-gun,0.9073600571168834,0.1093101939415222,Q4
187,191,46790,46830,Hwasun-gun,Yeongam-gun,0.02806268217887381,0.030071991722937064,Q1
188,189,46800,46810,Jangheung-gun,Gangjin-gun,0.1028965013225327,0.0861330569824581,Q1
188,191,46800,46830,Jangheung-gun,Yeongam-gun,0.9354227392957573,0.13938218566445926,Q4
189,190,46810,46820,Gangjin-gun,Haenam-gun,1.2721749254422292,0.1228554223712992,Q4
189,191,46810,46830,Gangjin-gun,Yeongam-gun,1.03831924061829,0.05324912868200116,Q4
190,191,46820,46830,Haenam-gun,Yeongam-gun,0.2338556848239392,0.06960629368929805,Q1
191,192,46830,46840,Yeongam-gun,Muan-gun,1.2815291528351866,0.017548565712014685,Q4
192,193,46840,46860,Muan-gun,Hampyeong-gun,0.4677113696478769,0.040004165634886846,Q2
192,197,46840,46910,Muan-gun,Sinan-gun,2.0205131168788357,0.12745693565281435,Q5
193,194,46860,46870,Hampyeong-gun,Yeonggwang-gun,1.0663819227971654,0.03208142076856557,Q4
193,195,46860,46880,Hampyeong-gun,Jangseong-gun,0.08418804653661804,0.2408537536607005,Q1
194,195,46870,46880,Yeonggwang-gun,Jangseong-gun,0.9821938762605473,0.27293517442926607,Q4
196,197,46900,46910,Jindo-gun,Sinan-gun,0.4022317778971769,0.2442277270397657,Q2
198,199,47111,47113,"Nam-gu, Pohang-si","Buk-gu, Pohang-si",0.19643877525211148,0.043259837530039036,Q1
198,200,47111,47130,"Nam-gu, Pohang-si",Gyeongju-si,0.08418804653661971,0.024554371219317694,Q1
199,200,47113,47130,"Buk-gu, Pohang-si",Gyeongju-si,0.11225072871549177,0.06781420874935673,Q1
199,205,47113,47230,"Buk-gu, Pohang-si",Yeongcheon-si,1.141215741940826,0.20135253556736465,Q4
199,211,47113,47750,"Buk-gu, Pohang-si",Cheongsong-gun,0.3741690957183015,0.20191741388605067,Q2
199,213,47113,47770,"Buk-gu, Pohang-si",Yeongdeok-gun,1.3002376076211013,0.04252049758189802,Q4
200,205,47130,47230,Gyeongju-si,Yeongcheon-si,1.0289650132253343,0.13353832681800792,Q4
200,214,47130,47820,Gyeongju-si,Cheongdo-gun,0.47706559704083595,0.07149816901423378,Q2
201,203,47150,47190,Gimcheon-si,Gumi-si,1.0009023310464604,0.02507230909800917,Q4
201,206,47150,47250,Gimcheon-si,Sangju-si,0.1309591835014065,0.08885175622343411,Q1
201,216,47150,47840,Gimcheon-si,Seongju-gun,0.8138177831873079,0.04664350061547484,Q3
201,217,47150,47850,Gimcheon-si,Chilgok-gun,1.5808644294098306,0.06696815360054487,Q5
201,239,47150,48880,Gimcheon-si,Geochang-gun,0.2993352765746409,0.16720516379036976,Q2
202,204,47170,47210,Andong-si,Yeongju-si,0.5706078709704113,0.09528408563085122,Q3
202,210,47170,47730,Andong-si,Uiseong-gun,1.9456792977351767,0.0970603132667387,Q5
202,211,47170,47750,Andong-si,Cheongsong-gun,0.14966763828732127,0.17288798666817318,Q1
202,212,47170,47760,Andong-si,Yeongyang-gun,0.09354227392957537,0.1193832740093459,Q1
202,218,47170,47900,Andong-si,Yecheon-gun,0.33675218614647373,0.14468939080874144,Q2
202,219,47170,47920,Andong-si,Bonghwa-gun,1.7211778403041929,0.10307941395505704,Q5
203,206,47190,47250,Gumi-si,Sangju-si,0.8699431475450539,0.11392406532144328,Q3
203,209,47190,47720,Gumi-si,Gunwi-gun,2.039221571664749,0.017645780678757106,Q5
203,210,47190,47730,Gumi-si,Uiseong-gun,2.4040364399900978,0.09771665761567672,Q5
203,217,47190,47850,Gumi-si,Chilgok-gun,2.581766760456291,0.041895844502535695,Q5
204,218,47210,47900,Yeongju-si,Yecheon-gun,0.907360057116885,0.23997347643959266,Q4
204,219,47210,47920,Yeongju-si,Bonghwa-gun,1.1505699693337816,0.19836349958590827,Q4
205,208,47230,47290,Yeongcheon-si,Gyeongsan-si,0.8044635557943524,0.25574901187676957,Q3
205,209,47230,47720,Yeongcheon-si,Gunwi-gun,0.08418804653662137,0.15533367201966808,Q1
205,211,47230,47750,Yeongcheon-si,Cheongsong-gun,1.5153848376591275,0.0005648783186860129,Q5
205,214,47230,47820,Yeongcheon-si,Cheongdo-gun,1.5060306102661702,0.2050364958322417,Q5
206,207,47250,47280,Sangju-si,Mungyeong-si,0.6547959175070293,0.019417881479615318,Q3
206,210,47250,47730,Sangju-si,Uiseong-gun,1.5340932924450439,0.016207407705766563,Q5
206,218,47250,47900,Sangju-si,Yecheon-gun,0.7483381914366064,0.03142166983623618,Q3
207,218,47280,47900,Mungyeong-si,Yecheon-gun,1.4031341089436355,0.01200378835662086,Q5
208,214,47290,47820,Gyeongsan-si,Cheongdo-gun,0.7015670544718178,0.05071251604452787,Q3
209,210,47720,47730,Gunwi-gun,Uiseong-gun,0.36481486832534915,0.08007087693691961,Q2
209,211,47720,47750,Gunwi-gun,Cheongsong-gun,1.431196791122506,0.1558985503383541,Q5
209,217,47720,47850,Gunwi-gun,Chilgok-gun,0.5425451887915425,0.0595416251812928,Q3
210,211,47730,47750,Uiseong-gun,Cheongsong-gun,1.7960116594478552,0.07582767340143448,Q5
210,218,47730,47900,Uiseong-gun,Yecheon-gun,2.28243148388165,0.04762907754200274,Q5
211,212,47750,47760,Cheongsong-gun,Yeongyang-gun,0.0561253643577459,0.05350471265882728,Q1
211,213,47750,47770,Cheongsong-gun,Yeongdeok-gun,0.9260685119027998,0.2444379114679487,Q4
212,213,47760,47770,Yeongyang-gun,Yeongdeok-gun,0.8699431475450539,0.1909331988091214,Q4
212,219,47760,47920,Yeongyang-gun,Bonghwa-gun,1.6276355663746176,0.016303860054288855,Q5
212,220,47760,47930,Yeongyang-gun,Uljin-gun,0.7951093284013933,0.130055439539408,Q3
213,220,47770,47930,Yeongdeok-gun,Uljin-gun,0.07483381914366061,0.060877759269713394,Q1
214,230,47820,48270,Cheongdo-gun,Miryang-si,0.046771136964786866,0.11399361371606354,Q1
214,234,47820,48740,Cheongdo-gun,Changnyeong-gun,0.4396486874690064,0.11030613433406877,Q2
215,216,47830,47840,Goryeong-gun,Seongju-gun,0.5331909613985819,0.17104153202171357,Q3
215,234,47830,48740,Goryeong-gun,Changnyeong-gun,1.290883380228144,0.1775748135084818,Q4
215,240,47830,48890,Goryeong-gun,Hapcheon-gun,1.1037988323689931,0.08604057020090128,Q4
216,217,47840,47850,Seongju-gun,Chilgok-gun,0.7670466462225227,0.11361165421601971,Q3
216,239,47840,48880,Seongju-gun,Geochang-gun,1.1131530597619488,0.2138486644058446,Q4
216,240,47840,48890,Seongju-gun,Hapcheon-gun,0.5706078709704113,0.08500096182081229,Q3
219,220,47920,47930,Bonghwa-gun,Uljin-gun,2.422744894776011,0.11375157948511916,Q5
221,222,48121,48123,"Uichang-gu, Changwon-si","Seongsan-gu, Changwon-si",0.0,0.14985609095276153,Q1
221,224,48121,48127,"Uichang-gu, Changwon-si","Masanhoewon-gu, Changwon-si",0.0,0.09106626147135088,Q1
221,229,48121,48250,"Uichang-gu, Changwon-si",Gimhae-si,0.402231777897177,0.01076649888429504,Q2
221,230,48121,48270,"Uichang-gu, Changwon-si",Miryang-si,0.4957740518267507,0.14584267565043607,Q2
221,233,48121,48730,"Uichang-gu, Changwon-si",Haman-gun,0.5331909613985835,0.15804027796748343,Q3
221,234,48121,48740,"Uichang-gu, Changwon-si",Changnyeong-gun,0.8886516023309703,0.1421551962684413,Q4
222,225,48123,48129,"Seongsan-gu, Changwon-si","Jinhae-gu, Changwon-si",0.0,0.14513643641244123,Q1
222,229,48123,48250,"Seongsan-gu, Changwon-si",Gimhae-si,0.402231777897177,0.16062258983705657,Q2
223,224,48125,48127,"Masanhappo-gu, Changwon-si","Masanhoewon-gu, Changwon-si",0.0,0.0022608136774753262,Q1
223,226,48125,48170,"Masanhappo-gu, Changwon-si",Jinju-si,1.0383192406182915,0.042339164223646364,Q4
223,233,48125,48730,"Masanhappo-gu, Changwon-si",Haman-gun,0.5331909613985835,0.06923483017360788,Q3
223,235,48125,48820,"Masanhappo-gu, Changwon-si",Goseong-gun,1.3937798815506783,0.12886584606659124,Q5
224,233,48127,48730,"Masanhoewon-gu, Changwon-si",Haman-gun,0.5331909613985835,0.06697401649613255,Q3
225,229,48129,48250,"Jinhae-gu, Changwon-si",Gimhae-si,0.402231777897177,0.015486153424615345,Q2
226,228,48170,48240,Jinju-si,Sacheon-si,1.3189460624070195,0.1348163076574993,Q4
226,232,48170,48720,Jinju-si,Uiryeong-gun,1.646344021160534,0.05366368255899534,Q5
226,233,48170,48730,Jinju-si,Haman-gun,1.5715102020168752,0.11157399439725424,Q5
226,235,48170,48820,Jinju-si,Goseong-gun,2.43209912216897,0.1712050102902376,Q5
226,236,48170,48850,Jinju-si,Hadong-gun,0.7670466462225212,0.01734310710306186,Q3
226,237,48170,48860,Jinju-si,Sancheong-gun,0.11225072871549191,0.08275624498507206,Q1
227,235,48220,48820,Tongyeong-si,Goseong-gun,0.42094023268309166,0.029839811380642622,Q2
228,235,48240,48820,Sacheon-si,Goseong-gun,1.1131530597619506,0.0363887026327383,Q4
228,236,48240,48850,Sacheon-si,Hadong-gun,0.5518994161844983,0.15215941476056116,Q3
229,230,48250,48270,Gimhae-si,Miryang-si,0.09354227392957372,0.13507617676614103,Q1
229,231,48250,48330,Gimhae-si,Yangsan-si,0.8231720105802637,0.10264815112772308,Q3
230,231,48270,48330,Miryang-si,Yangsan-si,0.72962973665069,0.2377243278938641,Q3
230,234,48270,48740,Miryang-si,Changnyeong-gun,0.3928775505042196,0.0036874793819947627,Q2
232,233,48720,48730,Uiryeong-gun,Haman-gun,0.07483381914365897,0.0579103118382589,Q1
232,237,48720,48860,Uiryeong-gun,Sancheong-gun,1.5340932924450421,0.1364199275440674,Q5
232,240,48720,48890,Uiryeong-gun,Hapcheon-gun,0.4677113696478785,0.04950901316836376,Q2
233,234,48730,48740,Haman-gun,Changnyeong-gun,0.3554606409323868,0.015885081699042125,Q2
234,240,48740,48890,Changnyeong-gun,Hapcheon-gun,0.18708454785915074,0.09153424330758053,Q1
236,237,48850,48860,Hadong-gun,Sancheong-gun,0.6547959175070293,0.0654131378820102,Q3
236,238,48850,48870,Hadong-gun,Hamyang-gun,0.6454416901140736,0.003141187372448506,Q3
237,238,48860,48870,Sancheong-gun,Hamyang-gun,1.3002376076211029,0.0685543252544587,Q4
237,239,48860,48880,Sancheong-gun,Geochang-gun,1.4592594733013833,0.04193678820932867,Q5
237,240,48860,48890,Sancheong-gun,Hapcheon-gun,2.001804662092921,0.08691091437570364,Q5
238,239,48870,48880,Hamyang-gun,Geochang-gun,0.15902186568028032,0.11049111346378737,Q1
239,240,48880,48890,Geochang-gun,Hapcheon-gun,0.5425451887915376,0.1288477025850323,Q3
