"dataset_id","parameter","rhat","n_chains","n_draws_per_chain","n_draws_total","posterior_sd","spectral_variance","effective_sample_size","ess_per_draw","mcse_mean","mcse_over_posterior_sd","method"
"dataset_0000","beta0",NA,1,10000,10000,0.0323889436946958,0.0239889223713051,437.303375875279,0.0437303375875279,0.00154883576828872,0.0478198913458968,"coda::spectrum0.ar"
"dataset_0000","sigma2_w",NA,1,10000,10000,0.120134212595141,0.283231213325018,509.556445648277,0.0509556445648277,0.00532194713732688,0.044300012647206,"coda::spectrum0.ar"
"dataset_0000","eta_raw",NA,1,10000,10000,0.228665945131034,0.520260044890015,1005.03805695329,0.100503805695329,0.00721290541245354,0.0315434176624782,"coda::spectrum0.ar"
"dataset_0000","eta",NA,1,10000,10000,0.148231577600655,0.218624562980109,1005.03805695329,0.100503805695329,0.00467573056302551,0.0315434176624782,"coda::spectrum0.ar"
"dataset_0000","rho",NA,1,10000,10000,0.153061797818239,0.758532803286492,308.858283383994,0.0308858283383994,0.0087093788715757,0.0569010621573783,"coda::spectrum0.ar"
"dataset_0001","beta0",NA,1,10000,10000,0.0111733052368835,0.00273571022394472,456.344933114126,0.0456344933114127,0.000523040172830417,0.0468115890277338,"coda::spectrum0.ar"
"dataset_0001","sigma2_w",NA,1,10000,10000,0.0584357883903148,0.15678903406096,217.792104227773,0.0217792104227773,0.00395965950633334,0.0677608639398389,"coda::spectrum0.ar"
"dataset_0001","eta_raw",NA,1,10000,10000,0.098259398899645,0.146608340401291,658.551174216454,0.0658551174216454,0.00382894685783559,0.0389677415159663,"coda::spectrum0.ar"
"dataset_0001","eta",NA,1,10000,10000,0.071155404847299,0.076882280940537,658.551174216458,0.0658551174216458,0.00277276542355348,0.0389677415159662,"coda::spectrum0.ar"
"dataset_0001","rho",NA,1,10000,10000,0.146045163880584,0.940211185408135,226.855308934109,0.0226855308934109,0.00969644875925271,0.0663934943246812,"coda::spectrum0.ar"
"dataset_0002","beta0",NA,1,10000,10000,0.0132089359106872,0.0147536053489293,118.259899032275,0.0118259899032275,0.00121464420094649,0.0919562490998032,"coda::spectrum0.ar"
"dataset_0002","sigma2_w",NA,1,10000,10000,0.106700229430416,0.0680055122615755,1674.12002084662,0.167412002084662,0.00260778665273016,0.0244403097036526,"coda::spectrum0.ar"
"dataset_0002","eta_raw",NA,1,10000,10000,0.153027010053342,0.126411143117077,1852.46847931575,0.185246847931575,0.00355543447580006,0.0232340321787684,"coda::spectrum0.ar"
"dataset_0002","eta",NA,1,10000,10000,0.112559489456093,0.0683932752869091,1852.46847931575,0.185246847931575,0.00261521080004861,0.0232340321787684,"coda::spectrum0.ar"
"dataset_0002","rho",NA,1,10000,10000,0.0656779741863772,0.0497006051076227,867.916252505514,0.0867916252505514,0.0022293632523127,0.0339438492117059,"coda::spectrum0.ar"
"dataset_0003","beta0",NA,1,10000,10000,0.0152791433309908,0.00993563099673386,234.964665058215,0.0234964665058215,0.000996776353889571,0.0652377121083617,"coda::spectrum0.ar"
"dataset_0003","sigma2_w",NA,1,10000,10000,0.0873452672593629,0.0721723871270502,1057.07958629376,0.105707958629376,0.00268649189701086,0.030757154695441,"coda::spectrum0.ar"
"dataset_0003","eta_raw",NA,1,10000,10000,0.101167915705886,0.0563694938043871,1815.68903275778,0.181568903275778,0.00237422605925356,0.0234681721244102,"coda::spectrum0.ar"
"dataset_0003","eta",NA,1,10000,10000,0.0626481774819304,0.021616004012792,1815.68903275777,0.181568903275777,0.00147023821242655,0.0234681721244103,"coda::spectrum0.ar"
"dataset_0003","rho",NA,1,10000,10000,0.0916323528451604,0.110967775009562,756.66003821528,0.075666003821528,0.0033311825979607,0.0363537822016827,"coda::spectrum0.ar"
"dataset_0004","beta0",NA,1,10000,10000,0.00563012407175067,0.000474803044724081,667.609389104211,0.0667609389104211,0.000217899757853028,0.0387024788576769,"coda::spectrum0.ar"
"dataset_0004","sigma2_w",NA,1,10000,10000,0.0746690272509331,0.819719481284907,68.0167271596506,0.00680167271596506,0.00905383610015615,0.121252900077696,"coda::spectrum0.ar"
"dataset_0004","eta_raw",NA,1,10000,10000,0.0542024328156209,0.521953168178734,56.2867303475368,0.00562867303475368,0.00722463264241674,0.133289822377394,"coda::spectrum0.ar"
"dataset_0004","eta",NA,1,10000,10000,0.0417237441235044,0.30928618751425,56.286730347551,0.0056286730347551,0.00556135044314104,0.133289822377377,"coda::spectrum0.ar"
"dataset_0004","rho",NA,1,10000,10000,0.0937864041609688,0.856691819484105,102.672739547594,0.0102672739547594,0.00925576479543481,0.0986898354643049,"coda::spectrum0.ar"
"dataset_0005","beta0",NA,1,10000,10000,0.0139516342626611,0.00492707320853187,395.058263518392,0.0395058263518392,0.000701931136831233,0.0503117501230532,"coda::spectrum0.ar"
"dataset_0005","sigma2_w",NA,1,10000,10000,0.293462165302671,4.85850833047527,177.256138317062,0.0177256138317062,0.0220420242502254,0.075110276064009,"coda::spectrum0.ar"
"dataset_0005","eta_raw",NA,1,10000,10000,0.0968873771849101,0.0449010304647213,2090.63439315642,0.209063439315642,0.00211898632522065,0.0218706129403891,"coda::spectrum0.ar"
"dataset_0005","eta",NA,1,10000,10000,0.0753096054395899,0.0271283046429936,2090.63439315641,0.209063439315641,0.00164706723126269,0.0218706129403891,"coda::spectrum0.ar"
"dataset_0005","rho",NA,1,10000,10000,0.0840504156926129,0.378670013116862,186.560121831481,0.0186560121831481,0.00615361692922839,0.073213402676475,"coda::spectrum0.ar"
"dataset_0006","beta0",NA,1,10000,10000,0.0257341918187563,0.0336061501222496,197.061736067795,0.0197061736067795,0.00183319802864419,0.0712358888732643,"coda::spectrum0.ar"
"dataset_0006","sigma2_w",NA,1,10000,10000,0.254450859340328,1.74764679417836,370.470967215494,0.0370470967215494,0.0132198592813175,0.0519544689909493,"coda::spectrum0.ar"
"dataset_0006","eta_raw",NA,1,10000,10000,0.213428930884268,0.863984970285805,527.230335075542,0.0527230335075542,0.00929507918355624,0.043551167805814,"coda::spectrum0.ar"
"dataset_0006","eta",NA,1,10000,10000,0.163158204346758,0.50491403613648,527.230335075548,0.0527230335075548,0.0071057303364009,0.0435511678058138,"coda::spectrum0.ar"
"dataset_0006","rho",NA,1,10000,10000,0.145360536116259,0.684865829801457,308.522991519837,0.0308522991519837,0.008275662087117,0.0569319727914196,"coda::spectrum0.ar"
"dataset_0007","beta0",NA,1,10000,10000,0.0197788642453653,0.00735201032807804,532.104082256992,0.0532104082256992,0.000857438646672638,0.0433512579911437,"coda::spectrum0.ar"
"dataset_0007","sigma2_w",NA,1,10000,10000,0.0255764892052106,0.00663090779120289,986.526763246678,0.0986526763246678,0.000814303861663623,0.0318379842960513,"coda::spectrum0.ar"
"dataset_0007","eta_raw",NA,1,10000,10000,0.283505676160952,0.659391666676403,1218.93363955604,0.121893363955604,0.00812029350871262,0.0286424371415497,"coda::spectrum0.ar"
"dataset_0007","eta",NA,1,10000,10000,0.206281917634517,0.349093897830831,1218.93363955604,0.121893363955604,0.00590841685928499,0.0286424371415497,"coda::spectrum0.ar"
"dataset_0007","rho",NA,1,10000,10000,0.0869434384262898,0.1053456177993,717.558228173047,0.0717558228173047,0.00324569896631372,0.0373311548871559,"coda::spectrum0.ar"
"dataset_0008","beta0",NA,1,10000,10000,0.0124083630118109,0.00537089413266781,286.670094084312,0.0286670094084312,0.000732863843607242,0.0590620892465564,"coda::spectrum0.ar"
"dataset_0008","sigma2_w",NA,1,10000,10000,0.141176068369521,0.597113006770954,333.78409202734,0.033378409202734,0.00772730876030558,0.0547352596622803,"coda::spectrum0.ar"
"dataset_0008","eta_raw",NA,1,10000,10000,0.130451597690154,1.31636193902626,129.277661677928,0.0129277661677928,0.0114732817407499,0.0879504884869333,"coda::spectrum0.ar"
"dataset_0008","eta",NA,1,10000,10000,0.0915052486042301,0.647691984326058,129.277661677943,0.0129277661677943,0.00804793131385984,0.0879504884869283,"coda::spectrum0.ar"
"dataset_0008","rho",NA,1,10000,10000,0.0847345058447822,0.293885923244705,244.310322913324,0.0244310322913324,0.0054211246365003,0.0639777689437499,"coda::spectrum0.ar"
"dataset_0009","beta0",NA,1,10000,10000,0.0104167386783783,0.00398977214681324,271.966520143995,0.0271966520143995,0.000631646431701568,0.0606376382478189,"coda::spectrum0.ar"
"dataset_0009","sigma2_w",NA,1,10000,10000,0.340172337002662,8.95366874495913,129.240004469677,0.0129240004469677,0.0299226816060311,0.0879633008071347,"coda::spectrum0.ar"
"dataset_0009","eta_raw",NA,1,10000,10000,0.107118063040365,0.884295586172732,129.756154038727,0.0129756154038727,0.00940369919857463,0.0877881743906356,"coda::spectrum0.ar"
"dataset_0009","eta",NA,1,10000,10000,0.0812520175722008,0.508792080688756,129.756154038722,0.0129756154038722,0.00713296628821948,0.0877881743906372,"coda::spectrum0.ar"
"dataset_0009","rho",NA,1,10000,10000,0.0836410141349262,0.367749734748713,190.233155444673,0.0190233155444673,0.00606423725417066,0.0725031531108421,"coda::spectrum0.ar"
"dataset_0010","beta0",NA,1,10000,10000,0.0163204164710091,0.00546515023379201,487.371769105739,0.0487371769105739,0.000739266544203916,0.0452970391728127,"coda::spectrum0.ar"
"dataset_0010","sigma2_w",NA,1,10000,10000,0.187526317586736,2.17051341927302,162.017518414697,0.0162017518414697,0.0147326624181545,0.07856317240027,"coda::spectrum0.ar"
"dataset_0010","eta_raw",NA,1,10000,10000,0.147562209860033,1.2291427382336,177.152783818003,0.0177152783818003,0.0110866709982465,0.0751321832924737,"coda::spectrum0.ar"
"dataset_0010","eta",NA,1,10000,10000,0.0863911039958556,0.421298649040139,177.15278381801,0.017715278381801,0.00649075226025566,0.0751321832924722,"coda::spectrum0.ar"
"dataset_0010","rho",NA,1,10000,10000,0.137187687053724,0.894587536764407,210.38144067177,0.021038144067177,0.00945826377705976,0.0689439699741843,"coda::spectrum0.ar"
"dataset_0011","beta0",NA,1,10000,10000,0.0159693372018895,0.0074087511523759,344.214194029004,0.0344214194029004,0.000860741026812124,0.0538996087270473,"coda::spectrum0.ar"
"dataset_0011","sigma2_w",NA,1,10000,10000,0.872410349537018,122.007168078629,62.3815657690538,0.00623815657690538,0.110456854960944,0.12661112401929,"coda::spectrum0.ar"
"dataset_0011","eta_raw",NA,1,10000,10000,0.0602276529268735,0.0913932406949155,396.896985980467,0.0396896985980467,0.00302313150052914,0.050195074083324,"coda::spectrum0.ar"
"dataset_0011","eta",NA,1,10000,10000,0.0434310419854272,0.0475250625368263,396.896985980464,0.0396896985980464,0.00218002436997448,0.0501950740833241,"coda::spectrum0.ar"
"dataset_0011","rho",NA,1,10000,10000,0.0991374037602061,0.758090269138629,129.644518923602,0.0129644518923602,0.00870683794002523,0.0878259628533884,"coda::spectrum0.ar"
"dataset_0012","beta0",NA,1,10000,10000,0.00824670017978868,0.00173899649272208,391.07648658263,0.039107648658263,0.000417012768716028,0.0505672280578429,"coda::spectrum0.ar"
"dataset_0012","sigma2_w",NA,1,10000,10000,0.0113495059249395,0.00146875343744865,877.010949938568,0.0877010949938568,0.000383243191387486,0.0337673898689583,"coda::spectrum0.ar"
"dataset_0012","eta_raw",NA,1,10000,10000,0.106725602539028,1.00268218598189,113.598849132483,0.0113598849132483,0.0100134019492972,0.0938238033899642,"coda::spectrum0.ar"
"dataset_0012","eta",NA,1,10000,10000,0.0769215338033436,0.52086111856279,113.59884913248,0.011359884913248,0.00721707086401949,0.0938238033899654,"coda::spectrum0.ar"
"dataset_0012","rho",NA,1,10000,10000,0.066455364402135,0.148141076398036,298.115523742685,0.0298115523742685,0.0038489099287725,0.0579172195262065,"coda::spectrum0.ar"
"dataset_0013","beta0",NA,1,10000,10000,0.0127962924029396,0.00524118645482287,312.419908493911,0.0312419908493911,0.00072396038944288,0.0565757929442572,"coda::spectrum0.ar"
"dataset_0013","sigma2_w",NA,1,10000,10000,0.0198343680759031,0.00287843184194707,1366.72389193795,0.136672389193795,0.000536510190205841,0.0270495227351181,"coda::spectrum0.ar"
"dataset_0013","eta_raw",NA,1,10000,10000,0.27555824373034,0.542360694036066,1400.03408290314,0.140003408290314,0.00736451420010897,0.0267257988743601,"coda::spectrum0.ar"
"dataset_0013","eta",NA,1,10000,10000,0.196505696080737,0.275811061057196,1400.03408290313,0.140003408290313,0.00525177171111994,0.0267257988743602,"coda::spectrum0.ar"
"dataset_0013","rho",NA,1,10000,10000,0.0411853062965211,0.0152644495202289,1111.22870987936,0.111122870987936,0.00123549380897797,0.0299984125426385,"coda::spectrum0.ar"
"dataset_0014","beta0",NA,1,10000,10000,0.0168778800289645,0.00750689361863156,379.468324374694,0.0379468324374694,0.000866423315627619,0.0513348426544524,"coda::spectrum0.ar"
"dataset_0014","sigma2_w",NA,1,10000,10000,0.290515649789047,5.48398123131003,153.901589397291,0.0153901589397291,0.0234179017661917,0.08060805599697,"coda::spectrum0.ar"
"dataset_0014","eta_raw",NA,1,10000,10000,0.0573968507441742,0.172590946750161,190.878985102151,0.0190878985102151,0.00415440665739598,0.0723803937591064,"coda::spectrum0.ar"
"dataset_0014","eta",NA,1,10000,10000,0.0397177638204754,0.0826440250640877,190.878985102162,0.0190878985102162,0.00287478738455712,0.0723803937591043,"coda::spectrum0.ar"
"dataset_0014","rho",NA,1,10000,10000,0.154193374600091,1.97800522255558,120.199868531419,0.0120199868531419,0.0140641573603099,0.0912111651799956,"coda::spectrum0.ar"
"dataset_0015","beta0",NA,1,10000,10000,0.00717271881395513,0.000754236340024083,682.119018322865,0.0682119018322865,0.000274633635963274,0.0382886382537332,"coda::spectrum0.ar"
"dataset_0015","sigma2_w",NA,1,10000,10000,0.0384890255858278,0.129380789804046,114.499617198981,0.0114499617198981,0.00359695412542398,0.0934540189229533,"coda::spectrum0.ar"
"dataset_0015","eta_raw",NA,1,10000,10000,0.112724259146146,0.113505422054147,1119.4847232924,0.11194847232924,0.00336905657497982,0.0298875911937631,"coda::spectrum0.ar"
"dataset_0015","eta",NA,1,10000,10000,0.0812694961144505,0.0589979555886406,1119.4847232924,0.11194847232924,0.00242894947639181,0.0298875911937631,"coda::spectrum0.ar"
"dataset_0015","rho",NA,1,10000,10000,0.177155255196972,3.24947561425422,96.5816893846949,0.00965816893846949,0.0180263019342688,0.101754260206541,"coda::spectrum0.ar"
"dataset_0016","beta0",NA,1,10000,10000,0.00793075636325655,0.000996439246611547,631.216571479085,0.0631216571479085,0.000315664259397789,0.0398025415154943,"coda::spectrum0.ar"
"dataset_0016","sigma2_w",NA,1,10000,10000,0.0275041742330546,0.0569670958933409,132.792375735385,0.0132792375735385,0.00238677807710187,0.0867787579033524,"coda::spectrum0.ar"
"dataset_0016","eta_raw",NA,1,10000,10000,0.0984962160165777,0.0492717469860612,1968.97921486909,0.196897921486909,0.00221972401406259,0.0225361349281579,"coda::spectrum0.ar"
"dataset_0016","eta",NA,1,10000,10000,0.0825281049234866,0.0345909598782378,1968.97921486907,0.196897921486907,0.00185986450792088,0.0225361349281581,"coda::spectrum0.ar"
"dataset_0016","rho",NA,1,10000,10000,0.125360031318867,1.11294036528906,141.203769244058,0.0141203769244058,0.0105495988800004,0.0841544052678667,"coda::spectrum0.ar"
"dataset_0017","beta0",NA,1,10000,10000,0.0286664337125927,0.0452575078190503,181.575270358251,0.0181575270358251,0.00212738120277139,0.0742115752555875,"coda::spectrum0.ar"
"dataset_0017","sigma2_w",NA,1,10000,10000,0.150693539820115,0.219136881883339,1036.27206649795,0.103627206649795,0.00468120584767792,0.0310644096174656,"coda::spectrum0.ar"
"dataset_0017","eta_raw",NA,1,10000,10000,0.276366396309019,0.581616228101114,1313.20931773511,0.131320931773511,0.00762637678128424,0.0275951667175803,"coda::spectrum0.ar"
"dataset_0017","eta",NA,1,10000,10000,0.190605523846372,0.276654035499905,1313.20931773512,0.131320931773512,0.00525979120783235,0.0275951667175803,"coda::spectrum0.ar"
"dataset_0017","rho",NA,1,10000,10000,0.0638364251800895,0.0354526511806643,1149.44554047786,0.114944554047786,0.00188288744168801,0.0294955025500908,"coda::spectrum0.ar"
"dataset_0018","beta0",NA,1,10000,10000,0.00666282581145454,0.000649539742673258,683.456990808279,0.0683456990808279,0.000254860695807192,0.0382511419357598,"coda::spectrum0.ar"
"dataset_0018","sigma2_w",NA,1,10000,10000,0.302808200385374,51.8585085049266,17.6813427273786,0.00176813427273786,0.0720128519813836,0.237816716620406,"coda::spectrum0.ar"
"dataset_0018","eta_raw",NA,1,10000,10000,0.105260937532386,0.0965036006727173,1148.12969598648,0.114812969598648,0.00310650286773918,0.0295123997616248,"coda::spectrum0.ar"
"dataset_0018","eta",NA,1,10000,10000,0.0824736903963105,0.0592433906322946,1148.12969598648,0.114812969598648,0.00243399652079239,0.0295123997616248,"coda::spectrum0.ar"
"dataset_0018","rho",NA,1,10000,10000,0.0969302212198893,1.15957060194511,81.025405179955,0.0081025405179955,0.0107683359993321,0.111093690531292,"coda::spectrum0.ar"
"dataset_0019","beta0",NA,1,10000,10000,0.00354914702531078,0.000231183855092623,544.866967558166,0.0544866967558166,0.000152047313390478,0.0428405226118138,"coda::spectrum0.ar"
"dataset_0019","sigma2_w",NA,1,10000,10000,0.029726901228457,0.245052082064306,36.0612588639236,0.00360612588639236,0.00495027354864665,0.166525044457302,"coda::spectrum0.ar"
"dataset_0019","eta_raw",NA,1,10000,10000,0.0358167186731882,0.116719183816092,109.908011225953,0.0109908011225953,0.00341641894117351,0.0953861511532319,"coda::spectrum0.ar"
"dataset_0019","eta",NA,1,10000,10000,0.0232936326435406,0.0493679501321095,109.908011225953,0.0109908011225953,0.00222188996424462,0.0953861511532319,"coda::spectrum0.ar"
"dataset_0019","rho",NA,1,10000,10000,0.0560518508079464,0.700288263112531,44.8645242893556,0.00448645242893556,0.00836832278961878,0.149296101181237,"coda::spectrum0.ar"
"dataset_0020","beta0",NA,1,10000,10000,0.0204313400336919,0.0255066123415895,163.659387605814,0.0163659387605814,0.0015970789692933,0.0781680969853013,"coda::spectrum0.ar"
"dataset_0020","sigma2_w",NA,1,10000,10000,0.144409292238206,0.237029497766289,879.807951384242,0.0879807951384242,0.0048685675281985,0.0337136721102941,"coda::spectrum0.ar"
"dataset_0020","eta_raw",NA,1,10000,10000,0.248124258593358,0.810730391620992,759.384973584224,0.0759384973584224,0.00900405681690754,0.0362884986254568,"coda::spectrum0.ar"
"dataset_0020","eta",NA,1,10000,10000,0.197459880627458,0.513447142275927,759.384973584223,0.0759384973584223,0.00716552260673237,0.0362884986254568,"coda::spectrum0.ar"
"dataset_0020","rho",NA,1,10000,10000,0.0657399502323269,0.0955270462434063,452.410204910646,0.0452410204910646,0.00309074499503609,0.0470147145550507,"coda::spectrum0.ar"
"dataset_0021","beta0",NA,1,10000,10000,0.0120962241706914,0.00381990435135206,383.042677850899,0.0383042677850899,0.000618053747772155,0.051094766354419,"coda::spectrum0.ar"
"dataset_0021","sigma2_w",NA,1,10000,10000,0.267004954914862,6.23199178297627,114.396245103905,0.0114396245103905,0.0249639575848387,0.0934962334043531,"coda::spectrum0.ar"
"dataset_0021","eta_raw",NA,1,10000,10000,0.0852393734367698,0.0677580749942003,1072.30773372989,0.107230773372989,0.00260303812869117,0.0305379782105284,"coda::spectrum0.ar"
"dataset_0021","eta",NA,1,10000,10000,0.0625187062905563,0.0364502512972586,1072.30773372989,0.107230773372989,0.00190919489045143,0.0305379782105284,"coda::spectrum0.ar"
"dataset_0021","rho",NA,1,10000,10000,0.0878630523496636,0.423979028095846,182.082495987385,0.0182082495987385,0.00651136719971963,0.0741081378985869,"coda::spectrum0.ar"
"dataset_0022","beta0",NA,1,10000,10000,0.017207910790419,0.0102484311855506,288.934167981252,0.0288934167981252,0.00101234535537783,0.0588302303346134,"coda::spectrum0.ar"
"dataset_0022","sigma2_w",NA,1,10000,10000,0.0605227511066132,0.0370795609153843,987.876693004007,0.0987876693004007,0.00192560538312979,0.031816223617095,"coda::spectrum0.ar"
"dataset_0022","eta_raw",NA,1,10000,10000,0.156244130368091,0.5213759944574,468.226932846936,0.0468226932846936,0.00722063705262493,0.0462138131884638,"coda::spectrum0.ar"
"dataset_0022","eta",NA,1,10000,10000,0.104273440212958,0.232215397515365,468.226932846943,0.0468226932846943,0.00481887328652005,0.0462138131884634,"coda::spectrum0.ar"
"dataset_0022","rho",NA,1,10000,10000,0.0864334386111452,0.17942367068262,416.37423210238,0.041637423210238,0.00423584313546453,0.0490069954814726,"coda::spectrum0.ar"
"dataset_0023","beta0",NA,1,10000,10000,0.00846417041279496,0.00126332106794882,567.094007963903,0.0567094007963903,0.000355432281588044,0.0419925715402363,"coda::spectrum0.ar"
"dataset_0023","sigma2_w",NA,1,10000,10000,0.404814168324786,56.0196629878287,29.2530340484364,0.00292530340484364,0.0748462844687889,0.18489047648337,"coda::spectrum0.ar"
"dataset_0023","eta_raw",NA,1,10000,10000,0.097432348162869,2.22857157814104,42.5970723204194,0.00425970723204194,0.0149284010468002,0.153218118297279,"coda::spectrum0.ar"
"dataset_0023","eta",NA,1,10000,10000,0.0667738138493442,1.04672503838959,42.5970723204131,0.00425970723204131,0.0102309581095301,0.153218118297291,"coda::spectrum0.ar"
"dataset_0023","rho",NA,1,10000,10000,0.0889066356679648,0.985927921701009,80.1720865371059,0.00801720865371059,0.00992939032217491,0.111683343403722,"coda::spectrum0.ar"
"dataset_0024","beta0",NA,1,10000,10000,0.00664524724983133,0.000926974496909977,476.381077997223,0.0476381077997223,0.00030446255876708,0.0458165885061399,"coda::spectrum0.ar"
"dataset_0024","sigma2_w",NA,1,10000,10000,0.0173911625948063,0.00574184470567896,526.751509144529,0.0526751509144529,0.000757749609414545,0.0435709576794387,"coda::spectrum0.ar"
"dataset_0024","eta_raw",NA,1,10000,10000,0.0991842654422272,0.053715212714341,1831.42130770856,0.183142130770856,0.00231765426054753,0.0233671565768414,"coda::spectrum0.ar"
"dataset_0024","eta",NA,1,10000,10000,0.071325639804782,0.0277781353320974,1831.42130770855,0.183142130770855,0.00166667739326174,0.0233671565768415,"coda::spectrum0.ar"
"dataset_0024","rho",NA,1,10000,10000,0.0701915527931942,0.134379111648741,366.638387698101,0.0366638387698101,0.00366577565664815,0.0522253107499793,"coda::spectrum0.ar"
"dataset_0025","beta0",NA,1,10000,10000,0.0144164751554028,0.00468115773225001,443.981527207482,0.0443981527207482,0.000684189866356555,0.0474588870706126,"coda::spectrum0.ar"
"dataset_0025","sigma2_w",NA,1,10000,10000,0.338145779341222,6.54643993161715,174.663739804662,0.0174663739804661,0.0255860116696939,0.0756656248069717,"coda::spectrum0.ar"
"dataset_0025","eta_raw",NA,1,10000,10000,0.127879087005856,0.214158193848778,763.597254887135,0.0763597254887135,0.00462772291574137,0.0361882699047534,"coda::spectrum0.ar"
"dataset_0025","eta",NA,1,10000,10000,0.100305419549033,0.131760258781895,763.597254887144,0.0763597254887144,0.00362987959554991,0.0361882699047532,"coda::spectrum0.ar"
"dataset_0025","rho",NA,1,10000,10000,0.129666270291048,0.643533892927404,261.265829756193,0.0261265829756193,0.00802205642542736,0.0618669481849143,"coda::spectrum0.ar"
"dataset_0026","beta0",NA,1,10000,10000,0.0190267762177237,0.00951828932576275,380.339576629045,0.0380339576629045,0.000975617205965677,0.0512760120159965,"coda::spectrum0.ar"
"dataset_0026","sigma2_w",NA,1,10000,10000,0.150509975168891,0.551017568102675,411.116703653249,0.0411116703653249,0.00742305575960921,0.0493193607352577,"coda::spectrum0.ar"
"dataset_0026","eta_raw",NA,1,10000,10000,0.163657298486401,0.18742090603876,1429.06743510928,0.142906743510928,0.00432921362419042,0.0264529212215376,"coda::spectrum0.ar"
"dataset_0026","eta",NA,1,10000,10000,0.143741367900174,0.144580866782071,1429.06743510928,0.142906743510928,0.00380237908133936,0.0264529212215376,"coda::spectrum0.ar"
"dataset_0026","rho",NA,1,10000,10000,0.113094178615535,0.337248198942537,379.254604674755,0.0379254604674755,0.00580730745649425,0.0513493048677268,"coda::spectrum0.ar"
"dataset_0027","beta0",NA,1,10000,10000,0.00937149353894045,0.00232662155967434,377.478197024425,0.0377478197024425,0.000482350656646629,0.051469987643097,"coda::spectrum0.ar"
"dataset_0027","sigma2_w",NA,1,10000,10000,0.0362996119823015,0.0127176870009382,1036.0860665689,0.10360860665689,0.00112772722769907,0.0310671978601013,"coda::spectrum0.ar"
"dataset_0027","eta_raw",NA,1,10000,10000,0.141784215530621,2.91791337337485,68.8943131659277,0.00688943131659277,0.0170819008701457,0.120478156233524,"coda::spectrum0.ar"
"dataset_0027","eta",NA,1,10000,10000,0.10291909921244,1.5374768244208,68.8943131659264,0.00688943131659264,0.01239950331433,0.120478156233525,"coda::spectrum0.ar"
"dataset_0027","rho",NA,1,10000,10000,0.0656946154731121,0.067994305819857,634.727048114033,0.0634727048114033,0.00260757177887507,0.0396923212061773,"coda::spectrum0.ar"
"dataset_0028","beta0",NA,1,10000,10000,0.00304839892927189,0.000199695038105445,465.34636614652,0.046534636614652,0.000141313494792764,0.046356627879579,"coda::spectrum0.ar"
"dataset_0028","sigma2_w",NA,1,10000,10000,0.0138098346359845,0.0368363467429653,51.7726510731299,0.00517726510731299,0.00191927972799603,0.138979196969885,"coda::spectrum0.ar"
"dataset_0028","eta_raw",NA,1,10000,10000,0.123412475285727,13.0633935270457,11.6590218495811,0.00116590218495811,0.0361433168470268,0.29286599076266,"coda::spectrum0.ar"
"dataset_0028","eta",NA,1,10000,10000,0.0908611308651041,7.08099290712057,11.6590218495822,0.00116590218495822,0.0266101351126231,0.292865990762646,"coda::spectrum0.ar"
"dataset_0028","rho",NA,1,10000,10000,0.0757241409166423,1.01653170752037,56.4089194182722,0.00564089194182722,0.010082319710862,0.133145382553243,"coda::spectrum0.ar"
"dataset_0029","beta0",NA,1,10000,10000,0.00685241627112007,0.000822308130358051,571.022066050418,0.0571022066050418,0.00028675915510373,0.041847888942809,"coda::spectrum0.ar"
"dataset_0029","sigma2_w",NA,1,10000,10000,0.0718095365040866,0.579357152171818,89.0057111334749,0.00890057111334749,0.00761155143299852,0.105996387159042,"coda::spectrum0.ar"
"dataset_0029","eta_raw",NA,1,10000,10000,0.0686913338169737,0.148564505625303,317.606101248404,0.0317606101248404,0.00385440664208258,0.0561119784389767,"coda::spectrum0.ar"
"dataset_0029","eta",NA,1,10000,10000,0.0424920422250841,0.0568494637024053,317.606101248399,0.0317606101248399,0.00238431255716203,0.0561119784389772,"coda::spectrum0.ar"
"dataset_0029","rho",NA,1,10000,10000,0.102171778367017,1.28888469410958,80.9930658839157,0.00809930658839157,0.0113529057694917,0.111115867326008,"coda::spectrum0.ar"
"dataset_0030","beta0",NA,1,10000,10000,0.0179691915556158,0.00839388078448636,384.675281258684,0.0384675281258684,0.000916181247597132,0.0509862252156136,"coda::spectrum0.ar"
"dataset_0030","sigma2_w",NA,1,10000,10000,0.039881164254727,0.00824449930561835,1929.17386896817,0.192917386896817,0.000907992252478971,0.0227674459722261,"coda::spectrum0.ar"
"dataset_0030","eta_raw",NA,1,10000,10000,0.273817469432417,0.852356124090442,879.632403021451,0.0879632403021451,0.009232313491701,0.0337170360636165,"coda::spectrum0.ar"
"dataset_0030","eta",NA,1,10000,10000,0.189939920048846,0.410139202515057,879.632403021449,0.0879632403021449,0.00640421113420737,0.0337170360636165,"coda::spectrum0.ar"
"dataset_0030","rho",NA,1,10000,10000,0.0706298006960757,0.0779618437299783,639.873110703402,0.0639873110703402,0.00279216481837979,0.0395323898816399,"coda::spectrum0.ar"
"dataset_0031","beta0",NA,1,10000,10000,0.00960516130002332,0.00414071969684994,222.809391492141,0.0222809391492141,0.000643484241986542,0.0669935904132062,"coda::spectrum0.ar"
"dataset_0031","sigma2_w",NA,1,10000,10000,0.0378272113148041,0.00992469702685626,1441.75475783576,0.144175475783576,0.000996227736356314,0.0263362722688054,"coda::spectrum0.ar"
"dataset_0031","eta_raw",NA,1,10000,10000,0.0915619787420447,0.0293446308623801,2856.94374227294,0.285694374227294,0.0017130274621961,0.0187089388601154,"coda::spectrum0.ar"
"dataset_0031","eta",NA,1,10000,10000,0.0647477023795133,0.0146739500025672,2856.94374227293,0.285694374227293,0.00121136080515127,0.0187089388601154,"coda::spectrum0.ar"
"dataset_0031","rho",NA,1,10000,10000,0.0412527807979262,0.0148006116094382,1149.81189187921,0.114981189187921,0.00121657764279302,0.0294908032685684,"coda::spectrum0.ar"
"dataset_0032","beta0",NA,1,10000,10000,0.00637770922373166,0.000786476411544414,517.182389012755,0.0517182389012755,0.000280441867691758,0.04397219406746,"coda::spectrum0.ar"
"dataset_0032","sigma2_w",NA,1,10000,10000,0.205815906667231,10.3906332400601,40.7676668578182,0.00407676668578182,0.0322345051769996,0.156618143363998,"coda::spectrum0.ar"
"dataset_0032","eta_raw",NA,1,10000,10000,0.0955542003668391,0.0776443274007576,1175.95264372873,0.117595264372873,0.00278647317232299,0.0291611793267646,"coda::spectrum0.ar"
"dataset_0032","eta",NA,1,10000,10000,0.0725327805219862,0.0447382322605175,1175.95264372875,0.117595264372875,0.00211514141987049,0.0291611793267645,"coda::spectrum0.ar"
"dataset_0032","rho",NA,1,10000,10000,0.071109798596978,0.591265556375627,85.521698363406,0.0085521698363406,0.00768937940522918,0.108133893738182,"coda::spectrum0.ar"
"dataset_0033","beta0",NA,1,10000,10000,0.012263947375525,0.00274796472821967,547.330188357586,0.0547330188357586,0.000524210332616562,0.0427440135353745,"coda::spectrum0.ar"
"dataset_0033","sigma2_w",NA,1,10000,10000,0.10679564051051,0.636512534377478,179.184355626313,0.0179184355626313,0.00797817356528096,0.0747050490745064,"coda::spectrum0.ar"
"dataset_0033","eta_raw",NA,1,10000,10000,0.123321814707614,0.787023906549729,193.237713063272,0.0193237713063272,0.00887143678639333,0.0719372870682025,"coda::spectrum0.ar"
"dataset_0033","eta",NA,1,10000,10000,0.0964886725857365,0.481793320246392,193.237713063274,0.0193237713063274,0.00694113333862988,0.071937287068202,"coda::spectrum0.ar"
"dataset_0033","rho",NA,1,10000,10000,0.0953486139551546,0.412451001973678,220.422744511827,0.0220422744511827,0.00642223482888689,0.0673553034751765,"coda::spectrum0.ar"
"dataset_0034","beta0",NA,1,10000,10000,0.00903052057873287,0.00187771881737378,434.305185464222,0.0434305185464222,0.000433326530156391,0.0479846678138232,"coda::spectrum0.ar"
"dataset_0034","sigma2_w",NA,1,10000,10000,0.0168297464240503,0.00314545372944575,900.4753814889,0.09004753814889,0.000560843447803908,0.0333245334583557,"coda::spectrum0.ar"
"dataset_0034","eta_raw",NA,1,10000,10000,0.179562206948192,1.87616142746539,171.854008360377,0.0171854008360377,0.0136973042145722,0.0762816655429294,"coda::spectrum0.ar"
"dataset_0034","eta",NA,1,10000,10000,0.123999480680808,0.894705416289581,171.854008360372,0.0171854008360372,0.00945888691279043,0.0762816655429304,"coda::spectrum0.ar"
"dataset_0034","rho",NA,1,10000,10000,0.0783689201840129,0.15039987112484,408.357241590337,0.0408357241590337,0.00387814222437548,0.0494857172367498,"coda::spectrum0.ar"
"dataset_0035","beta0",NA,1,10000,10000,0.0209608550202147,0.0120945992310684,363.267467391434,0.0363267467391434,0.00109975448310377,0.0524670621519572,"coda::spectrum0.ar"
"dataset_0035","sigma2_w",NA,1,10000,10000,0.0465649167595049,0.0114156308958287,1899.40572939506,0.189940572939506,0.00106843955822633,0.0229451619927622,"coda::spectrum0.ar"
"dataset_0035","eta_raw",NA,1,10000,10000,0.275215244424408,0.474259285806408,1597.0890403294,0.15970890403294,0.00688664857391757,0.025022772951115,"coda::spectrum0.ar"
"dataset_0035","eta",NA,1,10000,10000,0.180575342275679,0.204168042072682,1597.08904032937,0.159708904032937,0.00451849579033423,0.0250227729511153,"coda::spectrum0.ar"
"dataset_0035","rho",NA,1,10000,10000,0.0389776402181313,0.0129993461547696,1168.71757924275,0.116871757924275,0.00114014675172846,0.029251302678865,"coda::spectrum0.ar"
"dataset_0036","beta0",NA,1,10000,10000,0.0105826012346471,0.00377482564320686,296.679792596763,0.0296679792596763,0.000614396097253788,0.0580571906311912,"coda::spectrum0.ar"
"dataset_0036","sigma2_w",NA,1,10000,10000,0.40344042518438,26.7873823496476,60.7615087388688,0.00607615087388688,0.0517565284284482,0.128287908691338,"coda::spectrum0.ar"
"dataset_0036","eta_raw",NA,1,10000,10000,0.0184229130611324,0.00467513222894897,725.976740414776,0.0725976740414776,0.0006837493860289,0.0371140754863265,"coda::spectrum0.ar"
"dataset_0036","eta",NA,1,10000,10000,0.0126688921722372,0.00221082604905597,725.976740414773,0.0725976740414773,0.000470194220408542,0.0371140754863266,"coda::spectrum0.ar"
"dataset_0036","rho",NA,1,10000,10000,0.103653404693423,0.83345332978102,128.909777196059,0.0128909777196059,0.00912936651570644,0.0880758962304085,"coda::spectrum0.ar"
"dataset_0037","beta0",NA,1,10000,10000,0.00775661394894689,0.00124298404035679,484.037268376572,0.0484037268376572,0.000352559787888067,0.0454527955379208,"coda::spectrum0.ar"
"dataset_0037","sigma2_w",NA,1,10000,10000,0.0642693022088538,0.827341455439995,49.9254954439131,0.00499254954439131,0.00909583121787116,0.14152683949038,"coda::spectrum0.ar"
"dataset_0037","eta_raw",NA,1,10000,10000,0.0864422147978822,0.971203219498638,76.9381355945319,0.00769381355945319,0.00985496433021773,0.114006383955576,"coda::spectrum0.ar"
"dataset_0037","eta",NA,1,10000,10000,0.0627808012594018,0.512285484476077,76.9381355945206,0.00769381355945206,0.00715741213341859,0.114006383955584,"coda::spectrum0.ar"
"dataset_0037","rho",NA,1,10000,10000,0.106336000066042,1.03202363302783,109.564786582174,0.0109564786582174,0.0101588563973896,0.0955354385258067,"coda::spectrum0.ar"
"dataset_0038","beta0",NA,1,10000,10000,0.00721520109005679,0.00103488217881779,503.043997041549,0.0503043997041549,0.000321695846851927,0.0445858463037508,"coda::spectrum0.ar"
"dataset_0038","sigma2_w",NA,1,10000,10000,0.283283798980666,8.73954045232101,91.8237191105468,0.00918237191105468,0.0295627137663663,0.104357234239096,"coda::spectrum0.ar"
"dataset_0038","eta_raw",NA,1,10000,10000,0.0168736491712834,0.0332578348453713,85.609913477329,0.0085609913477329,0.00182367307501567,0.108078167117479,"coda::spectrum0.ar"
"dataset_0038","eta",NA,1,10000,10000,0.0120373204764743,0.0169252693254654,85.6099134773231,0.00856099134773231,0.00130097153410309,0.108078167117482,"coda::spectrum0.ar"
"dataset_0038","rho",NA,1,10000,10000,0.0852586410452,0.487610478601877,149.074644452202,0.0149074644452202,0.00698291113076686,0.0819026792494248,"coda::spectrum0.ar"
"dataset_0039","beta0",NA,1,10000,10000,0.0137351326181699,0.00363168641987417,519.466292591562,0.0519466292591562,0.000602634750066255,0.0438754227439377,"coda::spectrum0.ar"
"dataset_0039","sigma2_w",NA,1,10000,10000,0.133345774539802,1.45451597087947,122.247510124406,0.0122247510124406,0.0120603315496692,0.0904440473745144,"coda::spectrum0.ar"
"dataset_0039","eta_raw",NA,1,10000,10000,0.188514546440666,1.36425000152324,260.492828880708,0.0260492828880708,0.0116801113073602,0.0619586738948895,"coda::spectrum0.ar"
"dataset_0039","eta",NA,1,10000,10000,0.121699051094086,0.568563023436716,260.492828880727,0.0260492828880727,0.00754031182005569,0.0619586738948873,"coda::spectrum0.ar"
"dataset_0039","rho",NA,1,10000,10000,0.202083277732109,4.08281354081197,100.023306797476,0.0100023306797476,0.020205973227766,0.0999883486378917,"coda::spectrum0.ar"
"dataset_0040","beta0",NA,1,10000,10000,0.00718039750326273,0.000800267860744556,644.260638642827,0.0644260638642827,0.000282890060048874,0.0393975486622197,"coda::spectrum0.ar"
"dataset_0040","sigma2_w",NA,1,10000,10000,0.0943186302569501,1.77162067646975,50.2139319759692,0.00502139319759692,0.0133102241771871,0.141119778149092,"coda::spectrum0.ar"
"dataset_0040","eta_raw",NA,1,10000,10000,0.0946428844474741,0.0769398101204442,1164.19257631594,0.116419257631594,0.00277380262672823,0.0293080947703751,"coda::spectrum0.ar"
"dataset_0040","eta",NA,1,10000,10000,0.0865555941646142,0.0643525051920296,1164.19257631594,0.116419257631594,0.00253677955668264,0.0293080947703751,"coda::spectrum0.ar"
"dataset_0040","rho",NA,1,10000,10000,0.0997543768372841,0.753995278996894,131.976100850837,0.0131976100850837,0.00868329015406542,0.0870467084189128,"coda::spectrum0.ar"
"dataset_0041","beta0",NA,1,10000,10000,0.0099169807706647,0.0025356016067655,387.862617468473,0.0387862617468473,0.000503547575385435,0.0507762984551682,"coda::spectrum0.ar"
"dataset_0041","sigma2_w",NA,1,10000,10000,2.26830865959239,3313.02085164536,15.5303102684263,0.00155303102684263,0.575588468581968,0.253752268743444,"coda::spectrum0.ar"
"dataset_0041","eta_raw",NA,1,10000,10000,0.0242893553611746,0.0734205050450394,80.3553153849196,0.00803553153849196,0.00270962183791465,0.111555938707449,"coda::spectrum0.ar"
"dataset_0041","eta",NA,1,10000,10000,0.0190733265238958,0.0452728961294595,80.3553153849202,0.00803553153849202,0.00212774284464687,0.111555938707449,"coda::spectrum0.ar"
"dataset_0041","rho",NA,1,10000,10000,0.0767572120674227,1.31858686650738,44.6816948811945,0.00446816948811945,0.0114829737721001,0.149601235672988,"coda::spectrum0.ar"
"dataset_0042","beta0",NA,1,10000,10000,0.00909464150032313,0.00129298208029587,639.703405637864,0.0639703405637864,0.000359580600185253,0.039537633250577,"coda::spectrum0.ar"
"dataset_0042","sigma2_w",NA,1,10000,10000,0.0227226958415211,0.0151662418283058,340.440902994594,0.0340440902994594,0.0012315129649462,0.0541974849082766,"coda::spectrum0.ar"
"dataset_0042","eta_raw",NA,1,10000,10000,0.123604763399626,0.127414236673057,1199.09187026572,0.119909187026572,0.00356951308546498,0.0288784427661934,"coda::spectrum0.ar"
"dataset_0042","eta",NA,1,10000,10000,0.10141314994158,0.0857701335160763,1199.09187026573,0.119909187026573,0.00292865384632729,0.0288784427661933,"coda::spectrum0.ar"
"dataset_0042","rho",NA,1,10000,10000,0.112566154068796,0.483922662364084,261.842232805099,0.0261842232805099,0.00695645500498698,0.0617988156611928,"coda::spectrum0.ar"
"dataset_0043","beta0",NA,1,10000,10000,0.0102154678688787,0.00336749379497969,309.891539921079,0.0309891539921079,0.00058030111106043,0.0568061217076811,"coda::spectrum0.ar"
"dataset_0043","sigma2_w",NA,1,10000,10000,0.0469216053332006,0.00753375155186677,2922.36481636974,0.292236481636974,0.000867971863130757,0.0184983411579186,"coda::spectrum0.ar"
"dataset_0043","eta_raw",NA,1,10000,10000,0.195695378694713,0.444606237900415,861.36176188884,0.086136176188884,0.00666788000717181,0.0340727514959553,"coda::spectrum0.ar"
"dataset_0043","eta",NA,1,10000,10000,0.132169583039018,0.202804436574957,861.361761888841,0.0861361761888841,0.00450338135821248,0.0340727514959553,"coda::spectrum0.ar"
"dataset_0043","rho",NA,1,10000,10000,0.0624440091705869,0.0445780765811697,874.702225924085,0.0874702225924085,0.00211135209240831,0.0338119240012351,"coda::spectrum0.ar"
"dataset_0044","beta0",NA,1,10000,10000,0.0146545390801552,0.00622510563488095,344.982925989982,0.0344982925989982,0.000788993386213152,0.0538395224781642,"coda::spectrum0.ar"
"dataset_0044","sigma2_w",NA,1,10000,10000,0.0372344888714116,0.011615664286768,1193.56683120964,0.119356683120964,0.00107775991235377,0.028945204970472,"coda::spectrum0.ar"
"dataset_0044","eta_raw",NA,1,10000,10000,0.141540678671872,0.120979446911836,1655.96423444503,0.165596423444503,0.00347820998376803,0.0245739247289567,"coda::spectrum0.ar"
"dataset_0044","eta",NA,1,10000,10000,0.112073186412774,0.0758494588919771,1655.96423444503,0.165596423444503,0.00275407804704182,0.0245739247289566,"coda::spectrum0.ar"
"dataset_0044","rho",NA,1,10000,10000,0.0622116920927786,0.0508818739754882,760.643099527183,0.0760643099527183,0.00225570108781036,0.0362584750861035,"coda::spectrum0.ar"
"dataset_0045","beta0",NA,1,10000,10000,0.0286669202977921,0.0192410779478357,427.103056069892,0.0427103056069892,0.00138712212684521,0.0483875530554303,"coda::spectrum0.ar"
"dataset_0045","sigma2_w",NA,1,10000,10000,0.0632516930167376,0.02025215909302,1975.48155290884,0.197548155290884,0.00142310080784954,0.0224990152828471,"coda::spectrum0.ar"
"dataset_0045","eta_raw",NA,1,10000,10000,0.282205642696078,0.543619865387652,1464.99474798839,0.146499474798839,0.0073730581537626,0.026126544045411,"coda::spectrum0.ar"
"dataset_0045","eta",NA,1,10000,10000,0.236273409503683,0.381060233254413,1464.9947479884,0.14649947479884,0.00617300764015737,0.0261265440454109,"coda::spectrum0.ar"
"dataset_0045","rho",NA,1,10000,10000,0.0553789186816813,0.0185718597657864,1651.32876999322,0.165132876999322,0.00136278610815441,0.0246083914347934,"coda::spectrum0.ar"
"dataset_0046","beta0",NA,1,10000,10000,0.0190203724463246,0.0103241862446192,350.414608401178,0.0350414608401178,0.00101608002857153,0.0534206168380193,"coda::spectrum0.ar"
"dataset_0046","sigma2_w",NA,1,10000,10000,0.20585606900379,1.66052769071279,255.200328080664,0.0255200328080664,0.012886146401127,0.0625978454921812,"coda::spectrum0.ar"
"dataset_0046","eta_raw",NA,1,10000,10000,0.138170372915854,0.253998955515577,751.619309337491,0.0751619309337491,0.00503983090505601,0.0364754816730883,"coda::spectrum0.ar"
"dataset_0046","eta",NA,1,10000,10000,0.0711616519832201,0.0673742764464705,751.619309337489,0.0751619309337489,0.00259565553274063,0.0364754816730883,"coda::spectrum0.ar"
"dataset_0046","rho",NA,1,10000,10000,0.121868988290971,0.610997508355606,243.078737702819,0.0243078737702819,0.0078166329602688,0.0641396393773782,"coda::spectrum0.ar"
"dataset_0047","beta0",NA,1,10000,10000,0.0112552895807606,0.00286925169790388,441.514223514531,0.0441514223514531,0.000535653964598777,0.0475913090245502,"coda::spectrum0.ar"
"dataset_0047","sigma2_w",NA,1,10000,10000,0.0450075240706714,0.149013394607107,135.939270983862,0.0135939270983862,0.00386022531216906,0.0857684440963178,"coda::spectrum0.ar"
"dataset_0047","eta_raw",NA,1,10000,10000,0.138923060659416,0.130095252908001,1483.49892494753,0.148349892494753,0.00360687195375718,0.025963090192778,"coda::spectrum0.ar"
"dataset_0047","eta",NA,1,10000,10000,0.104040299376644,0.0729652291103924,1483.49892494753,0.148349892494753,0.00270120767639944,0.025963090192778,"coda::spectrum0.ar"
"dataset_0047","rho",NA,1,10000,10000,0.127138441740087,0.740601356685257,218.257544658632,0.0218257544658632,0.00860581987195443,0.0676885743931607,"coda::spectrum0.ar"
"dataset_0048","beta0",NA,1,10000,10000,0.0153299656364512,0.00566301536711355,414.987124667752,0.0414987124667752,0.0007525300902365,0.0490888308612482,"coda::spectrum0.ar"
"dataset_0048","sigma2_w",NA,1,10000,10000,0.0317080776970096,0.0191681634198897,524.516704712748,0.0524516704712748,0.00138449136580513,0.0436636802468699,"coda::spectrum0.ar"
"dataset_0048","eta_raw",NA,1,10000,10000,0.157345540051306,0.192451125049996,1286.43669750466,0.128643669750466,0.00438692517659005,0.027880835867096,"coda::spectrum0.ar"
"dataset_0048","eta",NA,1,10000,10000,0.104007814355634,0.0840898387617456,1286.43669750466,0.128643669750466,0.0028998248009448,0.0278808358670959,"coda::spectrum0.ar"
"dataset_0048","rho",NA,1,10000,10000,0.116650730459259,0.299953165975448,453.650584831386,0.0453650584831386,0.0054767980241693,0.0469503963036228,"coda::spectrum0.ar"
"dataset_0049","beta0",NA,1,10000,10000,0.00949316040981951,0.00179653868921536,501.631805134821,0.0501631805134821,0.000423855953033027,0.0446485611466757,"coda::spectrum0.ar"
"dataset_0049","sigma2_w",NA,1,10000,10000,0.105245601040136,0.834137431902268,132.791505508139,0.0132791505508139,0.00913311245908134,0.0867790422480305,"coda::spectrum0.ar"
"dataset_0049","eta_raw",NA,1,10000,10000,0.111907656172212,0.0902265912499621,1387.98588492206,0.138798588492206,0.00300377414680202,0.0268415428358145,"coda::spectrum0.ar"
"dataset_0049","eta",NA,1,10000,10000,0.0761234142765624,0.0417495182340889,1387.98588492206,0.138798588492206,0.0020432698851128,0.0268415428358145,"coda::spectrum0.ar"
"dataset_0049","rho",NA,1,10000,10000,0.095917901793896,0.553557672531146,166.202084102191,0.0166202084102191,0.0074401456473052,0.0775678523837213,"coda::spectrum0.ar"
"dataset_0050","beta0",NA,1,10000,10000,0.0287956751246363,0.0709395274564791,116.887007231942,0.0116887007231942,0.00266344753010978,0.0924947068815571,"coda::spectrum0.ar"
"dataset_0050","sigma2_w",NA,1,10000,10000,0.418114633793533,1.3284924058349,1315.92658132233,0.131592658132233,0.0115260244917096,0.0275666612936615,"coda::spectrum0.ar"
"dataset_0050","eta_raw",NA,1,10000,10000,0.211652621076196,0.263578016580591,1699.56632156108,0.169956632156108,0.00513398496862419,0.0242566566977497,"coda::spectrum0.ar"
"dataset_0050","eta",NA,1,10000,10000,0.139740503526919,0.114896418446444,1699.56632156111,0.169956632156111,0.00338963742082312,0.0242566566977494,"coda::spectrum0.ar"
"dataset_0050","rho",NA,1,10000,10000,0.0912701657385863,0.0889177830066185,936.847824166844,0.0936847824166844,0.0029819084997132,0.0326712291533896,"coda::spectrum0.ar"
"dataset_0051","beta0",NA,1,10000,10000,0.0099280315807497,0.00278128332832833,354.389680707594,0.0354389680707594,0.000527378737562327,0.0531201712316172,"coda::spectrum0.ar"
"dataset_0051","sigma2_w",NA,1,10000,10000,0.0421027308406506,0.0231319663133086,766.316153253434,0.0766316153253434,0.00152091966629762,0.0361240146643685,"coda::spectrum0.ar"
"dataset_0051","eta_raw",NA,1,10000,10000,0.073941659657053,0.0836682747534304,653.457842766777,0.0653457842766777,0.00289254688386257,0.0391193124049205,"coda::spectrum0.ar"
"dataset_0051","eta",NA,1,10000,10000,0.0529862672359983,0.0429644321616416,653.457842766788,0.0653457842766788,0.00207278634117561,0.0391193124049202,"coda::spectrum0.ar"
"dataset_0051","rho",NA,1,10000,10000,0.0809315215336316,0.132713970562575,493.535921650416,0.0493535921650416,0.00364299287073932,0.0450132754420718,"coda::spectrum0.ar"
"dataset_0052","beta0",NA,1,10000,10000,0.014203646872512,0.00630954716816265,319.743365256067,0.0319743365256067,0.000794326580706113,0.0559241290519094,"coda::spectrum0.ar"
"dataset_0052","sigma2_w",NA,1,10000,10000,0.0706846884730473,0.0336664161617685,1484.06802806815,0.148406802806815,0.0018348410329445,0.0259581116162681,"coda::spectrum0.ar"
"dataset_0052","eta_raw",NA,1,10000,10000,0.212797237114016,0.598073445823827,757.14219448388,0.075714219448388,0.00773352083997856,0.0363422051191152,"coda::spectrum0.ar"
"dataset_0052","eta",NA,1,10000,10000,0.1622160472241,0.347544307644204,757.142194483883,0.0757142194483883,0.0058952888618303,0.0363422051191151,"coda::spectrum0.ar"
"dataset_0052","rho",NA,1,10000,10000,0.0800778836868841,0.0928313811410165,690.765059934766,0.0690765059934766,0.00304682426701995,0.0380482616015861,"coda::spectrum0.ar"
"dataset_0053","beta0",NA,1,10000,10000,0.00337211658982978,0.000251322787811937,452.452815536735,0.0452452815536735,0.000158531633377045,0.0470125006517189,"coda::spectrum0.ar"
"dataset_0053","sigma2_w",NA,1,10000,10000,0.00370253831779787,0.0016175019007944,84.7528524574143,0.00847528524574143,0.000402181787354226,0.108623261350453,"coda::spectrum0.ar"
"dataset_0053","eta_raw",NA,1,10000,10000,0.0366183763621102,0.08622546669624,155.511537226115,0.0155511537226115,0.00293641731871068,0.0801897192183827,"coda::spectrum0.ar"
"dataset_0053","eta",NA,1,10000,10000,0.0245019575360747,0.0386045906180373,155.511537226121,0.0155511537226121,0.00196480509511853,0.0801897192183813,"coda::spectrum0.ar"
"dataset_0053","rho",NA,1,10000,10000,0.106747521337203,1.04894571107241,108.633203714487,0.0108633203714487,0.01024180507075,0.0959441956352066,"coda::spectrum0.ar"
"dataset_0054","beta0",NA,1,10000,10000,0.0178405635355902,0.00787491222374665,404.176831720928,0.0404176831720928,0.000887407021819562,0.0497409748323963,"coda::spectrum0.ar"
"dataset_0054","sigma2_w",NA,1,10000,10000,0.775029546228886,52.1706889971518,115.1356842461,0.0115135684246099,0.0722292800719707,0.093195518059178,"coda::spectrum0.ar"
"dataset_0054","eta_raw",NA,1,10000,10000,0.0802878972727368,0.244230984839224,263.93647197226,0.026393647197226,0.00494197313670586,0.0615531519018122,"coda::spectrum0.ar"
"dataset_0054","eta",NA,1,10000,10000,0.0660254913155096,0.165167226449581,263.93647197225,0.026393647197225,0.00406407709633542,0.0615531519018134,"coda::spectrum0.ar"
"dataset_0054","rho",NA,1,10000,10000,0.119936207478815,1.39533606868887,103.091249392829,0.0103091249392829,0.0118124344175486,0.0984893108249656,"coda::spectrum0.ar"
"dataset_0055","beta0",NA,1,10000,10000,0.00932876236173336,0.00188142472153192,462.552693210248,0.0462552693210248,0.000433753930418148,0.0464964068757298,"coda::spectrum0.ar"
"dataset_0055","sigma2_w",NA,1,10000,10000,0.102400776225549,1.21117636323796,86.5763177838275,0.00865763177838275,0.0110053458066431,0.107473265460435,"coda::spectrum0.ar"
"dataset_0055","eta_raw",NA,1,10000,10000,0.0863108692579606,0.752572296259579,98.9880465848992,0.00989880465848992,0.00867509248515299,0.100509849567444,"coda::spectrum0.ar"
"dataset_0055","eta",NA,1,10000,10000,0.059197016571741,0.354011104561968,98.9880465848938,0.00989880465848938,0.00594988323046737,0.100509849567447,"coda::spectrum0.ar"
"dataset_0055","rho",NA,1,10000,10000,0.105696778792092,1.02074267760764,109.447849023108,0.0109447849023108,0.0101031810713638,0.0955864614496626,"coda::spectrum0.ar"
"dataset_0056","beta0",NA,1,10000,10000,0.00818447694958128,0.00155016627711685,432.11921151332,0.043211921151332,0.000393721510349238,0.0481058854187843,"coda::spectrum0.ar"
"dataset_0056","sigma2_w",NA,1,10000,10000,0.0613634852225688,0.324921022853136,115.889002367274,0.0115889002367274,0.00570018440800941,0.0928921228534286,"coda::spectrum0.ar"
"dataset_0056","eta_raw",NA,1,10000,10000,0.0493700858484728,0.316550183644591,76.999019511617,0.0076999019511617,0.00562627926470586,0.113961302031641,"coda::spectrum0.ar"
"dataset_0056","eta",NA,1,10000,10000,0.031825512743098,0.131542358303435,76.9990195116215,0.00769990195116215,0.00362687687002792,0.113961302031638,"coda::spectrum0.ar"
"dataset_0056","rho",NA,1,10000,10000,0.0889354362735596,0.579615576486512,136.461339999072,0.0136461339999072,0.00761324882350835,0.0856042219221873,"coda::spectrum0.ar"
"dataset_0057","beta0",NA,1,10000,10000,0.0185008075749323,0.01191428477519,287.285294403427,0.0287285294403427,0.00109152575669061,0.0589988167959527,"coda::spectrum0.ar"
"dataset_0057","sigma2_w",NA,1,10000,10000,0.0445702548499882,0.0165765127460803,1198.38692722788,0.119838692722788,0.00128749806780749,0.0288869352921781,"coda::spectrum0.ar"
"dataset_0057","eta_raw",NA,1,10000,10000,0.221331774085004,0.349592571487425,1401.28132617879,0.140128132617879,0.00591263538100757,0.026713902264827,"coda::spectrum0.ar"
"dataset_0057","eta",NA,1,10000,10000,0.137877432020427,0.135662881574161,1401.28132617878,0.140128132617878,0.00368324424351903,0.0267139022648271,"coda::spectrum0.ar"
"dataset_0057","rho",NA,1,10000,10000,0.0695708813730961,0.0645534310824768,749.783156970455,0.0749783156970455,0.00254073672548883,0.036520116970537,"coda::spectrum0.ar"
"dataset_0058","beta0",NA,1,10000,10000,0.00930528271321815,0.00234211964253308,369.700525970008,0.0369700525970008,0.000483954506388057,0.0520085763434785,"coda::spectrum0.ar"
"dataset_0058","sigma2_w",NA,1,10000,10000,0.0312985670147618,0.0075006772904472,1306.01578930098,0.130601578930098,0.000866064506283868,0.027671059377108,"coda::spectrum0.ar"
"dataset_0058","eta_raw",NA,1,10000,10000,0.0643011352216651,0.183651620349678,225.134740598661,0.0225134740598661,0.00428545937268898,0.0666467140574692,"coda::spectrum0.ar"
"dataset_0058","eta",NA,1,10000,10000,0.0476573281585536,0.100882738984334,225.134740598663,0.0225134740598663,0.00317620432252609,0.066646714057469,"coda::spectrum0.ar"
"dataset_0058","rho",NA,1,10000,10000,0.0658568658985896,0.0670721466837572,646.636047961043,0.0646636047961043,0.00258982908091938,0.0393251188859694,"coda::spectrum0.ar"
"dataset_0059","beta0",NA,1,10000,10000,0.0091171591218,0.00231762920958158,358.65353313884,0.035865353313884,0.000481417615961608,0.0528034675637603,"coda::spectrum0.ar"
"dataset_0059","sigma2_w",NA,1,10000,10000,0.0196573026322539,0.00489392753552868,789.569408150771,0.0789569408150771,0.000699566118070957,0.0355881033709632,"coda::spectrum0.ar"
"dataset_0059","eta_raw",NA,1,10000,10000,0.0538464066466256,0.121587154302536,238.465611386818,0.0238465611386818,0.00348693496214851,0.064757059557047,"coda::spectrum0.ar"
"dataset_0059","eta",NA,1,10000,10000,0.0391371166475556,0.0642320664424758,238.465611386818,0.0238465611386818,0.00253440459363685,0.064757059557047,"coda::spectrum0.ar"
"dataset_0059","rho",NA,1,10000,10000,0.0670074590887707,0.0914687542101257,490.877962896342,0.0490877962896342,0.00302438017137604,0.0451349776950858,"coda::spectrum0.ar"
"dataset_0060","beta0",NA,1,10000,10000,0.0153212961178229,0.00694282116794083,338.107678495251,0.0338107678495251,0.000833235931050794,0.0543841672821341,"coda::spectrum0.ar"
"dataset_0060","sigma2_w",NA,1,10000,10000,0.0427245978218993,0.0106877120212852,1707.93454708329,0.170793454708329,0.00103381391078304,0.0241971595635042,"coda::spectrum0.ar"
"dataset_0060","eta_raw",NA,1,10000,10000,0.240475248167139,0.77028744769773,750.737210555452,0.0750737210555452,0.00877660211982821,0.0364969043039645,"coda::spectrum0.ar"
"dataset_0060","eta",NA,1,10000,10000,0.183498183221282,0.448513578014852,750.737210555448,0.0750737210555448,0.00669711563297851,0.0364969043039646,"coda::spectrum0.ar"
"dataset_0060","rho",NA,1,10000,10000,0.0636035796621496,0.0394277605288789,1026.03224012085,0.102603224012085,0.0019856424786169,0.0312190365568144,"coda::spectrum0.ar"
"dataset_0061","beta0",NA,1,10000,10000,0.00904863152167503,0.00234154189573099,349.674428479488,0.0349674428479488,0.000483894812508978,0.0534771264969581,"coda::spectrum0.ar"
"dataset_0061","sigma2_w",NA,1,10000,10000,0.096460519986181,0.333183366962245,279.264598375308,0.0279264598375308,0.00577220379891636,0.0598400651348686,"coda::spectrum0.ar"
"dataset_0061","eta_raw",NA,1,10000,10000,0.149596009407662,0.39830719218302,561.851919068893,0.0561851919068893,0.00631115831035017,0.0421880124699833,"coda::spectrum0.ar"
"dataset_0061","eta",NA,1,10000,10000,0.123596545226282,0.271888472271983,561.851919068894,0.0561851919068894,0.00521429259125323,0.0421880124699833,"coda::spectrum0.ar"
"dataset_0061","rho",NA,1,10000,10000,0.0874232305673286,0.260954965993901,292.878934636059,0.0292878934636059,0.00510837514278172,0.0584326970032013,"coda::spectrum0.ar"
"dataset_0062","beta0",NA,1,10000,10000,0.014298935889409,0.00431663145882941,473.655371137181,0.0473655371137181,0.000657010765423932,0.0459482279314625,"coda::spectrum0.ar"
"dataset_0062","sigma2_w",NA,1,10000,10000,0.021191519539994,0.00235026437443373,1910.76589212288,0.191076589212288,0.000484795253115552,0.0228768518557914,"coda::spectrum0.ar"
"dataset_0062","eta_raw",NA,1,10000,10000,0.296085213857591,0.768401071677736,1140.89447680862,0.114089447680862,0.00876584891312722,0.0296058313717191,"coda::spectrum0.ar"
"dataset_0062","eta",NA,1,10000,10000,0.238209126702403,0.497360528933829,1140.89447680861,0.114089447680861,0.00705237923635584,0.0296058313717192,"coda::spectrum0.ar"
"dataset_0062","rho",NA,1,10000,10000,0.041397257244682,0.015545349122237,1102.40876155747,0.110240876155747,0.00124680989417942,0.0301181763518787,"coda::spectrum0.ar"
"dataset_0063","beta0",NA,1,10000,10000,0.00568838538236155,0.000632298101749994,511.747989891302,0.0511747989891302,0.000251455384064449,0.0442050541871086,"coda::spectrum0.ar"
"dataset_0063","sigma2_w",NA,1,10000,10000,0.0120220354658365,0.00585147859407704,246.99626670108,0.024699626670108,0.000764949579650649,0.063628957161575,"coda::spectrum0.ar"
"dataset_0063","eta_raw",NA,1,10000,10000,0.0983662416374311,0.940431174681309,102.888098080675,0.0102888098080675,0.00969758307353595,0.0985864958557667,"coda::spectrum0.ar"
"dataset_0063","eta",NA,1,10000,10000,0.0683004302642496,0.45340023397306,102.888098080664,0.0102888098080664,0.00673350008519388,0.0985864958557719,"coda::spectrum0.ar"
"dataset_0063","rho",NA,1,10000,10000,0.0798515924014926,0.354163905075628,180.037454909261,0.0180037454909261,0.00595116715506822,0.0745278456708269,"coda::spectrum0.ar"
"dataset_0064","beta0",NA,1,10000,10000,0.0108280704929901,0.00465223687304339,252.023088679196,0.0252023088679196,0.000682073080618448,0.0629911932195128,"coda::spectrum0.ar"
"dataset_0064","sigma2_w",NA,1,10000,10000,0.066318618911062,0.0655774971417157,670.681164419262,0.0670681164419262,0.00256081036278979,0.0386137468608027,"coda::spectrum0.ar"
"dataset_0064","eta_raw",NA,1,10000,10000,0.0312515111233059,0.0122115841297229,799.779076256731,0.0799779076256731,0.00110506036621186,0.035360221841809,"coda::spectrum0.ar"
"dataset_0064","eta",NA,1,10000,10000,0.0216402444486926,0.00585536923510168,799.779076256733,0.0799779076256733,0.000765203844416747,0.035360221841809,"coda::spectrum0.ar"
"dataset_0064","rho",NA,1,10000,10000,0.0638323700478698,0.069744279536831,584.215865872764,0.0584215865872764,0.00264091422686976,0.0413726487813199,"coda::spectrum0.ar"
"dataset_0065","beta0",NA,1,10000,10000,0.0220521372354377,0.0109672331878914,443.408787174769,0.0443408787174769,0.00104724558666491,0.0474895279076167,"coda::spectrum0.ar"
"dataset_0065","sigma2_w",NA,1,10000,10000,0.141400640692151,0.532685165032948,375.34631149178,0.037534631149178,0.00729852837928954,0.0516159498540001,"coda::spectrum0.ar"
"dataset_0065","eta_raw",NA,1,10000,10000,0.183318016296321,0.291652574273216,1152.24407610876,0.115224407610876,0.0054004867768861,0.02945966188155,"coda::spectrum0.ar"
"dataset_0065","eta",NA,1,10000,10000,0.146839872493155,0.187130041289713,1152.24407610877,0.115224407610877,0.00432585299437825,0.0294596618815499,"coda::spectrum0.ar"
"dataset_0065","rho",NA,1,10000,10000,0.130447266945426,0.456754132443018,372.552501331867,0.0372552501331867,0.00675835876854002,0.0518091250724895,"coda::spectrum0.ar"
"dataset_0066","beta0",NA,1,10000,10000,0.0234825917873433,0.0325612354876267,169.352332241985,0.0169352332241985,0.00180447320533242,0.0768430172305341,"coda::spectrum0.ar"
"dataset_0066","sigma2_w",NA,1,10000,10000,0.139579102187793,0.234842592721944,829.590814074249,0.0829590814074249,0.00484605605334837,0.0347190659446166,"coda::spectrum0.ar"
"dataset_0066","eta_raw",NA,1,10000,10000,0.299512340675097,0.776107382726797,1155.8663686653,0.11558663686653,0.00880969569693981,0.0294134648244639,"coda::spectrum0.ar"
"dataset_0066","eta",NA,1,10000,10000,0.221887585786235,0.425949764269858,1155.8663686653,0.11558663686653,0.00652648269950866,0.0294134648244639,"coda::spectrum0.ar"
"dataset_0066","rho",NA,1,10000,10000,0.0241961325791564,0.00298919189589568,1958.56556613836,0.195856556613836,0.000546735026854479,0.0225959675607605,"coda::spectrum0.ar"
"dataset_0067","beta0",NA,1,10000,10000,0.0193387172866964,0.0171098752648942,218.579025565493,0.0218579025565493,0.00130804721875375,0.0676387786926069,"coda::spectrum0.ar"
"dataset_0067","sigma2_w",NA,1,10000,10000,0.701460468117272,19.5888777160679,251.186819103832,0.0251186819103832,0.0442593241205375,0.0630959635392284,"coda::spectrum0.ar"
"dataset_0067","eta_raw",NA,1,10000,10000,0.153938157543674,0.148843512686768,1592.07182900943,0.159207182900943,0.0038580242700995,0.02506216997566,"coda::spectrum0.ar"
"dataset_0067","eta",NA,1,10000,10000,0.0987739540854413,0.0612804889069804,1592.07182900943,0.159207182900943,0.00247548962645737,0.02506216997566,"coda::spectrum0.ar"
"dataset_0067","rho",NA,1,10000,10000,0.160656423928471,0.896480781354883,287.908977931199,0.0287908977931199,0.00946826690242139,0.058934878985212,"coda::spectrum0.ar"
"dataset_0068","beta0",NA,1,10000,10000,0.0229741355491656,0.0184963191168409,285.359968595515,0.0285359968595515,0.00136001173218619,0.0591975149304623,"coda::spectrum0.ar"
"dataset_0068","sigma2_w",NA,1,10000,10000,0.239465300369484,0.726085037093103,789.764657740691,0.0789764657740691,0.00852106235802264,0.0355837039641026,"coda::spectrum0.ar"
"dataset_0068","eta_raw",NA,1,10000,10000,0.122246289054093,0.101773550841535,1468.37317396595,0.146837317396595,0.00319019671558879,0.0260964708235613,"coda::spectrum0.ar"
"dataset_0068","eta",NA,1,10000,10000,0.0900785362132114,0.0552594042861681,1468.37317396595,0.146837317396595,0.00235073189211718,0.0260964708235613,"coda::spectrum0.ar"
"dataset_0068","rho",NA,1,10000,10000,0.0986823549504471,0.142576331333014,683.017096001763,0.0683017096001763,0.00377592811548384,0.0382634577111573,"coda::spectrum0.ar"
"dataset_0069","beta0",NA,1,10000,10000,0.0152435763349221,0.00703635970833299,330.236982062485,0.0330236982062485,0.000838830120366037,0.0550284330878661,"coda::spectrum0.ar"
"dataset_0069","sigma2_w",NA,1,10000,10000,0.453378908962198,11.5144396523388,178.517097920611,0.0178517097920611,0.033932933342608,0.0748445343879843,"coda::spectrum0.ar"
"dataset_0069","eta_raw",NA,1,10000,10000,0.0568004101741238,0.0394626599123065,817.554266012003,0.0817554266012003,0.00198652107746952,0.0349737100732153,"coda::spectrum0.ar"
"dataset_0069","eta",NA,1,10000,10000,0.0407261281324102,0.0202875525406791,817.554266012007,0.0817554266012007,0.00142434379770753,0.0349737100732153,"coda::spectrum0.ar"
"dataset_0069","rho",NA,1,10000,10000,0.109862836535896,0.681503586741151,177.106079652921,0.0177106079652921,0.00825532305086331,0.075142089091847,"coda::spectrum0.ar"
"dataset_0070","beta0",NA,1,10000,10000,0.0139222358351292,0.00481946349141062,402.178896041859,0.0402178896041859,0.000694223558474547,0.0498643728418139,"coda::spectrum0.ar"
"dataset_0070","sigma2_w",NA,1,10000,10000,0.170642050267972,0.692656483227242,420.391781853923,0.0420391781853923,0.00832259865202716,0.0487722612272739,"coda::spectrum0.ar"
"dataset_0070","eta_raw",NA,1,10000,10000,0.0408418962036114,0.0284884804456947,585.521045492845,0.0585521045492845,0.00168785308737741,0.0413265113588964,"coda::spectrum0.ar"
"dataset_0070","eta",NA,1,10000,10000,0.0297407165840285,0.015106377981461,585.521045492841,0.0585521045492841,0.00122908006173158,0.0413265113588966,"coda::spectrum0.ar"
"dataset_0070","rho",NA,1,10000,10000,0.076226663965896,0.134414979115444,432.2810104653,0.04322810104653,0.00366626484470836,0.0480968817728748,"coda::spectrum0.ar"
"dataset_0071","beta0",NA,1,10000,10000,0.00815225139335702,0.00111069413263715,598.357376955755,0.0598357376955755,0.000333270780692991,0.0408808272233313,"coda::spectrum0.ar"
"dataset_0071","sigma2_w",NA,1,10000,10000,0.204806076446012,15.4738284759627,27.1074020332901,0.00271074020332901,0.039336787459022,0.192068458815437,"coda::spectrum0.ar"
"dataset_0071","eta_raw",NA,1,10000,10000,0.0249047418693544,0.0232622842958109,266.631668537758,0.0266631668537758,0.0015251978329322,0.0612412624444415,"coda::spectrum0.ar"
"dataset_0071","eta",NA,1,10000,10000,0.0166490160398996,0.0103959794654916,266.631668537762,0.0266631668537762,0.0010196067607412,0.061241262444441,"coda::spectrum0.ar"
"dataset_0071","rho",NA,1,10000,10000,0.078371424915719,1.14387968042596,53.6951599755053,0.00536951599755053,0.0106952310887889,0.136468503670701,"coda::spectrum0.ar"
"dataset_0072","beta0",NA,1,10000,10000,0.0115481206091774,0.00425774784430044,313.215095118014,0.0313215095118014,0.000652514202473819,0.0565039303412938,"coda::spectrum0.ar"
"dataset_0072","sigma2_w",NA,1,10000,10000,0.313997213990262,12.1309324449444,81.275079917485,0.0081275079917485,0.0348294881457428,0.110922920949302,"coda::spectrum0.ar"
"dataset_0072","eta_raw",NA,1,10000,10000,0.0740674594617772,0.02599753343496,2110.19578639901,0.211019578639901,0.00161237506291061,0.0217690072621255,"coda::spectrum0.ar"
"dataset_0072","eta",NA,1,10000,10000,0.0515656514681895,0.012600804287816,2110.19578639902,0.211019578639902,0.00112253304128725,0.0217690072621254,"coda::spectrum0.ar"
"dataset_0072","rho",NA,1,10000,10000,0.135593344652836,1.51551189482855,121.315808717046,0.0121315808717046,0.0123106128800663,0.090790686752256,"coda::spectrum0.ar"
"dataset_0073","beta0",NA,1,10000,10000,0.0117426843564713,0.00461951680030934,298.49579914177,0.029849579914177,0.000679670273022834,0.0578803153001614,"coda::spectrum0.ar"
"dataset_0073","sigma2_w",NA,1,10000,10000,0.0747234684209649,0.0520661907787593,1072.40354044429,0.107240354044429,0.00228180171747589,0.0305366140744572,"coda::spectrum0.ar"
"dataset_0073","eta_raw",NA,1,10000,10000,0.128148886784928,0.107231560701548,1531.46490424802,0.153146490424802,0.00327462304245158,0.0255532695180363,"coda::spectrum0.ar"
"dataset_0073","eta",NA,1,10000,10000,0.0959771704503418,0.0601490587352183,1531.46490424802,0.153146490424802,0.00245253050409609,0.0255532695180363,"coda::spectrum0.ar"
"dataset_0073","rho",NA,1,10000,10000,0.0581965145597351,0.0482969291766138,701.252515354832,0.0701252515354832,0.002197656232822,0.0377626778759446,"coda::spectrum0.ar"
"dataset_0074","beta0",NA,1,10000,10000,0.00835055084128797,0.00123668070149195,563.861789618048,0.0563861789618048,0.000351664712686949,0.0421127563164096,"coda::spectrum0.ar"
"dataset_0074","sigma2_w",NA,1,10000,10000,0.0307108174847292,0.0114527477205393,823.517930888236,0.0823517930888236,0.0010701751127988,0.0348468455237618,"coda::spectrum0.ar"
"dataset_0074","eta_raw",NA,1,10000,10000,0.189913337408806,0.876404294687809,411.534675769689,0.0411534675769689,0.00936164672847576,0.0492943089527406,"coda::spectrum0.ar"
"dataset_0074","eta",NA,1,10000,10000,0.137298511665583,0.45806301183072,411.53467576969,0.041153467576969,0.00676803525279472,0.0492943089527406,"coda::spectrum0.ar"
"dataset_0074","rho",NA,1,10000,10000,0.087097393804643,0.111756329971636,678.794302701813,0.0678794302701813,0.00334299760651479,0.0383822920581647,"coda::spectrum0.ar"
"dataset_0075","beta0",NA,1,10000,10000,0.00722588277949701,0.00092702675208685,563.234899375803,0.0563234899375803,0.000304471140190142,0.0421361859140671,"coda::spectrum0.ar"
"dataset_0075","sigma2_w",NA,1,10000,10000,0.0318942705917588,0.112941898100835,90.0679476514664,0.00900679476514664,0.00336068293804749,0.105369487236867,"coda::spectrum0.ar"
"dataset_0075","eta_raw",NA,1,10000,10000,0.0548100902131786,0.23660711034734,126.967696987918,0.0126967696987918,0.0048642276914978,0.0887469382476629,"coda::spectrum0.ar"
"dataset_0075","eta",NA,1,10000,10000,0.0376297869228745,0.111524497762268,126.967696987917,0.0126967696987917,0.00333952837631706,0.088746938247663,"coda::spectrum0.ar"
"dataset_0075","rho",NA,1,10000,10000,0.0951443415837517,0.762567165503829,118.710143118012,0.0118710143118012,0.00873250917837382,0.0917816975031242,"coda::spectrum0.ar"
"dataset_0076","beta0",NA,1,10000,10000,0.00201760486641367,6.54543764643607e-05,621.918596870694,0.0621918596870694,8.09038790567923e-05,0.0400989710143792,"coda::spectrum0.ar"
"dataset_0076","sigma2_w",NA,1,10000,10000,0.0139478086030163,0.0344287141875561,56.5055563116816,0.00565055563116816,0.00185549762025059,0.133031479930785,"coda::spectrum0.ar"
"dataset_0076","eta_raw",NA,1,10000,10000,0.212944642966616,44.0184165403574,10.301465734599,0.0010301465734599,0.0663463763444225,0.311566308596097,"coda::spectrum0.ar"
"dataset_0076","eta",NA,1,10000,10000,0.17303002451283,29.0632325090047,10.3014657346303,0.00103014657346303,0.0539103260136726,0.311566308595624,"coda::spectrum0.ar"
"dataset_0076","rho",NA,1,10000,10000,0.0122484489890992,0.0416136781392985,36.0517285053172,0.00360517285053172,0.00203994309085569,0.166547053645012,"coda::spectrum0.ar"
"dataset_0077","beta0",NA,1,10000,10000,0.0169894513584921,0.0104289614246688,276.769129455031,0.0276769129455031,0.00102122286620839,0.0601092315849233,"coda::spectrum0.ar"
"dataset_0077","sigma2_w",NA,1,10000,10000,0.0399701195991589,0.0329036330231246,485.542268128346,0.0485542268128346,0.00181393585948138,0.0453822975180578,"coda::spectrum0.ar"
"dataset_0077","eta_raw",NA,1,10000,10000,0.289935857492752,1.63660803231132,513.640406257441,0.0513640406257441,0.0127929982111752,0.0441235462277893,"coda::spectrum0.ar"
"dataset_0077","eta",NA,1,10000,10000,0.188752552963312,0.693627795168281,513.640406257424,0.0513640406257424,0.00832843199629007,0.04412354622779,"coda::spectrum0.ar"
"dataset_0077","rho",NA,1,10000,10000,0.162204363246541,0.947381177192583,277.715623759618,0.0277715623759618,0.00973335079606495,0.0600067137606577,"coda::spectrum0.ar"
"dataset_0078","beta0",NA,1,10000,10000,0.0178861694968434,0.00793203593752949,403.320234287103,0.0403320234287103,0.000890619780688116,0.0497937683552252,"coda::spectrum0.ar"
"dataset_0078","sigma2_w",NA,1,10000,10000,0.0631655241355878,0.0715485299668168,557.647157974311,0.0557647157974311,0.00267485569642209,0.0423467664208783,"coda::spectrum0.ar"
"dataset_0078","eta_raw",NA,1,10000,10000,0.132313124446861,0.359360677055982,487.164122805883,0.0487164122805883,0.00599466994133941,0.0453066917314537,"coda::spectrum0.ar"
"dataset_0078","eta",NA,1,10000,10000,0.0941193826948443,0.181837245071272,487.164122805888,0.0487164122805888,0.00426423785771,0.0453066917314534,"coda::spectrum0.ar"
"dataset_0078","rho",NA,1,10000,10000,0.0913875866527557,0.213672924823804,390.863325388642,0.0390863325388642,0.00462247687743059,0.0505810148482699,"coda::spectrum0.ar"
"dataset_0079","beta0",NA,1,10000,10000,0.0178294586768489,0.00647600713664688,490.872832598603,0.0490872832598603,0.000804736424964527,0.0451352135558359,"coda::spectrum0.ar"
"dataset_0079","sigma2_w",NA,1,10000,10000,0.133758578423407,1.98171529961738,90.2821777946862,0.00902821777946862,0.0140773410117727,0.105244397613225,"coda::spectrum0.ar"
"dataset_0079","eta_raw",NA,1,10000,10000,0.106837018374415,0.504635373104839,226.186056377856,0.0226186056377856,0.00710376923263164,0.0664916462544486,"coda::spectrum0.ar"
"dataset_0079","eta",NA,1,10000,10000,0.0716525585210309,0.226985218489045,226.186056377832,0.0226186056377832,0.00476429657440681,0.0664916462544521,"coda::spectrum0.ar"
"dataset_0079","rho",NA,1,10000,10000,0.158470470177834,1.24003642444518,202.517356936669,0.0202517356936669,0.011135692275046,0.0702698254289877,"coda::spectrum0.ar"
"dataset_0080","beta0",NA,1,10000,10000,0.00394721381353824,0.000408956266156813,380.981982161701,0.0380981982161701,0.000202226671375665,0.0512327633942868,"coda::spectrum0.ar"
"dataset_0080","sigma2_w",NA,1,10000,10000,0.0162537754575556,0.0416156870415616,63.4821230659473,0.00634821230659473,0.00203999232943562,0.125508829303245,"coda::spectrum0.ar"
"dataset_0080","eta_raw",NA,1,10000,10000,0.15314836983714,1.21419163491761,193.169039460273,0.0193169039460273,0.0110190364139411,0.0719500731588521,"coda::spectrum0.ar"
"dataset_0080","eta",NA,1,10000,10000,0.117274823351949,0.711986984594341,193.169039460278,0.0193169039460278,0.00843793211986409,0.0719500731588513,"coda::spectrum0.ar"
"dataset_0080","rho",NA,1,10000,10000,0.092294660073507,1.3638174912664,62.4592684331564,0.00624592684331564,0.0116782596788494,0.126532344011543,"coda::spectrum0.ar"
"dataset_0081","beta0",NA,1,10000,10000,0.00896052329101997,0.00235612305063659,340.775825045377,0.0340775825045377,0.00048539911934784,0.0541708451150722,"coda::spectrum0.ar"
"dataset_0081","sigma2_w",NA,1,10000,10000,0.341528232873402,54.697724404961,21.3247507311382,0.00213247507311382,0.0739579099251466,0.216549915369841,"coda::spectrum0.ar"
"dataset_0081","eta_raw",NA,1,10000,10000,0.0342574893780859,0.0829303733815923,141.51336001945,0.014151336001945,0.00287976341704648,0.0840623019761814,"coda::spectrum0.ar"
"dataset_0081","eta",NA,1,10000,10000,0.0277074384176413,0.0542494463817326,141.513360019448,0.0141513360019448,0.00232915105525023,0.084062301976182,"coda::spectrum0.ar"
"dataset_0081","rho",NA,1,10000,10000,0.0947682558850107,1.16861661063324,76.8517428365177,0.00768517428365177,0.01081025721541,0.114070445999628,"coda::spectrum0.ar"
"dataset_0082","beta0",NA,1,10000,10000,0.0146330134393662,0.00684233748742807,312.941422006878,0.0312941422006878,0.000827184229022052,0.0565286318125518,"coda::spectrum0.ar"
"dataset_0082","sigma2_w",NA,1,10000,10000,0.728916888715153,39.8851254967474,133.212525731556,0.0133212525731555,0.0631546716377715,0.0866418004789174,"coda::spectrum0.ar"
"dataset_0082","eta_raw",NA,1,10000,10000,0.0240705124186567,0.00610568212816318,948.935034505321,0.0948935034505321,0.000781388643900279,0.0324624848158462,"coda::spectrum0.ar"
"dataset_0082","eta",NA,1,10000,10000,0.0183710996509662,0.00355659017860655,948.935034505324,0.0948935034505324,0.000596371543469887,0.0324624848158462,"coda::spectrum0.ar"
"dataset_0082","rho",NA,1,10000,10000,0.124132788066152,1.07553439748202,143.26784070459,0.014326784070459,0.0103707974499651,0.0835459962797128,"coda::spectrum0.ar"
"dataset_0083","beta0",NA,1,10000,10000,0.0134968779363143,0.00437735914620167,416.154370577149,0.0416154370577149,0.000661616138421794,0.0490199393921811,"coda::spectrum0.ar"
"dataset_0083","sigma2_w",NA,1,10000,10000,0.0711250332300609,0.342785138679372,147.578461874598,0.0147578461874598,0.0058547855526857,0.0823168058670402,"coda::spectrum0.ar"
"dataset_0083","eta_raw",NA,1,10000,10000,0.0580430504317516,0.0459073565078084,733.868373111361,0.0733868373111361,0.0021426002078738,0.0369139835335346,"coda::spectrum0.ar"
"dataset_0083","eta",NA,1,10000,10000,0.0376465208215932,0.0193121897863229,733.868373111355,0.0733868373111355,0.00138968304970317,0.0369139835335348,"coda::spectrum0.ar"
"dataset_0083","rho",NA,1,10000,10000,0.153431304397111,1.05316423631989,223.527958481194,0.0223527958481194,0.0102623790434767,0.0668858228364894,"coda::spectrum0.ar"
"dataset_0084","beta0",NA,1,10000,10000,0.0166325771678536,0.00969040887963744,285.480857083253,0.0285480857083253,0.000984398744393624,0.0591849798416211,"coda::spectrum0.ar"
"dataset_0084","sigma2_w",NA,1,10000,10000,0.044695893316878,0.0124830197804374,1600.35225012176,0.160035225012176,0.00111727435218201,0.0249972485002355,"coda::spectrum0.ar"
"dataset_0084","eta_raw",NA,1,10000,10000,0.283289847565714,0.646892997605232,1240.59369989935,0.124059369989935,0.00804296585598392,0.0283912957880293,"coda::spectrum0.ar"
"dataset_0084","eta",NA,1,10000,10000,0.218043549568266,0.383227720019751,1240.59369989933,0.124059369989933,0.0061905389104645,0.0283912957880295,"coda::spectrum0.ar"
"dataset_0084","rho",NA,1,10000,10000,0.028391190413013,0.00624872985818898,1289.95765757359,0.128995765757359,0.000790489080138934,0.0278427592728418,"coda::spectrum0.ar"
"dataset_0085","beta0",NA,1,10000,10000,0.0296002222679641,0.0309025376957749,283.52789888601,0.028352789888601,0.0017579117638771,0.059388464990672,"coda::spectrum0.ar"
"dataset_0085","sigma2_w",NA,1,10000,10000,0.0753240720388661,0.0478401414344083,1185.97388268496,0.118597388268496,0.0021872389314935,0.0290377149334799,"coda::spectrum0.ar"
"dataset_0085","eta_raw",NA,1,10000,10000,0.274932952512372,0.520704622076386,1451.6508049372,0.14516508049372,0.00721598657202455,0.0262463502686162,"coda::spectrum0.ar"
"dataset_0085","eta",NA,1,10000,10000,0.180037682509696,0.223287632350842,1451.6508049372,0.14516508049372,0.00472533207669939,0.0262463502686161,"coda::spectrum0.ar"
"dataset_0085","rho",NA,1,10000,10000,0.0589337099187092,0.0214380359771926,1620.10277829442,0.162010277829442,0.00146417334961379,0.0248444116556282,"coda::spectrum0.ar"
"dataset_0086","beta0",NA,1,10000,10000,0.00438102944119679,0.000309093613662685,620.958121301689,0.0620958121301689,0.000175810583772048,0.0401299708508741,"coda::spectrum0.ar"
"dataset_0086","sigma2_w",NA,1,10000,10000,0.0104425108059133,0.00533421046384599,204.427689291048,0.0204427689291048,0.000730356793892272,0.0699407266572988,"coda::spectrum0.ar"
"dataset_0086","eta_raw",NA,1,10000,10000,0.0383900331107368,0.083336778630099,176.848045541224,0.0176848045541224,0.00288681101962181,0.0751968879863883,"coda::spectrum0.ar"
"dataset_0086","eta",NA,1,10000,10000,0.0286064647398702,0.0462730488430936,176.848045541217,0.0176848045541217,0.00215111712473063,0.0751968879863897,"coda::spectrum0.ar"
"dataset_0086","rho",NA,1,10000,10000,0.0854689852014904,0.386066129295598,189.21492659045,0.018921492659045,0.0062134219983484,0.0726979732320497,"coda::spectrum0.ar"
"dataset_0087","beta0",NA,1,10000,10000,0.0194725129726939,0.00798728071651203,474.728227202354,0.0474728227202354,0.000893715878594088,0.0458962785053649,"coda::spectrum0.ar"
"dataset_0087","sigma2_w",NA,1,10000,10000,0.101810428323643,0.321649738765141,322.256232983049,0.0322256232983049,0.00567141727229747,0.0557056616466511,"coda::spectrum0.ar"
"dataset_0087","eta_raw",NA,1,10000,10000,0.170697205965089,0.790877803743803,368.420203302695,0.0368420203302695,0.00889313107821876,0.0520988672775205,"coda::spectrum0.ar"
"dataset_0087","eta",NA,1,10000,10000,0.11658333748513,0.36891773190855,368.420203302695,0.0368420203302695,0.00607385982640816,0.0520988672775205,"coda::spectrum0.ar"
"dataset_0087","rho",NA,1,10000,10000,0.135229082007886,0.658149782600669,277.853234995157,0.0277853234995157,0.00811264311183888,0.0599918522804569,"coda::spectrum0.ar"
"dataset_0088","beta0",NA,1,10000,10000,0.0103466998156706,0.00308303188842189,347.236749245546,0.0347236749245546,0.000555250564017893,0.0536645088685129,"coda::spectrum0.ar"
"dataset_0088","sigma2_w",NA,1,10000,10000,0.0313668749776577,0.0062311126837163,1578.98098751316,0.157898098751316,0.000789373972443752,0.0251658468689028,"coda::spectrum0.ar"
"dataset_0088","eta_raw",NA,1,10000,10000,0.181775732383814,0.298569862888588,1106.68962245536,0.110668962245536,0.00546415467285277,0.0300598688350509,"coda::spectrum0.ar"
"dataset_0088","eta",NA,1,10000,10000,0.115757406761878,0.121079812698573,1106.68962245536,0.110668962245536,0.0034796524639477,0.0300598688350509,"coda::spectrum0.ar"
"dataset_0088","rho",NA,1,10000,10000,0.0542667266900486,0.0279917454347856,1052.0521603461,0.10520521603461,0.00167307338257429,0.0308305564868554,"coda::spectrum0.ar"
"dataset_0089","beta0",NA,1,10000,10000,0.00699804868343384,0.0011577860924761,422.985607565682,0.0422985607565682,0.000340262559279757,0.0486224910217108,"coda::spectrum0.ar"
"dataset_0089","sigma2_w",NA,1,10000,10000,0.852034124391137,149.264200266438,48.6360525719578,0.00486360525719578,0.122173728872634,0.143390652293344,"coda::spectrum0.ar"
"dataset_0089","eta_raw",NA,1,10000,10000,0.0229851449874814,0.0056633621355557,932.867928008107,0.0932867928008107,0.000752553130054995,0.0327408476415905,"coda::spectrum0.ar"
"dataset_0089","eta",NA,1,10000,10000,0.0148577135930301,0.00236637627454784,932.867928008161,0.0932867928008161,0.000486454137051772,0.0327408476415895,"coda::spectrum0.ar"
"dataset_0089","rho",NA,1,10000,10000,0.0488845945578813,0.469833896308188,50.8627326352143,0.00508627326352143,0.00685444305766842,0.140216833537455,"coda::spectrum0.ar"
"dataset_0090","beta0",NA,1,10000,10000,0.0224569020938176,0.0161931888525569,311.434922573437,0.0311434922573437,0.00127252461086444,0.0566651894169661,"coda::spectrum0.ar"
"dataset_0090","sigma2_w",NA,1,10000,10000,0.0883725611182722,0.0456609992601268,1710.36764090762,0.171036764090762,0.00213684344911195,0.0241799425304891,"coda::spectrum0.ar"
"dataset_0090","eta_raw",NA,1,10000,10000,0.278077167889267,0.596833066201911,1295.62042856311,0.129562042856311,0.0077254971762464,0.0277818464381181,"coda::spectrum0.ar"
"dataset_0090","eta",NA,1,10000,10000,0.191854565504061,0.28409689669353,1295.62042856311,0.129562042856311,0.0053300740772857,0.0277818464381181,"coda::spectrum0.ar"
"dataset_0090","rho",NA,1,10000,10000,0.0921715831013545,0.0721721442383861,1177.13015472407,0.117713015472407,0.00268648737645249,0.0291465903704654,"coda::spectrum0.ar"
"dataset_0091","beta0",NA,1,10000,10000,0.00839853237426261,0.00163830631007215,430.53820648735,0.043053820648735,0.000404759967149933,0.048194130725783,"coda::spectrum0.ar"
"dataset_0091","sigma2_w",NA,1,10000,10000,0.0113908602287024,0.00109911327816873,1180.51250337015,0.118051250337015,0.000331528773738981,0.0291048057023475,"coda::spectrum0.ar"
"dataset_0091","eta_raw",NA,1,10000,10000,0.143532808016919,0.260343530268169,791.326250973114,0.0791326250973114,0.00510238699304717,0.0355485764094139,"coda::spectrum0.ar"
"dataset_0091","eta",NA,1,10000,10000,0.11216359781526,0.158982122220672,791.326250973118,0.0791326250973118,0.00398725622729054,0.0355485764094139,"coda::spectrum0.ar"
"dataset_0091","rho",NA,1,10000,10000,0.0622129852847829,0.0668343117281462,579.112051574346,0.0579112051574346,0.00258523329175814,0.0415545609959739,"coda::spectrum0.ar"
"dataset_0092","beta0",NA,1,10000,10000,0.0100359757452589,0.00335312993773684,300.378485265041,0.0300378485265041,0.000579062167451547,0.0576986415820207,"coda::spectrum0.ar"
"dataset_0092","sigma2_w",NA,1,10000,10000,0.0288872690599072,0.00402340873970701,2074.04807148736,0.207404807148736,0.000634303455745514,0.0219578892843792,"coda::spectrum0.ar"
"dataset_0092","eta_raw",NA,1,10000,10000,0.300685906862049,1.71036073992921,528.613715660911,0.0528613715660911,0.0130780760814778,0.043494143832547,"coda::spectrum0.ar"
"dataset_0092","eta",NA,1,10000,10000,0.218016663624974,0.899168224546295,528.61371566092,0.052861371566092,0.00948244812559655,0.0434941438325467,"coda::spectrum0.ar"
"dataset_0092","rho",NA,1,10000,10000,0.0536629250891954,0.0580972869796058,495.670224693878,0.0495670224693878,0.00241033788045589,0.0449162597165467,"coda::spectrum0.ar"
"dataset_0093","beta0",NA,1,10000,10000,0.0162902283372975,0.00941756133984536,281.783712051348,0.0281783712051348,0.000970441205836055,0.0595719830159883,"coda::spectrum0.ar"
"dataset_0093","sigma2_w",NA,1,10000,10000,0.314748556120249,10.4831834586877,94.5005436279777,0.00945005436279777,0.0323777446075043,0.102868604090226,"coda::spectrum0.ar"
"dataset_0093","eta_raw",NA,1,10000,10000,0.29237949662315,4.56944176612955,187.08143011967,0.018708143011967,0.0213762526326051,0.0731113257923042,"coda::spectrum0.ar"
"dataset_0093","eta",NA,1,10000,10000,0.197815997172943,2.09166504192829,187.081430119668,0.0187081430119668,0.0144625898162407,0.0731113257923047,"coda::spectrum0.ar"
"dataset_0093","rho",NA,1,10000,10000,0.190662751299119,1.50793324304715,241.073568081111,0.0241073568081111,0.0122797933331435,0.0644058330716022,"coda::spectrum0.ar"
"dataset_0094","beta0",NA,1,10000,10000,0.0151019568972666,0.00753133667924566,302.826857754741,0.0302826857754741,0.000867832741906277,0.0574649197987944,"coda::spectrum0.ar"
"dataset_0094","sigma2_w",NA,1,10000,10000,0.263321611192934,7.99838168057059,86.6903752413779,0.00866903752413779,0.0282814102911623,0.107402541565191,"coda::spectrum0.ar"
"dataset_0094","eta_raw",NA,1,10000,10000,0.0437767378203215,0.0492377322587142,389.214264401869,0.0389214264401869,0.00221895768906742,0.0506880548791683,"coda::spectrum0.ar"
"dataset_0094","eta",NA,1,10000,10000,0.0301507623620625,0.0233565044798807,389.214264401866,0.0389214264401866,0.00152828349725699,0.0506880548791685,"coda::spectrum0.ar"
"dataset_0094","rho",NA,1,10000,10000,0.117298581277955,0.828607933559341,166.049063888618,0.0166049063888618,0.00910279041590732,0.0776035849430862,"coda::spectrum0.ar"
"dataset_0095","beta0",NA,1,10000,10000,0.00669115615916898,0.000808501343148848,553.760004553788,0.0553760004553788,0.000284341580348152,0.0424951344108918,"coda::spectrum0.ar"
"dataset_0095","sigma2_w",NA,1,10000,10000,0.656843518682601,163.590324906881,26.373406146172,0.0026373406146172,0.127902433482276,0.194722837090338,"coda::spectrum0.ar"
"dataset_0095","eta_raw",NA,1,10000,10000,0.0444707838116752,0.663456515919592,29.808292862775,0.0029808292862775,0.00814528400928778,0.183160342839501,"coda::spectrum0.ar"
"dataset_0095","eta",NA,1,10000,10000,0.0282598080319978,0.267917640799448,29.8082928627749,0.00298082928627749,0.00517607612771922,0.183160342839502,"coda::spectrum0.ar"
"dataset_0095","rho",NA,1,10000,10000,0.0728110127805379,0.58563182227501,90.5251965566535,0.00905251965566535,0.00765265850717912,0.105103036133356,"coda::spectrum0.ar"
"dataset_0096","beta0",NA,1,10000,10000,0.00911422583064029,0.00158213698305077,525.043743884501,0.0525043743884501,0.000397760855672196,0.043641759932588,"coda::spectrum0.ar"
"dataset_0096","sigma2_w",NA,1,10000,10000,0.0218005560474416,0.0142884445793516,332.621399997905,0.0332621399997905,0.00119534282025499,0.0548308409039536,"coda::spectrum0.ar"
"dataset_0096","eta_raw",NA,1,10000,10000,0.11332100110929,0.0583793863810982,2199.68898072721,0.219968898072721,0.00241618265826692,0.0213215788301824,"coda::spectrum0.ar"
"dataset_0096","eta",NA,1,10000,10000,0.0778716398903087,0.0275674986433818,2199.68898072721,0.219968898072721,0.0016603463085568,0.0213215788301824,"coda::spectrum0.ar"
"dataset_0096","rho",NA,1,10000,10000,0.0955447799323157,0.280284876108747,325.697379717797,0.0325697379717797,0.00529419376400928,0.0554106018953595,"coda::spectrum0.ar"
"dataset_0097","beta0",NA,1,10000,10000,0.0090774962831641,0.0020670216085818,398.645754010253,0.0398645754010253,0.000454645093296057,0.0500848559023132,"coda::spectrum0.ar"
"dataset_0097","sigma2_w",NA,1,10000,10000,0.163786524278709,2.62154079011127,102.329231864294,0.0102329231864294,0.0161911728732395,0.0988553420041301,"coda::spectrum0.ar"
"dataset_0097","eta_raw",NA,1,10000,10000,0.0166279598837403,0.00236914364054623,1167.04215465605,0.116704215465605,0.00048673849658171,0.029272291969965,"coda::spectrum0.ar"
"dataset_0097","eta",NA,1,10000,10000,0.0134891822218367,0.00155913851344592,1167.04215465605,0.116704215465605,0.000394859280433666,0.029272291969965,"coda::spectrum0.ar"
"dataset_0097","rho",NA,1,10000,10000,0.0872433600045261,0.513125277284224,148.334221716061,0.0148334221716061,0.00716327632640417,0.0821068368530573,"coda::spectrum0.ar"
"dataset_0098","beta0",NA,1,10000,10000,0.0139308956503171,0.00721187854135096,269.097506991113,0.0269097506991113,0.000849227798729585,0.0609600287049923,"coda::spectrum0.ar"
"dataset_0098","sigma2_w",NA,1,10000,10000,0.169164980872056,0.709992628296451,403.057575711819,0.0403057575711819,0.00842610603005001,0.0498099901446086,"coda::spectrum0.ar"
"dataset_0098","eta_raw",NA,1,10000,10000,0.147550486130723,1.45699131008944,149.425365866296,0.0149425365866296,0.0120705895054444,0.0818065044851857,"coda::spectrum0.ar"
"dataset_0098","eta",NA,1,10000,10000,0.112502503575503,0.847032445754975,149.425365866297,0.0149425365866297,0.00920343656334402,0.0818065044851854,"coda::spectrum0.ar"
"dataset_0098","rho",NA,1,10000,10000,0.081902159984243,0.194638701468505,344.636691442887,0.0344636691442887,0.00441178763619131,0.053866560259706,"coda::spectrum0.ar"
"dataset_0099","beta0",NA,1,10000,10000,0.00454507960338881,0.000311805360368819,662.520637127788,0.0662520637127788,0.000176580112234877,0.038850829389923,"coda::spectrum0.ar"
"dataset_0099","sigma2_w",NA,1,10000,10000,0.00368025548160141,0.000579067803148646,233.898005314939,0.0233898005314939,0.000240638276911352,0.065386296716184,"coda::spectrum0.ar"
"dataset_0099","eta_raw",NA,1,10000,10000,0.119719772958908,0.242856063721145,590.17772987501,0.059017772987501,0.00492804285412723,0.0411631490131433,"coda::spectrum0.ar"
"dataset_0099","eta",NA,1,10000,10000,0.0917044651224658,0.142494514748611,590.177729875005,0.0590177729875005,0.00377484456300668,0.0411631490131435,"coda::spectrum0.ar"
"dataset_0099","rho",NA,1,10000,10000,0.0988446531051362,0.45789089961505,213.375401338804,0.0213375401338804,0.00676676362536072,0.0684585702188994,"coda::spectrum0.ar"
