from_index0,to_index0,from_id,to_id,edge_dissimilarity,boundary_prob_abi,boundary_median_abi,boundary_prob,boundary_median_car
0,1,11110,11140,1.0967224,0.30367,0,0.0,0
0,5,11110,11230,0.31870577,0.0,0,0.0,0
0,7,11110,11290,0.32807967,0.0,0,0.0,0
0,11,11110,11380,0.37494832,0.0,0,0.0,0
0,12,11110,11410,0.44993782,0.0,0,0.0,0
0,88,11110,41281,1.3310647,0.40896,0,0.0002999999999999,0
1,2,11140,11170,1.3404387,0.41239,0,0.0002999999999999,0
1,3,11140,11200,0.97486424,0.23424,0,0.0,0
1,5,11140,11230,0.7780166,0.0813,0,0.0,0
1,12,11140,11410,0.64678454,0.0,0,0.0,0
1,13,11140,11440,1.4904176,0.46359,0,0.0063999999999999,0
2,3,11170,11200,0.36557442,0.0,0,0.0,0
2,13,11170,11440,0.14997894,0.0,0,0.0,0
2,18,11170,11560,0.7873897,0.0912,0,0.0,0
2,19,11170,11590,0.57179505,0.0,0,0.0,0
2,21,11170,11650,1.4341753,0.44561,0,0.0026,0
3,4,11200,11215,0.2437163,0.0,0,0.0,0
3,5,11200,11230,0.19684765,0.0,0,0.0,0
3,22,11200,11680,1.012359,0.25653,0,0.0,0
4,5,11215,11230,0.046868652,0.0,0,0.0,0
4,6,11215,11260,0.83425915,0.13423,0,0.0,0
4,22,11215,11680,1.2560754,0.37866,0,9.9999999999989e-05,0
4,23,11215,11710,1.7716286,0.54049,1,0.421,0
4,24,11215,11740,0.9748643,0.23424,0,0.0,0
4,92,11215,41310,0.8155114,0.11731,0,0.0,0
5,6,11230,11260,0.88112783,0.17008,0,0.0,0
5,7,11230,11290,0.009373903,0.0,0,0.0,0
6,7,11260,11290,0.87175393,0.16298,0,0.0,0
6,10,11260,11350,1.3591865,0.41932,0,0.0002999999999999,0
6,92,11260,41310,1.6497706,0.51056,1,0.1352,0
7,8,11290,11305,1.3216909,0.40513,0,0.0002999999999999,0
7,10,11290,11350,0.48743257,0.0,0,0.0,0
7,88,11290,41281,1.0029851,0.25119,0,0.0,0
8,9,11305,11320,1.443549,0.44864,0,0.0033999999999999,0
8,88,11305,41281,0.3187058,0.0,0,0.0,0
8,108,11305,41630,0.4124422,0.0,0,0.0,0
9,10,11320,11350,0.36557442,0.0,0,0.0,0
9,79,11320,41150,1.143591,0.32742,0,0.0,0
9,108,11320,41630,1.0311068,0.26821,0,0.0,0
10,79,11350,41150,1.5091655,0.46932,0,0.0078,0
10,92,11350,41310,0.2905841,0.0,0,0.0,0
10,93,11350,41360,1.2373284,0.37082,0,0.0,0
11,12,11380,11410,0.0749895,0.0,0,0.0,0
11,88,11380,41281,0.95611644,0.22212,0,0.0,0
12,13,11410,11440,0.84363306,0.14137,0,0.0,0
13,15,11440,11500,0.46868473,0.0,0,0.0,0
13,18,11440,11560,0.63741076,0.0,0,0.0,0
13,88,11440,41281,1.72476,0.52944,1,0.1864,0
14,15,11470,11500,1.0029852,0.25119,0,0.0,0
14,16,11470,11530,0.5249274,0.0,0,0.0,0
14,18,11470,11560,0.10311031,0.0,0,0.0,0
14,82,11470,41190,1.312317,0.40138,0,0.0002999999999999,0
15,18,11500,11560,1.1060956,0.30835,0,0.0,0
15,54,11500,28245,1.7903757,0.54476,1,0.5359,1
15,82,11500,41190,0.30933183,0.0,0,0.0,0
15,105,11500,41570,0.065615594,0.0,0,0.0,0
16,17,11530,11545,1.6122749,0.50018,1,0.1091,0
16,18,11530,11560,0.6280377,0.0,0,0.0,0
16,20,11530,11620,1.2748222,0.38645,0,9.9999999999989e-05,0
16,82,11530,41190,0.78738964,0.0912,0,0.0,0
16,83,11530,41210,0.03749478,0.0,0,0.0,0
17,20,11545,11620,0.3374527,0.0,0,0.0,0
17,80,11545,41171,0.7780167,0.0813,0,0.0,0
17,83,11545,41210,1.5747802,0.48959,0,0.0584,0
18,19,11560,11590,0.21559465,0.0,0,0.0,0
18,20,11560,11620,1.9028599,0.5693,1,0.7655,1
19,20,11590,11620,1.6872653,0.52021,1,0.1566,0
19,21,11590,11650,0.86238015,0.15628,0,0.0,0
20,21,11620,11650,2.5496454,0.66639,1,0.9268,1
20,80,11620,41171,0.44056395,0.0,0,0.0,0
20,81,11620,41173,1.7622548,0.53836,1,0.3574,0
20,91,11620,41290,3.7119834,0.76266,1,0.9998,1
21,22,11650,11680,0.7873906,0.0912,0,0.0,0
21,76,11650,41131,4.068184,0.78134,1,0.9999,1
21,91,11650,41290,1.162338,0.33675,0,0.0,0
22,23,11680,11710,0.51555336,0.0,0,0.0,0
22,76,11680,41131,3.2807932,0.73393,1,0.9979,1
23,24,11710,11740,0.7967644,0.09969,0,0.0,0
23,76,11710,41131,3.7963467,0.76748,1,0.9998,1
23,98,11710,41450,0.7592697,0.06319,0,0.0,0
24,98,11740,41450,0.03749466,0.0,0,0.0,0
25,26,26110,26140,2.2684343,0.63059,1,0.8158,1
25,27,26110,26170,2.4090395,0.64902,1,0.868,1
26,27,26140,26170,0.14060508,0.0,0,0.0,0
26,28,26140,26230,0.009373903,0.0,0,0.0,0
26,33,26140,26380,0.20622152,0.0,0,0.0,0
26,38,26140,26530,0.056242563,0.0,0,0.0,0
27,28,26170,26230,0.14997898,0.0,0,0.0,0
28,30,26230,26290,0.5905429,0.0,0,0.0,0
28,31,26230,26320,1.1248432,0.31779,0,0.0,0
28,36,26230,26470,1.152965,0.33191,0,0.0,0
28,38,26230,26530,0.04686866,0.0,0,0.0,0
29,31,26260,26320,0.06561649,0.0,0,0.0,0
29,32,26260,26350,0.9936121,0.2456,0,0.0,0
29,34,26260,26410,0.35620058,0.0,0,0.0,0
29,36,26260,26470,0.03749478,0.0,0,0.0,0
29,37,26260,26500,1.0217329,0.26242,0,0.0,0
30,36,26290,26470,0.56242204,0.0,0,0.0,0
30,37,26290,26500,0.4218161,0.0,0,0.0,0
31,34,26320,26410,0.2905841,0.0,0,0.0,0
31,35,26320,26440,0.7498949,0.05347,0,0.0,0
31,38,26320,26530,1.1717119,0.34074,0,0.0,0
31,229,26320,48250,0.8061375,0.10861,0,0.0,0
31,231,26320,48330,1.6310227,0.50517,1,0.1273,0
32,34,26350,26410,0.63741153,0.0,0,0.0,0
32,37,26350,26500,0.028120834,0.0,0,0.0,0
32,39,26350,26710,0.19684762,0.0,0,0.0,0
33,35,26380,26440,0.57179594,0.0,0,0.0,0
33,38,26380,26530,0.14997897,0.0,0,0.0,0
34,39,26410,26710,0.44056392,0.0,0,0.0,0
34,231,26410,48330,1.3404386,0.41239,0,0.0002999999999999,0
35,38,26440,26530,0.421817,0.0,0,0.0,0
35,225,26440,48129,0.3468266,0.0,0,0.0,0
35,229,26440,48250,0.05624257,0.0,0,0.0,0
36,37,26470,26500,0.98423815,0.24,0,0.0,0
39,70,26710,31710,0.07498948,0.0,0,0.0,0
39,231,26710,48330,0.89987475,0.18422,0,0.0,0
40,41,27110,27140,0.6467855,0.0,0,0.0,0
40,42,27110,27170,2.034092,0.59455,1,0.8023,1
40,43,27110,27200,1.3404387,0.41239,0,0.0002999999999999,0
40,44,27110,27230,0.14060596,0.0,0,0.0,0
40,45,27110,27260,1.3873065,0.42886,0,0.0004999999999999,0
40,46,27110,27290,0.4874326,0.0,0,0.0,0
41,44,27140,27230,0.5061795,0.0,0,0.0,0
41,45,27140,27260,2.034092,0.59455,1,0.8023,1
41,205,27140,47230,1.302943,0.39777,0,0.0002999999999999,0
41,208,27140,47290,0.49680558,0.0,0,0.0,0
41,209,27140,47720,1.2185796,0.36279,0,0.0,0
41,217,27140,47850,1.7622539,0.53836,1,0.3574,0
42,44,27170,27230,1.893486,0.56747,1,0.765,1
42,46,27170,27290,1.5466594,0.48105,0,0.0206,0
42,47,27170,27710,1.5372864,0.47817,0,0.0107,0
43,45,27200,27260,2.727745,0.68527,1,0.939,1
43,46,27200,27290,0.8530061,0.14912,0,0.0,0
43,47,27200,27710,0.8436331,0.14137,0,0.0,0
44,47,27230,27710,0.35619965,0.0,0,0.0,0
44,217,27230,47850,2.2684333,0.63059,1,0.8158,1
45,47,27260,27710,1.884112,0.56562,1,0.7644,1
45,208,27260,47290,2.5308976,0.66389,1,0.9222,1
46,47,27290,27710,0.009373017,0.0,0,0.0,0
46,215,27290,47830,1.6872644,0.52021,1,0.1566,0
47,208,27710,47290,0.64678544,0.0,0,0.0,0
47,214,27710,47820,0.05624167,0.0,0,0.0,0
47,215,27710,47830,1.6778915,0.51775,1,0.1515,0
47,216,27710,47840,1.1435912,0.32742,0,0.0,0
47,217,27710,47850,1.9122338,0.57113,1,0.7679,1
47,234,27710,48740,0.38432226,0.0,0,0.0,0
48,49,28110,28140,0.8998748,0.18422,0,0.0,0
48,50,28110,28177,2.634008,0.67579,1,0.9313,1
49,50,28140,28177,1.734133,0.53171,1,0.192,0
49,55,28140,28260,1.4341761,0.44561,0,0.0026,0
50,51,28177,28185,4.0588098,0.78087,1,0.9999,1
50,52,28177,28200,2.1372023,0.61138,1,0.8059,1
50,55,28177,28260,3.168309,0.72529,1,0.9827,1
51,52,28185,28200,1.9216077,0.5728,1,0.769,1
52,53,28200,28237,0.7780166,0.0813,0,0.0,0
52,55,28200,28260,1.0311068,0.26821,0,0.0,0
52,82,28200,41190,1.2654493,0.38276,0,9.9999999999989e-05,0
52,95,28200,41390,0.0843634,0.0,0,0.0,0
53,54,28237,28245,0.9936112,0.2456,0,0.0,0
53,55,28237,28260,0.2530902,0.0,0,0.0,0
53,82,28237,41190,0.4874326,0.0,0,0.0,0
54,55,28245,28260,1.2467015,0.37489,0,0.0,0
54,82,28245,41190,1.4810438,0.46071,0,0.0062999999999999,0
54,105,28245,41570,1.8559912,0.55964,1,0.7344,1
55,105,28260,41570,0.6092898,0.0,0,0.0,0
56,57,29110,29140,0.02812171,0.0,0,0.0,0
56,58,29110,29155,0.18747371,0.0,0,0.0,0
56,59,29110,29170,0.0,0.0,0,0.0,0
56,187,29110,46790,0.9654913,0.228,0,0.0,0
57,58,29140,29155,0.21559542,0.0,0,0.0,0
57,59,29140,29170,0.02812171,0.0,0,0.0,0
57,60,29140,29200,0.449937,0.0,0,0.0,0
58,60,29155,29200,0.6655324,0.0,0,0.0,0
58,180,29155,46170,0.38432136,0.0,0,0.0,0
58,187,29155,46790,1.152965,0.33191,0,0.0,0
59,60,29170,29200,0.4780587,0.0,0,0.0,0
59,182,29170,46710,0.3936953,0.0,0,0.0,0
59,187,29170,46790,0.9654913,0.228,0,0.0,0
59,195,29170,46880,0.2624641,0.0,0,0.0,0
60,180,29200,46170,0.28121102,0.0,0,0.0,0
60,193,29200,46860,0.299958,0.0,0,0.0,0
60,195,29200,46880,0.21559457,0.0,0,0.0,0
61,62,30110,30140,0.38432226,0.0,0,0.0,0
61,65,30110,30230,0.16872591,0.0,0,0.0,0
61,132,30110,43111,0.5905429,0.0,0,0.0,0
61,138,30110,43720,0.16872591,0.0,0,0.0,0
61,139,30110,43730,0.6186646,0.0,0,0.0,0
61,155,30110,44710,0.5905429,0.0,0,0.0,0
62,63,30140,30170,0.11248423,0.0,0,0.0,0
62,65,30140,30230,0.55304813,0.0,0,0.0,0
62,155,30140,44710,0.20622066,0.0,0,0.0,0
63,64,30170,30200,2.3715448,0.64446,1,0.8552,1
63,65,30170,30230,0.6655324,0.0,0,0.0,0
63,152,30170,44230,0.99361205,0.2456,0,0.0,0
63,153,30170,44250,2.193444,0.61962,1,0.8107,1
63,155,30170,44710,0.09373642,0.0,0,0.0,0
64,65,30200,30230,3.0370772,0.71434,1,0.9633,1
64,71,30200,36110,0.36557448,0.0,0,0.0,0
64,133,30200,43112,1.6122758,0.50018,1,0.1091,0
64,148,30200,44150,2.0434659,0.59609,1,0.8026,1
64,153,30200,44250,0.17810082,0.0,0,0.0,0
65,132,30230,43111,0.7592688,0.06319,0,0.0,0
65,133,30230,43112,1.4248012,0.44256,0,0.0021999999999999,0
66,67,31110,31140,0.9936121,0.2456,0,0.0,0
66,69,31110,31200,0.6842802,0.0,0,0.0,0
66,70,31110,31710,0.20622154,0.0,0,0.0,0
67,69,31140,31200,0.3093319,0.0,0,0.0,0
67,70,31140,31710,0.7873906,0.0912,0,0.0,0
68,69,31170,31200,1.0686016,0.28967,0,0.0,0
69,70,31200,31710,0.4780587,0.0,0,0.0,0
69,200,31200,47130,1.002986,0.25119,0,0.0,0
70,200,31710,47130,0.5249273,0.0,0,0.0,0
70,214,31710,47820,0.046868652,0.0,0,0.0,0
70,230,31710,48270,0.093737304,0.0,0,0.0,0
70,231,31710,48330,0.82488525,0.12589,0,0.0,0
71,133,36110,43112,1.2467015,0.37489,0,0.0,0
71,134,36110,43113,2.1278284,0.60982,1,0.8055,1
71,146,36110,44131,3.0277033,0.71354,1,0.962,1
71,148,36110,44150,1.6778915,0.51775,1,0.1515,0
72,73,41111,41113,1.012359,0.25653,0,0.0,0
72,74,41111,41115,0.7405219,0.04439,0,0.0,0
72,75,41111,41117,1.6216496,0.50259,1,0.118,0
72,97,41111,41430,0.5811699,0.0,0,0.0,0
72,101,41111,41465,2.015345,0.5912,1,0.798,1
73,74,41113,41115,0.27183712,0.0,0,0.0,0
73,75,41113,41117,2.6340086,0.67579,1,0.9313,1
73,86,41113,41271,0.92799556,0.20383,0,0.0,0
73,97,41113,41430,1.593529,0.49537,0,0.088,0
73,106,41113,41590,0.73114884,0.03562,0,0.0,0
74,75,41115,41117,2.3621716,0.64343,1,0.8529,1
75,100,41117,41463,0.13123226,0.0,0,0.0,0
75,101,41117,41465,0.39369535,0.0,0,0.0,0
75,106,41117,41590,1.9028598,0.5693,1,0.7655,1
76,77,41131,41133,0.20622146,0.0,0,0.0,0
76,78,41131,41135,4.6118584,0.8048,1,1.0,1
76,91,41131,41290,5.230522,0.82601,1,1.0,1
76,97,41131,41430,2.6715035,0.67982,1,0.9343,1
76,98,41131,41450,3.037077,0.71434,1,0.9633,1
77,78,41133,41135,4.405637,0.79691,1,1.0,1
77,98,41133,41450,2.8308554,0.69539,1,0.9458,1
77,107,41133,41610,0.38432145,0.0,0,0.0,0
78,97,41135,41430,1.9403546,0.57675,1,0.7774,1
78,101,41135,41465,0.5061796,0.0,0,0.0,0
78,107,41135,41610,4.021315,0.7791,1,0.9999,1
79,93,41150,41360,0.2718371,0.0,0,0.0,0
79,108,41150,41630,0.11248422,0.0,0,0.0,0
79,109,41150,41650,0.9654904,0.228,0,0.0,0
80,81,41171,41173,1.3216909,0.40513,0,0.0002999999999999,0
80,83,41171,41210,0.79676354,0.09969,0,0.0,0
80,86,41171,41271,1.8091234,0.54904,1,0.5872,1
80,95,41171,41390,1.302944,0.39777,0,0.0002999999999999,0
80,96,41171,41410,0.43118998,0.0,0,0.0,0
81,91,41173,41290,1.9497286,0.57867,1,0.7813,1
81,96,41173,41410,0.8905009,0.17703,0,0.0,0
81,97,41173,41430,0.6092898,0.0,0,0.0,0
82,83,41190,41210,0.74989486,0.05347,0,0.0,0
82,95,41190,41390,1.3498126,0.41604,0,0.0002999999999999,0
83,95,41210,41390,2.0997076,0.60534,1,0.8039,1
84,94,41220,41370,0.27183715,0.0,0,0.0,0
84,99,41220,41461,0.7592689,0.06319,0,0.0,0
84,104,41220,41550,0.018746942,0.0,0,0.0,0
84,106,41220,41590,0.5249273,0.0,0,0.0,0
84,147,41220,44133,0.731148,0.03562,0,0.0,0
84,150,41220,44200,0.12185815,0.0,0,0.0,0
84,154,41220,44270,0.5155535,0.0,0,0.0,0
85,108,41250,41630,1.9403546,0.57675,1,0.7774,1
85,109,41250,41650,0.8623799,0.15628,0,0.0,0
85,111,41250,41800,1.0779754,0.2945,0,0.0,0
86,87,41271,41273,0.2624632,0.0,0,0.0,0
86,95,41271,41390,0.50617945,0.0,0,0.0,0
86,96,41271,41410,2.2403135,0.62658,1,0.814,1
86,97,41271,41430,2.5215244,0.66289,1,0.9197,1
86,106,41271,41590,1.6591444,0.51284,1,0.1392,0
87,95,41273,41390,0.24371624,0.0,0,0.0,0
87,106,41273,41590,1.3966812,0.4325,0,0.0009,0
88,89,41281,41285,1.8466182,0.55754,1,0.6995,1
88,102,41281,41480,0.09373641,0.0,0,0.0,0
88,108,41281,41630,0.09373641,0.0,0,0.0,0
89,90,41285,41287,0.12185824,0.0,0,0.0,0
89,102,41285,41480,1.7528818,0.53621,1,0.3078,0
90,102,41287,41480,1.6310236,0.50517,1,0.1273,0
90,105,41287,41570,0.40306914,0.0,0,0.0,0
91,97,41290,41430,2.5590184,0.66742,1,0.9275,1
92,93,41310,41360,1.5279125,0.47544,0,0.0097,0
93,98,41360,41450,1.72476,0.52944,1,0.1864,0
93,107,41360,41610,0.721774,0.02548,0,0.0,0
93,109,41360,41650,1.2373275,0.37082,0,0.0,0
93,112,41360,41820,0.12185812,0.0,0,0.0,0
93,113,41360,41830,0.43119,0.0,0,0.0,0
94,106,41370,41590,0.7967645,0.09969,0,0.0,0
96,97,41410,41430,0.28121108,0.0,0,0.0,0
97,101,41430,41465,1.434175,0.44561,0,0.0026,0
98,107,41450,41610,2.4465342,0.65396,1,0.887,1
99,100,41461,41463,3.3182883,0.73636,1,0.9986,1
99,101,41461,41465,3.5807514,0.75487,1,0.9998,1
99,103,41461,41500,0.12185812,0.0,0,0.0,0
99,104,41461,41550,0.7405219,0.04439,0,0.0,0
99,106,41461,41590,1.2841961,0.39042,0,0.0002999999999999,0
99,107,41461,41610,0.065615654,0.0,0,0.0,0
100,101,41463,41465,0.2624631,0.0,0,0.0,0
100,106,41463,41590,2.034092,0.59455,1,0.8023,1
101,107,41465,41610,3.5151358,0.75029,1,0.9997,1
102,108,41480,41630,0.0,0.0,0,0.0,0
102,111,41480,41800,0.86237913,0.15628,0,0.0,0
103,104,41500,41550,0.86238,0.15628,0,0.0,0
103,107,41500,41610,0.18747377,0.0,0,0.0,0
103,110,41500,41670,1.1342171,0.32267,0,0.0,0
103,144,41500,43770,0.5249274,0.0,0,0.0,0
104,142,41550,43750,1.3591865,0.41932,0,0.0002999999999999,0
104,144,41550,43770,1.3873074,0.42887,0,0.0004999999999999,0
104,147,41550,44133,0.71240103,0.01582,0,0.0,0
107,110,41610,41670,0.94674337,0.21644,0,0.0,0
107,113,41610,41830,1.152964,0.33191,0,0.0,0
108,109,41630,41650,1.0779746,0.2945,0,0.0,0
108,111,41630,41800,0.86237913,0.15628,0,0.0,0
109,111,41650,41800,0.21559548,0.0,0,0.0,0
109,112,41650,41820,1.1154693,0.31299,0,0.0,0
109,126,41650,42780,1.2279545,0.36669,0,0.0,0
109,127,41650,42790,1.7153862,0.52727,1,0.1791,0
110,113,41670,41830,0.20622066,0.0,0,0.0,0
110,115,41670,42130,1.1623389,0.33675,0,0.0,0
110,136,41670,43130,1.302944,0.39777,0,0.0002999999999999,0
110,144,41670,43770,1.6591445,0.51284,1,0.1392,0
111,126,41800,42780,1.012359,0.25653,0,0.0,0
112,113,41820,41830,0.55304813,0.0,0,0.0,0
112,114,41820,42110,0.1687268,0.0,0,0.0,0
112,121,41820,42720,0.34682664,0.0,0,0.0,0
112,127,41820,42790,0.5999168,0.0,0,0.0,0
113,115,41830,42130,1.3685595,0.42232,0,0.0003999999999999,0
113,121,41830,42720,0.8998748,0.18422,0,0.0,0
113,122,41830,42730,0.9092478,0.19078,0,0.0,0
114,121,42110,42720,0.5155535,0.0,0,0.0,0
114,127,42110,42790,0.43119,0.0,0,0.0,0
114,128,42110,42800,0.5249273,0.0,0,0.0,0
114,129,42110,42810,1.0311059,0.26821,0,0.0,0
115,122,42130,42730,0.45931172,0.0,0,0.0,0
115,123,42130,42750,0.27183712,0.0,0,0.0,0
115,136,42130,43130,0.14060509,0.0,0,0.0,0
115,137,42130,43150,0.12185812,0.0,0,0.0,0
116,117,42150,42170,0.06561647,0.0,0,0.0,0
116,121,42150,42720,0.54367423,0.0,0,0.0,0
116,124,42150,42760,0.50617945,0.0,0,0.0,0
116,125,42150,42770,1.4810438,0.46071,0,0.0062999999999999,0
116,131,42150,42830,0.42181608,0.0,0,0.0,0
117,120,42170,42230,0.7780166,0.0813,0,0.0,0
117,125,42170,42770,1.5466603,0.48105,0,0.0206,0
118,120,42190,42230,0.77801657,0.0813,0,0.0,0
118,123,42190,42750,0.74989486,0.05347,0,0.0,0
118,125,42190,42770,0.00937295,0.0,0,0.0,0
118,219,42190,47920,0.36557353,0.0,0,0.0,0
119,129,42210,42810,0.29058397,0.0,0,0.0,0
119,130,42210,42820,0.17810076,0.0,0,0.0,0
119,131,42210,42830,0.34682667,0.0,0,0.0,0
120,125,42230,42770,0.7686436,0.07232,0,0.0,0
120,219,42230,47920,0.41244304,0.0,0,0.0,0
120,220,42230,47930,2.0153441,0.5912,1,0.798,1
121,122,42720,42730,0.009373009,0.0,0,0.0,0
121,124,42720,42760,0.03749478,0.0,0,0.0,0
121,129,42720,42810,0.51555246,0.0,0,0.0,0
121,131,42720,42830,0.12185818,0.0,0,0.0,0
122,123,42730,42750,0.18747461,0.0,0,0.0,0
122,124,42730,42760,0.046867788,0.0,0,0.0,0
123,124,42750,42760,0.2343424,0.0,0,0.0,0
123,125,42750,42770,0.7405219,0.04439,0,0.0,0
123,137,42750,43150,0.149979,0.0,0,0.0,0
123,145,42750,43800,0.19684768,0.0,0,0.0,0
123,204,42750,47210,0.7686436,0.07232,0,0.0,0
123,219,42750,47920,0.38432133,0.0,0,0.0,0
124,125,42760,42770,0.9748643,0.23424,0,0.0,0
126,127,42780,42790,0.4874317,0.0,0,0.0,0
127,128,42790,42800,0.09373731,0.0,0,0.0,0
128,129,42800,42810,1.5560333,0.48376,0,0.0322,0
129,130,42810,42820,0.46868473,0.0,0,0.0,0
129,131,42810,42830,0.63741064,0.0,0,0.0,0
132,133,43111,43112,0.6655324,0.0,0,0.0,0
132,135,43111,43114,0.47805867,0.0,0,0.0,0
132,138,43111,43720,0.7592688,0.06319,0,0.0,0
132,141,43111,43745,1.0686007,0.28966,0,0.0,0
132,143,43111,43760,0.0843634,0.0,0,0.0,0
133,134,43112,43113,0.881127,0.17008,0,0.0,0
133,135,43112,43114,1.143591,0.32742,0,0.0,0
134,135,43113,43114,0.2624641,0.0,0,0.0,0
134,146,43113,44131,0.89987475,0.18422,0,0.0,0
135,141,43114,43745,0.59054196,0.0,0,0.0,0
135,142,43114,43750,1.2841961,0.39042,0,0.0002999999999999,0
135,146,43114,44131,0.63741064,0.0,0,0.0,0
136,137,43130,43150,0.2624632,0.0,0,0.0,0
136,143,43130,43760,1.3498117,0.41604,0,0.0002999999999999,0
136,144,43130,43770,0.35620058,0.0,0,0.0,0
136,207,43130,47280,0.6842793,0.0,0,0.0,0
137,145,43150,43800,0.046868682,0.0,0,0.0,0
137,207,43150,47280,0.4218161,0.0,0,0.0,0
138,139,43720,43730,0.78739053,0.0912,0,0.0,0
138,143,43720,43760,0.6749054,0.0,0,0.0,0
138,206,43720,47250,0.6655324,0.0,0,0.0,0
139,140,43730,43740,0.41244307,0.0,0,0.0,0
139,155,43730,44710,0.028121728,0.0,0,0.0,0
139,206,43730,47250,0.12185815,0.0,0,0.0,0
140,155,43740,44710,0.38432136,0.0,0,0.0,0
140,171,43740,45730,1.5372863,0.47817,0,0.0107,0
140,201,43740,47150,0.15935288,0.0,0,0.0,0
140,206,43740,47250,0.29058492,0.0,0,0.0,0
141,142,43745,43750,0.6936542,0.0,0,0.0,0
141,143,43745,43760,0.98423725,0.24,0,0.0,0
141,144,43745,43770,0.72177505,0.02549,0,0.0,0
142,144,43750,43770,0.028120875,0.0,0,0.0,0
142,146,43750,44131,0.6467855,0.0,0,0.0,0
142,147,43750,44133,0.6467855,0.0,0,0.0,0
143,144,43760,43770,1.7060122,0.525,1,0.1712,0
143,206,43760,47250,0.009373017,0.0,0,0.0,0
143,207,43760,47280,0.6655324,0.0,0,0.0,0
145,204,43800,47210,0.9654913,0.228,0,0.0,0
145,207,43800,47280,0.4686848,0.0,0,0.0,0
145,218,43800,47900,1.8747392,0.56353,1,0.7568,1
146,147,44131,44133,0.0,0.0,0,0.0,0
146,148,44131,44150,1.3498117,0.41604,0,0.0002999999999999,0
146,150,44131,44200,0.8530061,0.14912,0,0.0,0
147,150,44133,44200,0.8530061,0.14912,0,0.0,0
148,150,44150,44200,0.4968056,0.0,0,0.0,0
148,152,44150,44230,1.3216908,0.40513,0,0.0002999999999999,0
148,153,44150,44250,1.8653651,0.56151,1,0.7498,1
148,156,44150,44760,0.149979,0.0,0,0.0,0
148,158,44150,44790,0.4030683,0.0,0,0.0,0
148,160,44150,44810,0.22496848,0.0,0,0.0,0
149,156,44180,44760,1.1342171,0.32267,0,0.0,0
149,157,44180,44770,0.7967645,0.09969,0,0.0,0
149,158,44180,44790,0.8811279,0.17008,0,0.0,0
149,159,44180,44800,1.3779335,0.42565,0,0.0003999999999999,0
150,154,44200,44270,0.6374116,0.0,0,0.0,0
150,160,44200,44810,0.27183712,0.0,0,0.0,0
151,154,44210,44270,0.3280797,0.0,0,0.0,0
151,159,44210,44800,0.8998748,0.18422,0,0.0,0
151,160,44210,44810,0.581169,0.0,0,0.0,0
151,161,44210,44825,0.0,0.0,0,0.0,0
152,153,44230,44250,3.187056,0.72687,1,0.9861,1
152,155,44230,44710,1.0873485,0.29902,0,0.0,0
152,156,44230,44760,1.1717118,0.34074,0,0.0,0
152,165,44230,45140,1.1998327,0.35368,0,0.0,0
152,169,44230,45710,1.2185805,0.36279,0,0.0,0
154,160,44270,44810,0.9092487,0.19078,0,0.0,0
155,169,44710,45710,0.13123205,0.0,0,0.0,0
155,170,44710,45720,0.6936532,0.0,0,0.0,0
155,171,44710,45730,1.152965,0.33191,0,0.0,0
156,157,44760,44770,0.3374527,0.0,0,0.0,0
156,158,44760,44790,0.2530893,0.0,0,0.0,0
156,165,44760,45140,0.028120838,0.0,0,0.0,0
158,159,44790,44800,0.49680558,0.0,0,0.0,0
158,160,44790,44810,0.17809981,0.0,0,0.0,0
159,160,44800,44810,0.31870577,0.0,0,0.0,0
162,163,45111,45113,0.0,0.0,0,0.0,0
162,168,45111,45210,1.1060963,0.30835,0,0.0,0
162,169,45111,45710,0.8530061,0.14912,0,0.0,0
163,165,45113,45140,0.87175393,0.16298,0,0.0,0
163,168,45113,45210,1.1060963,0.30835,0,0.0,0
163,169,45113,45710,0.8530061,0.14912,0,0.0,0
164,165,45130,45140,0.10311122,0.0,0,0.0,0
164,168,45130,45210,0.3374536,0.0,0,0.0,0
164,176,45130,45800,0.3374536,0.0,0,0.0,0
165,168,45140,45210,0.23434238,0.0,0,0.0,0
165,169,45140,45710,0.018747814,0.0,0,0.0,0
166,168,45180,45210,0.3187049,0.0,0,0.0,0
166,169,45180,45710,0.5717951,0.0,0,0.0,0
166,173,45180,45750,1.1060954,0.30835,0,0.0,0
166,174,45180,45770,0.881127,0.17008,0,0.0,0
166,175,45180,45790,0.4218161,0.0,0,0.0,0
166,176,45180,45800,0.3187049,0.0,0,0.0,0
166,195,45180,46880,0.8623792,0.15628,0,0.0,0
167,172,45190,45740,0.1781007,0.0,0,0.0,0
167,173,45190,45750,0.36557356,0.0,0,0.0,0
167,174,45190,45770,0.14060506,0.0,0,0.0,0
167,183,45190,46720,0.05624166,0.0,0,0.0,0
167,184,45190,46730,0.3280797,0.0,0,0.0,0
167,236,45190,48850,0.581169,0.0,0,0.0,0
167,238,45190,48870,0.06561647,0.0,0,0.0,0
168,169,45210,45710,0.2530902,0.0,0,0.0,0
168,176,45210,45800,0.0,0.0,0,0.0,0
169,170,45710,45720,0.5624212,0.0,0,0.0,0
169,173,45710,45750,0.5343004,0.0,0,0.0,0
170,171,45720,45730,0.45931172,0.0,0,0.0,0
170,172,45720,45740,0.5717951,0.0,0,0.0,0
170,173,45720,45750,0.028120816,0.0,0,0.0,0
171,172,45730,45740,1.0311068,0.26821,0,0.0,0
171,201,45730,47150,1.3779334,0.42565,0,0.0003999999999999,0
171,239,45730,48880,1.0779755,0.2945,0,0.0,0
172,173,45740,45750,0.5436743,0.0,0,0.0,0
172,238,45740,48870,0.11248424,0.0,0,0.0,0
172,239,45740,48880,0.04686866,0.0,0,0.0,0
173,174,45750,45770,0.2249685,0.0,0,0.0,0
174,182,45770,46710,0.6374116,0.0,0,0.0,0
174,183,45770,46720,0.0843634,0.0,0,0.0,0
174,195,45770,46880,0.018747807,0.0,0,0.0,0
175,176,45790,45800,0.103111215,0.0,0,0.0,0
175,194,45790,46870,0.5436743,0.0,0,0.0,0
175,195,45790,46880,0.44056305,0.0,0,0.0,0
177,191,46110,46830,0.065615594,0.0,0,0.0,0
177,192,46110,46840,1.3498117,0.41604,0,0.0002999999999999,0
178,179,46130,46150,0.86238,0.15628,0,0.0,0
178,181,46130,46230,0.4968065,0.0,0,0.0,0
179,181,46150,46230,0.36557353,0.0,0,0.0,0
179,183,46150,46720,0.2624632,0.0,0,0.0,0
179,184,46150,46730,0.64678454,0.0,0,0.0,0
179,186,46150,46780,1.1060954,0.30835,0,0.0,0
179,187,46150,46790,0.8998748,0.18422,0,0.0,0
180,187,46170,46790,0.7686436,0.07232,0,0.0,0
180,191,46170,46830,0.79676443,0.09969,0,0.0,0
180,192,46170,46840,0.48743168,0.0,0,0.0,0
180,193,46170,46860,0.018746942,0.0,0,0.0,0
181,184,46230,46730,0.28121102,0.0,0,0.0,0
181,236,46230,48850,0.62803763,0.0,0,0.0,0
182,183,46710,46720,0.721775,0.02549,0,0.0,0
182,187,46710,46790,1.3591865,0.41932,0,0.0002999999999999,0
182,195,46710,46880,0.6561594,0.0,0,0.0,0
183,184,46720,46730,0.38432136,0.0,0,0.0,0
183,187,46720,46790,0.6374116,0.0,0,0.0,0
184,236,46730,48850,0.90924865,0.19078,0,0.0,0
185,186,46770,46780,2.905845,0.7023,1,0.9475,1
186,187,46780,46790,0.20622066,0.0,0,0.0,0
186,188,46780,46800,1.1154693,0.31299,0,0.0,0
187,188,46790,46800,0.9092487,0.19078,0,0.0,0
187,191,46790,46830,0.028120816,0.0,0,0.0,0
188,189,46800,46810,0.10311121,0.0,0,0.0,0
188,191,46800,46830,0.93736947,0.21027,0,0.0,0
189,190,46810,46820,1.2748231,0.38645,0,9.9999999999989e-05,0
189,191,46810,46830,1.0404807,0.27389,0,0.0,0
190,191,46820,46830,0.23434237,0.0,0,0.0,0
191,192,46830,46840,1.2841961,0.39042,0,0.0002999999999999,0
192,193,46840,46860,0.46868473,0.0,0,0.0,0
192,197,46840,46910,2.024718,0.59286,1,0.7989,1
193,194,46860,46870,1.0686007,0.28966,0,0.0,0
193,195,46860,46880,0.0843634,0.0,0,0.0,0
194,195,46870,46880,0.9842373,0.24,0,0.0,0
196,197,46900,46910,0.4030692,0.0,0,0.0,0
198,199,47111,47113,0.19684765,0.0,0,0.0,0
198,200,47111,47130,0.08436251,0.0,0,0.0,0
199,200,47113,47130,0.11248514,0.0,0,0.0,0
199,205,47113,47230,1.143591,0.32742,0,0.0,0
199,211,47113,47750,0.37494743,0.0,0,0.0,0
199,213,47113,47770,1.302943,0.39777,0,0.0002999999999999,0
200,205,47130,47230,1.0311059,0.26821,0,0.0,0
200,214,47130,47820,0.4780587,0.0,0,0.0,0
201,203,47150,47190,1.0029851,0.25119,0,0.0,0
201,206,47150,47250,0.13123205,0.0,0,0.0,0
201,216,47150,47840,0.8155114,0.11731,0,0.0,0
201,217,47150,47850,1.5841541,0.49265,0,0.0732,0
201,239,47150,48880,0.29995796,0.0,0,0.0,0
202,204,47170,47210,0.5717951,0.0,0,0.0,0
202,210,47170,47730,1.9497286,0.57867,1,0.7813,1
202,211,47170,47750,0.14997898,0.0,0,0.0,0
202,212,47170,47760,0.093737304,0.0,0,0.0,0
202,218,47170,47900,0.33745274,0.0,0,0.0,0
202,219,47170,47920,1.72476,0.52944,1,0.1864,0
203,206,47190,47250,0.87175304,0.16298,0,0.0,0
203,209,47190,47720,2.043465,0.59609,1,0.8026,1
203,210,47190,47730,2.4090395,0.64902,1,0.868,1
203,217,47190,47850,2.5871391,0.67044,1,0.9293,1
204,218,47210,47900,0.9092478,0.19078,0,0.0,0
204,219,47210,47920,1.152965,0.33191,0,0.0,0
205,208,47230,47290,0.80613744,0.10861,0,0.0,0
205,209,47230,47720,0.08436334,0.0,0,0.0,0
205,211,47230,47750,1.5185385,0.47261,0,0.0083999999999999,0
205,214,47230,47820,1.5091646,0.46932,0,0.0078,0
206,207,47250,47280,0.6561594,0.0,0,0.0,0
206,210,47250,47730,1.5372864,0.47817,0,0.0107,0
206,218,47250,47900,0.7498949,0.05347,0,0.0,0
207,218,47280,47900,1.4060543,0.43604,0,0.0013999999999999,0
208,214,47290,47820,0.7030271,0.00536,0,0.0,0
209,210,47720,47730,0.36557448,0.0,0,0.0,0
209,211,47720,47750,1.4341751,0.44561,0,0.0026,0
209,217,47720,47850,0.54367423,0.0,0,0.0,0
210,211,47730,47750,1.7997496,0.54705,1,0.5612,1
210,218,47730,47900,2.2871814,0.63333,1,0.8243,1
211,212,47750,47760,0.056241676,0.0,0,0.0,0
211,213,47750,47770,0.92799556,0.20383,0,0.0,0
212,213,47760,47770,0.87175393,0.16298,0,0.0,0
212,219,47760,47920,1.6310227,0.50517,1,0.1273,0
212,220,47760,47930,0.7967645,0.09969,0,0.0,0
213,220,47770,47930,0.07498944,0.0,0,0.0,0
214,230,47820,48270,0.046868652,0.0,0,0.0,0
214,234,47820,48740,0.44056392,0.0,0,0.0,0
215,216,47830,47840,0.5343003,0.0,0,0.0,0
215,234,47830,48740,1.2935692,0.39395,0,0.0002999999999999,0
215,240,47830,48890,1.1060954,0.30835,0,0.0,0
216,217,47840,47850,0.76864266,0.07232,0,0.0,0
216,239,47840,48880,1.1154693,0.31299,0,0.0,0
216,240,47840,48890,0.5717951,0.0,0,0.0,0
219,220,47920,47930,2.4277873,0.65154,1,0.8783,1
221,222,48121,48123,0.0,0.0,0,0.0,0
221,224,48121,48127,0.0,0.0,0,0.0,0
221,229,48121,48250,0.4030692,0.0,0,0.0,0
221,230,48121,48270,0.4968065,0.0,0,0.0,0
221,233,48121,48730,0.5343012,0.0,0,0.0,0
221,234,48121,48740,0.89050174,0.17703,0,0.0,0
222,225,48123,48129,0.0,0.0,0,0.0,0
222,229,48123,48250,0.4030692,0.0,0,0.0,0
223,224,48125,48127,0.0,0.0,0,0.0,0
223,226,48125,48170,1.0404799,0.27389,0,0.0,0
223,233,48125,48730,0.5343012,0.0,0,0.0,0
223,235,48125,48820,1.3966813,0.43251,0,0.0009,0
224,233,48127,48730,0.5343012,0.0,0,0.0,0
225,229,48129,48250,0.4030692,0.0,0,0.0,0
226,228,48170,48240,1.3216909,0.40513,0,0.0002999999999999,0
226,232,48170,48720,1.6497706,0.51056,1,0.1352,0
226,233,48170,48730,1.5747812,0.48959,0,0.0584,0
226,235,48170,48820,2.4371612,0.65278,1,0.883,1
226,236,48170,48850,0.7686428,0.07232,0,0.0,0
226,237,48170,48860,0.112484336,0.0,0,0.0,0
227,235,48220,48820,0.42181617,0.0,0,0.0,0
228,235,48240,48820,1.1154702,0.31299,0,0.0,0
228,236,48240,48850,0.55304813,0.0,0,0.0,0
229,230,48250,48270,0.093737304,0.0,0,0.0,0
229,231,48250,48330,0.82488525,0.12589,0,0.0,0
230,231,48270,48330,0.73114794,0.03562,0,0.0,0
230,234,48270,48740,0.3936953,0.0,0,0.0,0
232,233,48720,48730,0.07498949,0.0,0,0.0,0
232,237,48720,48860,1.5372863,0.47817,0,0.0107,0
232,240,48720,48890,0.46868476,0.0,0,0.0,0
233,234,48730,48740,0.35620052,0.0,0,0.0,0
234,240,48740,48890,0.18747371,0.0,0,0.0,0
236,237,48850,48860,0.65615845,0.0,0,0.0,0
236,238,48850,48870,0.64678544,0.0,0,0.0,0
237,238,48860,48870,1.302944,0.39777,0,0.0002999999999999,0
237,239,48860,48880,1.4622968,0.45471,0,0.0049,0
237,240,48860,48890,2.005971,0.58934,1,0.7955,1
238,239,48870,48880,0.1593529,0.0,0,0.0,0
239,240,48880,48890,0.54367423,0.0,0,0.0,0
