dataset_id,parameter,posterior_mean,posterior_sd,posterior_median,lower_95,upper_95,truth,bias_mean,abs_error_mean,covered_95
dataset_0000,beta0,-0.7096189260482788,0.07240616530179977,-0.711638331413269,-0.8076715767383575,-0.6174998983740808,-0.6855400800704956,-0.024078845977783203,0.024078845977783203,1
dataset_0000,sigma2_w,0.3916294276714325,0.17472754418849945,0.34886007010936737,0.18754614740610123,0.8671360060572623,0.18113689124584198,0.21049253642559052,0.21049253642559052,0
dataset_0000,eta_raw,0.31989678740501404,0.2436452955007553,0.2581857293844223,0.014032627223059537,0.9336164265871048,0.5694124102592468,-0.2495156228542328,0.2495156228542328,1
dataset_0000,eta,0.20737150311470032,0.15794186294078827,0.1673676297068596,0.009096581768244506,0.6052122727036476,0.3691187798976898,-0.1617472767829895,0.1617472767829895,1
dataset_0000,rho,0.2892528772354126,0.18194890022277832,0.2571624368429184,0.023077019210904836,0.7066887289285658,0.18617363274097443,0.10307924449443817,0.10307924449443817,1
dataset_0001,beta0,-0.011737052351236343,0.02370528317987919,-0.011421829462051392,-0.040673032868653536,0.01679543503560124,0.027280988171696663,-0.039018040522933006,0.039018040522933006,0
dataset_0001,sigma2_w,0.21912960708141327,0.1735190898180008,0.1568259820342064,0.06858992502093315,0.7208783522248268,0.1371915638446808,0.08193804323673248,0.08193804323673248,1
dataset_0001,eta_raw,0.6739784479141235,0.19074547290802002,0.6842049658298492,0.18169596530497076,0.9760709524154663,0.9989872574806213,-0.3250088095664978,0.3250088095664978,0
dataset_0001,eta,0.4880673885345459,0.13813000917434692,0.4954730272293091,0.13157672174274923,0.7068303048610687,0.7234253883361816,-0.23535799980163574,0.23535799980163574,0
dataset_0001,rho,0.692495584487915,0.17477276921272278,0.712632805109024,0.32238199189305305,0.9463672384619712,0.7788889408111572,-0.08639335632324219,0.08639335632324219,1
dataset_0002,beta0,0.7500774264335632,0.043532419949769974,0.7522041201591492,0.708606593310833,0.7922822594642639,0.7080708742141724,0.04200655221939087,0.04200655221939087,0
dataset_0002,sigma2_w,0.7471635937690735,0.09603028744459152,0.7361188530921936,0.5949807420372963,0.96712242513895,0.676112711429596,0.07105088233947754,0.07105088233947754,1
dataset_0002,eta_raw,0.2656401991844177,0.17680597305297852,0.24812613427639008,0.012562219938263296,0.6589193120598791,0.27217575907707214,-0.006535559892654419,0.006535559892654419,1
dataset_0002,eta,0.1953924596309662,0.1300501823425293,0.18250994384288788,0.009240179858170449,0.48467013835906964,0.20019970834255219,-0.0048072487115859985,0.0048072487115859985,1
dataset_0002,rho,0.2303306609392166,0.05984411761164665,0.2267489656805992,0.12173505816608668,0.3560632877051829,0.21047961711883545,0.019851043820381165,0.019851043820381165,1
dataset_0003,beta0,0.19732140004634857,0.021541571244597435,0.19760333001613617,0.16271272413432597,0.23193749487400056,0.19115997850894928,0.006161421537399292,0.006161421537399292,1
dataset_0003,sigma2_w,0.5240564346313477,0.14154142141342163,0.49352796375751495,0.3448012761771679,0.883038909733295,0.5271153450012207,-0.003058910369873047,0.003058910369873047,1
dataset_0003,eta_raw,0.8669557571411133,0.10898318141698837,0.8885698616504669,0.6210361331701278,0.9947135761380196,0.8585918545722961,0.008363902568817139,0.008363902568817139,1
dataset_0003,eta,0.5368618369102478,0.06748777627944946,0.5502464175224304,0.3845762826502323,0.6159758418798447,0.531682550907135,0.005179286003112793,0.005179286003112793,1
dataset_0003,rho,0.44595015048980713,0.13148543238639832,0.4422433376312256,0.20241310223937034,0.713380692899227,0.31608009338378906,0.12987005710601807,0.12987005710601807,1
dataset_0004,beta0,0.38858187198638916,0.01912393793463707,0.3885495215654373,0.365863174200058,0.4129564367234707,0.3835911154747009,0.004990756511688232,0.004990756511688232,1
dataset_0004,sigma2_w,0.20093074440956116,0.1750325709581375,0.13605185598134995,0.05464528203010559,0.7078345283865923,0.14320459961891174,0.057726144790649414,0.057726144790649414,1
dataset_0004,eta_raw,0.3266226649284363,0.16739866137504578,0.3417721688747406,0.021525841718539596,0.6456042662262915,0.5567987561225891,-0.23017609119415283,0.23017609119415283,1
dataset_0004,eta,0.2514263689517975,0.1288595199584961,0.26308809220790863,0.016570081282407046,0.49697082787752145,0.4286104440689087,-0.1771840751171112,0.1771840751171112,1
dataset_0004,rho,0.7399754524230957,0.15439358353614807,0.7630414068698883,0.4156006656587124,0.9568973571062088,0.7863810062408447,-0.04640555381774902,0.04640555381774902,1
dataset_0005,beta0,-0.424252450466156,0.023960420861840248,-0.42308419942855835,-0.4708636403083801,-0.38338029459118844,-0.39236363768577576,-0.03188881278038025,0.03188881278038025,1
dataset_0005,sigma2_w,0.7351137399673462,0.21597084403038025,0.6951591074466705,0.43103600591421126,1.2639113783836364,0.6598665714263916,0.07524716854095459,0.07524716854095459,1
dataset_0005,eta_raw,0.19045476615428925,0.1232571229338646,0.17893093079328537,0.008282914897426963,0.43808772414922703,0.08855117112398148,0.10190359503030777,0.10190359503030777,1
dataset_0005,eta,0.1480386108160019,0.0958065539598465,0.13908124715089798,0.006438228476326913,0.34052129387855523,0.06882995367050171,0.07920865714550018,0.07920865714550018,1
dataset_0005,rho,0.6089219450950623,0.09713614732027054,0.6121895909309387,0.4150746397674084,0.7881701946258545,0.6577237248420715,-0.04880177974700928,0.04880177974700928,1
dataset_0006,beta0,-0.06212913244962692,0.025922495871782303,-0.061470285058021545,-0.10488108657300473,-0.021459879074245715,-0.05088074877858162,-0.011248383671045303,0.011248383671045303,1
dataset_0006,sigma2_w,0.7020389437675476,0.1610589176416397,0.6725298762321472,0.47082681581377983,1.0999071925878523,0.5467115044593811,0.1553274393081665,0.1553274393081665,1
dataset_0006,eta_raw,0.5366676449775696,0.22608239948749542,0.5487102270126343,0.04869948513805866,0.944711010158062,0.7897489070892334,-0.2530812621116638,0.2530812621116638,1
dataset_0006,eta,0.41026178002357483,0.17283129692077637,0.41946785151958466,0.03722888343036175,0.7221952244639397,0.6037326455116272,-0.19347086548805237,0.19347086548805237,1
dataset_0006,rho,0.3908390998840332,0.11720301955938339,0.38318561017513275,0.18270960971713066,0.63483796864748,0.4522121846675873,-0.06137308478355408,0.06137308478355408,1
dataset_0007,beta0,-0.7213775515556335,0.04606470465660095,-0.719758540391922,-0.7889405027031898,-0.6676051989197731,-0.6623832583427429,-0.058994293212890625,0.058994293212890625,0
dataset_0007,sigma2_w,0.12126342952251434,0.058043867349624634,0.11025289073586464,0.0699111245572567,0.24080508500337594,0.125279039144516,-0.004015609622001648,0.004015609622001648,1
dataset_0007,eta_raw,0.4623101055622101,0.2961330711841583,0.43500395119190216,0.018359026638790965,0.9792874827980995,0.9730000495910645,-0.5106899440288544,0.5106899440288544,1
dataset_0007,eta,0.33638203144073486,0.21546973288059235,0.3165137767791748,0.013358233915641905,0.7125405937433242,0.7079657912254333,-0.3715837597846985,0.3715837597846985,1
dataset_0007,rho,0.13952545821666718,0.142246276140213,0.096573606133461,0.004074477660469711,0.5557277858257283,0.220123752951622,-0.08059829473495483,0.08059829473495483,1
dataset_0008,beta0,-0.12734363973140717,0.02491634711623192,-0.1270623505115509,-0.16017359718680382,-0.09558710381388665,-0.13004831969738007,0.0027046799659729004,0.0027046799659729004,1
dataset_0008,sigma2_w,0.615760326385498,0.19204643368721008,0.5724404752254486,0.36580647751688955,1.1112117022275925,0.7161240577697754,-0.10036373138427734,0.10036373138427734,1
dataset_0008,eta_raw,0.2965734004974365,0.15051501989364624,0.3180503696203232,0.01547922738827765,0.5587804585695266,0.5140625238418579,-0.2174891233444214,0.2174891233444214,1
dataset_0008,eta,0.20803134143352509,0.10557872802019119,0.22309637069702148,0.010857901140116156,0.39195644930005075,0.36058905720710754,-0.15255771577358246,0.15255771577358246,1
dataset_0008,rho,0.5894564390182495,0.10456661134958267,0.5889057517051697,0.38992130011320114,0.7867629051208496,0.6517173647880554,-0.06226092576980591,0.06226092576980591,1
dataset_0009,beta0,0.4914321303367615,0.035144783556461334,0.4909733533859253,0.46077892035245893,0.5297485768795014,0.4874008297920227,0.0040313005447387695,0.0040313005447387695,1
dataset_0009,sigma2_w,0.5815541744232178,0.22699901461601257,0.5335805714130402,0.27972769141197207,1.1232097625732422,0.3789510428905487,0.20260313153266907,0.20260313153266907,1
dataset_0009,eta_raw,0.27440738677978516,0.137634739279747,0.2944289296865463,0.015258894744329158,0.5087684676051137,0.6001863479614258,-0.3257789611816406,0.3257789611816406,0
dataset_0009,eta,0.2081456035375595,0.10439976304769516,0.2233324944972992,0.011574294045567514,0.38591497838497146,0.45525798201560974,-0.24711237847805023,0.24711237847805023,0
dataset_0009,rho,0.7334877848625183,0.09553060680627823,0.7439156472682953,0.5241218313574791,0.8857661888003349,0.7487429976463318,-0.015255212783813477,0.015255212783813477,1
dataset_0010,beta0,-0.4281315505504608,0.02937999553978443,-0.42746809124946594,-0.47908587753772736,-0.38415870517492295,-0.42600104212760925,-0.0021305084228515625,0.0021305084228515625,1
dataset_0010,sigma2_w,0.32483282685279846,0.2375616431236267,0.25412823259830475,0.0708711864426732,0.946888917684555,0.2030583620071411,0.12177446484565735,0.12177446484565735,1
dataset_0010,eta_raw,0.44819721579551697,0.23847901821136475,0.45205235481262207,0.025338011933490636,0.9300713822245597,0.643794059753418,-0.195596843957901,0.195596843957901,1
dataset_0010,eta,0.2623995244503021,0.1396188586950302,0.26465652883052826,0.014834277727641168,0.5445154070854186,0.37691277265548706,-0.11451324820518494,0.11451324820518494,1
dataset_0010,rho,0.7910482883453369,0.15022490918636322,0.8342219889163971,0.40397764369845396,0.9638031736016274,0.8509186506271362,-0.059870362281799316,0.059870362281799316,1
dataset_0011,beta0,-0.5493744015693665,0.03174588456749916,-0.5507293045520782,-0.5976223617792129,-0.4980667762458325,-0.5706194639205933,0.021245062351226807,0.021245062351226807,1
dataset_0011,sigma2_w,0.7603163123130798,0.2442220002412796,0.7186089754104614,0.40469500720500945,1.3492032259702682,0.9255576729774475,-0.16524136066436768,0.16524136066436768,1
dataset_0011,eta_raw,0.685342013835907,0.1297929435968399,0.674717515707016,0.467125927656889,0.961284214258194,0.7495401501655579,-0.06419813632965088,0.06419813632965088,1
dataset_0011,eta,0.4942101538181305,0.09359559416770935,0.48654867708683014,0.3368513539433479,0.6931961372494697,0.5405043959617615,-0.04629424214363098,0.04629424214363098,1
dataset_0011,rho,0.748718798160553,0.08628793805837631,0.7601612508296967,0.547696952521801,0.88253024071455,0.7821168303489685,-0.03339803218841553,0.03339803218841553,1
dataset_0012,beta0,-0.15182916820049286,0.01429435983300209,-0.15169603377580643,-0.17753850668668747,-0.12548572570085526,-0.16412226855754852,0.012293100357055664,0.012293100357055664,1
dataset_0012,sigma2_w,0.09783967584371567,0.041320495307445526,0.09095068648457527,0.06870823130011558,0.1636251978576183,0.09689290076494217,0.0009467750787734985,0.0009467750787734985,1
dataset_0012,eta_raw,0.6176591515541077,0.22443616390228271,0.6362810432910919,0.08109755720943215,0.974917647242546,0.49946609139442444,0.11819306015968323,0.11819306015968323,1
dataset_0012,eta,0.44517236948013306,0.1617603898048401,0.4585939347743988,0.05845034550875427,0.702663266658783,0.3599857687950134,0.08518660068511963,0.08518660068511963,1
dataset_0012,rho,0.3252318799495697,0.13244372606277466,0.3047218322753906,0.12150389812886715,0.6513015940785408,0.24808666110038757,0.07714521884918213,0.07714521884918213,1
dataset_0013,beta0,-0.06358138471841812,0.024651871994137764,-0.06293035298585892,-0.09538153558969498,-0.03172259656712413,-0.059165600687265396,-0.004415784031152725,0.004415784031152725,1
dataset_0013,sigma2_w,0.14417080581188202,0.01937377080321312,0.14275014400482178,0.11115534324198961,0.18470485545694829,0.17038366198539734,-0.02621285617351532,0.02621285617351532,1
dataset_0013,eta_raw,0.4915693700313568,0.2958895266056061,0.48910680413246155,0.021277151070535183,0.9774026706814766,0.27345141768455505,0.21811795234680176,0.21811795234680176,1
dataset_0013,eta,0.35054725408554077,0.2110043317079544,0.34879113733768463,0.015173131064511836,0.6970039963722229,0.19500328600406647,0.1555439680814743,0.1555439680814743,1
dataset_0013,rho,0.03935365751385689,0.036060430109500885,0.0295600313693285,0.0014999228733358905,0.13264571093022823,0.1291787475347519,-0.089825090020895,0.089825090020895,1
dataset_0014,beta0,0.3487187325954437,0.038869697600603104,0.34930165112018585,0.3114784821867943,0.39116004332900045,0.3164816200733185,0.032237112522125244,0.032237112522125244,1
dataset_0014,sigma2_w,0.4580308496952057,0.21707837283611298,0.4015877991914749,0.1961668971925974,1.019628632068634,0.7930841445922852,-0.33505329489707947,0.33505329489707947,1
dataset_0014,eta_raw,0.6753758788108826,0.1957058161497116,0.6912038624286652,0.17123782336711887,0.9780520275235175,0.6521784663200378,0.023197412490844727,0.023197412490844727,1
dataset_0014,eta,0.4673500061035156,0.13542549312114716,0.4783027619123459,0.11849401965737345,0.6767974108457565,0.4512977600097656,0.01605224609375,0.01605224609375,1
dataset_0014,rho,0.6551083922386169,0.15317070484161377,0.6738752126693726,0.3216477707028389,0.8910268351435661,0.8459190130233765,-0.19081062078475952,0.19081062078475952,1
dataset_0015,beta0,-0.217725932598114,0.01942593604326248,-0.21734897792339325,-0.24920132160186767,-0.1858345553278923,-0.21425116062164307,-0.0034747719764709473,0.0034747719764709473,1
dataset_0015,sigma2_w,0.07814295589923859,0.15125314891338348,0.022072413936257362,0.0075918558519333604,0.5371451318264007,0.09769318997859955,-0.019550234079360962,0.019550234079360962,1
dataset_0015,eta_raw,0.3734835386276245,0.2736946642398834,0.31581319868564606,0.013299358030781151,0.9538057133555412,0.03417959809303284,0.3393039405345917,0.3393039405345917,1
dataset_0015,eta,0.2692660689353943,0.19732244312763214,0.22768816351890564,0.009588283323682846,0.6876542031764984,0.024642067030072212,0.24462400190532207,0.24462400190532207,1
dataset_0015,rho,0.538279116153717,0.3176317811012268,0.5396235883235931,0.029053619271144276,0.9859569936990737,0.9339783787727356,-0.39569926261901855,0.39569926261901855,1
dataset_0016,beta0,0.04145875573158264,0.02060280181467533,0.04205024801194668,0.01579619231633842,0.06621841974556446,0.03595166653394699,0.005507089197635651,0.005507089197635651,1
dataset_0016,sigma2_w,0.09579003602266312,0.1289452761411667,0.04862912558019161,0.02365085408091545,0.49658596292138046,0.0929553210735321,0.002834714949131012,0.002834714949131012,1
dataset_0016,eta_raw,0.249886155128479,0.18347615003585815,0.21835532039403915,0.010800167289562524,0.7117823317646973,0.11463890969753265,0.13524724543094635,0.13524724543094635,1
dataset_0016,eta,0.20937485992908478,0.15373116731643677,0.182955764234066,0.00904925500508398,0.5963888943195337,0.09605376422405243,0.11332109570503235,0.11332109570503235,1
dataset_0016,rho,0.5854106545448303,0.2238755077123642,0.5699669122695923,0.199489014595747,0.9611293762922287,0.7654637098312378,-0.18005305528640747,0.18005305528640747,1
dataset_0017,beta0,-0.7333064675331116,0.05652838945388794,-0.7337395250797272,-0.8210008800029754,-0.6670181423425675,-0.7486217617988586,0.01531529426574707,0.01531529426574707,1
dataset_0017,sigma2_w,0.8950785994529724,0.1210721880197525,0.8902505338191986,0.6822743833065033,1.1487853467464446,0.831954836845398,0.06312376260757446,0.06312376260757446,1
dataset_0017,eta_raw,0.5927794575691223,0.2906838655471802,0.6523368954658508,0.02995558553375304,0.9865927845239639,0.5205352902412415,0.07224416732788086,0.07224416732788086,1
dataset_0017,eta,0.40883055329322815,0.20048004388809204,0.4499064236879349,0.02065989347174764,0.6804374173283577,0.3590049147605896,0.04982563853263855,0.04982563853263855,1
dataset_0017,rho,0.07084858417510986,0.05701318010687828,0.057703061029314995,0.0034983330580871555,0.20814073048532,0.04821360111236572,0.02263498306274414,0.02263498306274414,1
dataset_0018,beta0,-0.11519483476877213,0.01736031472682953,-0.11513223871588707,-0.14079228043556213,-0.08906221948564053,-0.11409642547369003,-0.0010984092950820923,0.0010984092950820923,1
dataset_0018,sigma2_w,0.18732000887393951,0.20439855754375458,0.11081050708889961,0.02111278958618641,0.7768973886966702,0.10115578770637512,0.08616422116756439,0.08616422116756439,1
dataset_0018,eta_raw,0.2523789405822754,0.17337758839130402,0.23082883656024933,0.010097535140812398,0.6444858908653258,0.21511514484882355,0.03726379573345184,0.03726379573345184,1
dataset_0018,eta,0.19774307310581207,0.13584421575069427,0.18085822463035583,0.007911585830152036,0.5049654081463812,0.16854628920555115,0.029196783900260925,0.029196783900260925,1
dataset_0018,rho,0.8319913148880005,0.15605072677135468,0.8904382884502411,0.43306959941983225,0.985671091079712,0.8894608616828918,-0.05746954679489136,0.05746954679489136,1
dataset_0019,beta0,0.1525915116071701,0.012362733483314514,0.15271954238414764,0.12839946448802947,0.1763119678944349,0.14954021573066711,0.0030512958765029907,0.0030512958765029907,1
dataset_0019,sigma2_w,0.12760460376739502,0.2090204358100891,0.03903103806078434,0.0027542466879822316,0.7458433076739311,0.2740609049797058,-0.1464563012123108,0.1464563012123108,1
dataset_0019,eta_raw,0.6554737091064453,0.25134190917015076,0.707014411687851,0.07050589863210917,0.9865932926535607,0.9408093094825745,-0.28533560037612915,0.28533560037612915,1
dataset_0019,eta,0.4262915551662445,0.1634618192911148,0.45981134474277496,0.04585396470502019,0.6416372865438461,0.6118613481521606,-0.18556979298591614,0.18556979298591614,1
dataset_0019,rho,0.8486188650131226,0.20775315165519714,0.9517344236373901,0.24776158332824708,0.9981363952159882,0.9935389757156372,-0.14492011070251465,0.14492011070251465,1
dataset_0020,beta0,0.07902182638645172,0.024583391845226288,0.07981758564710617,0.03693629913032055,0.1181870566681027,0.043772365897893906,0.035249460488557816,0.035249460488557816,1
dataset_0020,sigma2_w,1.138811469078064,0.13174082338809967,1.1315058469772339,0.9013101294636726,1.4176037937402723,0.90309739112854,0.23571407794952393,0.23571407794952393,1
dataset_0020,eta_raw,0.7431793212890625,0.20905110239982605,0.7920913100242615,0.14920068792998792,0.9897476360201836,0.5359987020492554,0.20718061923980713,0.20718061923980713,1
dataset_0020,eta,0.5914298892021179,0.16636505722999573,0.6303545534610748,0.11873546652495862,0.7876515313982964,0.4265533983707428,0.16487649083137512,0.16487649083137512,1
dataset_0020,rho,0.1662878543138504,0.07422901690006256,0.16085397452116013,0.03761285645887256,0.32530826255679124,0.07353496551513672,0.09275288879871368,0.09275288879871368,1
dataset_0021,beta0,0.15569810569286346,0.020829275250434875,0.15598060190677643,0.125380440056324,0.1851585555821657,0.1461036503314972,0.009594455361366272,0.009594455361366272,1
dataset_0021,sigma2_w,0.5077320337295532,0.21505171060562134,0.45586302876472473,0.23505851440131664,1.0591729879379272,0.5480124950408936,-0.04028046131134033,0.04028046131134033,1
dataset_0021,eta_raw,0.2095508575439453,0.1293509602546692,0.20590368658304214,0.008727410342544317,0.46550196409225447,0.10045644640922546,0.10909441113471985,0.10909441113471985,1
dataset_0021,eta,0.15369479358196259,0.09487229585647583,0.15101978927850723,0.006401107518468052,0.34142179265618317,0.07367964833974838,0.0800151452422142,0.0800151452422142,1
dataset_0021,rho,0.6885039210319519,0.11400911211967468,0.6991935670375824,0.44712412580847744,0.8749448850750923,0.7968014478683472,-0.10829752683639526,0.10829752683639526,1
dataset_0022,beta0,-0.5392298102378845,0.026801591739058495,-0.5388999879360199,-0.5852522656321526,-0.4939146861433983,-0.5141009092330933,-0.02512890100479126,0.02512890100479126,1
dataset_0022,sigma2_w,0.4703890085220337,0.08379343152046204,0.45722635090351105,0.3493952564895153,0.6606486037373542,0.4116743803024292,0.05871462821960449,0.05871462821960449,1
dataset_0022,eta_raw,0.7245250940322876,0.20437726378440857,0.7596340775489807,0.19379398077726365,0.9901775315403938,0.9551339149475098,-0.23060882091522217,0.23060882091522217,1
dataset_0022,eta,0.4835299849510193,0.13639628887176514,0.5069608688354492,0.12933327183127405,0.6608198419213295,0.6374325752258301,-0.1539025902748108,0.1539025902748108,1
dataset_0022,rho,0.26956844329833984,0.10243123769760132,0.2602198123931885,0.09445358514785768,0.5006427988409995,0.3700561821460724,-0.10048773884773254,0.10048773884773254,1
dataset_0023,beta0,0.026446780189871788,0.02050163596868515,0.02643714565783739,-0.00043068489467259385,0.05223154434934255,0.037046052515506744,-0.010599272325634956,0.010599272325634956,1
dataset_0023,sigma2_w,0.317088782787323,0.2211720496416092,0.25091053545475006,0.07926988638937474,0.8846039906144142,0.0874185636639595,0.2296702191233635,0.2296702191233635,1
dataset_0023,eta_raw,0.7234759330749512,0.14433035254478455,0.7229102551937103,0.44871638938784597,0.9791094914078713,0.7296827435493469,-0.006206810474395752,0.006206810474395752,1
dataset_0023,eta,0.495823472738266,0.09891466051340103,0.49543581902980804,0.3075211077928543,0.6710181877017021,0.5000772476196289,-0.004253774881362915,0.004253774881362915,1
dataset_0023,rho,0.8402562737464905,0.1124926507472992,0.8728979527950287,0.5568214565515518,0.9685486972332,0.7527434825897217,0.0875127911567688,0.0875127911567688,1
dataset_0024,beta0,0.6369284391403198,0.053452376276254654,0.6370519399642944,0.6080737873911858,0.6721728399395942,0.6333185434341431,0.003609895706176758,0.003609895706176758,1
dataset_0024,sigma2_w,0.21912488341331482,0.17591524124145508,0.15655531734228134,0.0628144819289446,0.720981615781784,0.10729773342609406,0.11182714998722076,0.11182714998722076,1
dataset_0024,eta_raw,0.20168684422969818,0.1331082433462143,0.18788881599903107,0.0101013446925208,0.48459394201636297,0.2595462501049042,-0.057859405875205994,0.057859405875205994,1
dataset_0024,eta,0.14503756165504456,0.09572112560272217,0.13511507958173752,0.007264104706700893,0.3484824091196059,0.18664555251598358,-0.041607990860939026,0.041607990860939026,1
dataset_0024,rho,0.7313680052757263,0.14903344213962555,0.7507814466953278,0.4239569306373596,0.9477399811148643,0.6574814915657043,0.07388651371002197,0.07388651371002197,1
dataset_0025,beta0,0.2929714620113373,0.022731877863407135,0.29314441978931427,0.2588918022811413,0.32910928502678866,0.3001773953437805,-0.007205933332443237,0.007205933332443237,1
dataset_0025,sigma2_w,0.4171265661716461,0.22436155378818512,0.3553154468536377,0.15887988060712815,1.0043132424354553,0.2831803262233734,0.1339462399482727,0.1339462399482727,1
dataset_0025,eta_raw,0.30528974533081055,0.1870313286781311,0.30201730132102966,0.014281815593130888,0.7109837099909775,0.1235005185008049,0.18178922683000565,0.18178922683000565,1
dataset_0025,eta,0.23946228623390198,0.1467030793428421,0.23689543455839157,0.011202327813953162,0.5576793193817132,0.09687097370624542,0.14259131252765656,0.14259131252765656,1
dataset_0025,rho,0.6841284036636353,0.14443038403987885,0.7022605240345001,0.37083678543567655,0.9049382388591766,0.6748173832893372,0.009311020374298096,0.009311020374298096,1
dataset_0026,beta0,0.22035546600818634,0.031823184341192245,0.22115545719861984,0.18133541122078894,0.26121965795755386,0.2293042242527008,-0.008948758244514465,0.008948758244514465,1
dataset_0026,sigma2_w,0.4145906865596771,0.19039864838123322,0.36071567237377167,0.20203313566744327,0.9277033418416977,0.3439033627510071,0.07068732380867004,0.07068732380867004,1
dataset_0026,eta_raw,0.24753078818321228,0.1778472363948822,0.2180512472987175,0.010540298628620803,0.6705645337700843,0.3533693253993988,-0.10583853721618652,0.10583853721618652,1
dataset_0026,eta,0.21740806102752686,0.15620450675487518,0.1915159597992897,0.00925761938560754,0.5889615759253501,0.31036677956581116,-0.0929587185382843,0.0929587185382843,1
dataset_0026,rho,0.5030878186225891,0.16021469235420227,0.49929167330265045,0.20790215581655502,0.807806272804737,0.5120353102684021,-0.008947491645812988,0.008947491645812988,1
dataset_0027,beta0,0.25119122862815857,0.018509401008486748,0.25179731845855713,0.22490595504641533,0.2767313152551651,0.2480820119380951,0.0031092166900634766,0.0031092166900634766,1
dataset_0027,sigma2_w,0.3650282621383667,0.12297321110963821,0.3331250995397568,0.23312588669359685,0.691745541989803,0.2808665931224823,0.0841616690158844,0.0841616690158844,1
dataset_0027,eta_raw,0.6835793852806091,0.15601862967014313,0.6800438761711121,0.3618366576731205,0.9713758915662765,0.36705559492111206,0.31652379035949707,0.31652379035949707,1
dataset_0027,eta,0.4962003827095032,0.11325165629386902,0.4936339557170868,0.2626519672572613,0.7051076084375381,0.2664403021335602,0.229760080575943,0.229760080575943,1
dataset_0027,rho,0.5165578126907349,0.12160799652338028,0.5091888308525085,0.300750008970499,0.7757112935185432,0.32069748640060425,0.19586032629013062,0.19586032629013062,1
dataset_0028,beta0,0.20115786790847778,0.017960796132683754,0.20135363191366196,0.17789442725479604,0.22433839812874792,0.20218555629253387,-0.0010276883840560913,0.0010276883840560913,1
dataset_0028,sigma2_w,0.1335531324148178,0.2231147438287735,0.04367518424987793,0.0011559997830772775,0.7428836926817893,0.02060089074075222,0.11295224167406559,0.11295224167406559,1
dataset_0028,eta_raw,0.2896256744861603,0.22060872614383698,0.24327843636274338,0.009935371531173588,0.8590365737676618,0.4949623644351959,-0.20533668994903564,0.20533668994903564,1
dataset_0028,eta,0.2132338434457779,0.162420853972435,0.17911117523908615,0.007314812461845578,0.6324565991759299,0.3644108176231384,-0.15117697417736053,0.15117697417736053,1
dataset_0028,rho,0.9071838855743408,0.15128888189792633,0.9766561985015869,0.4406443558633328,0.998993243277073,0.9356641173362732,-0.028480231761932373,0.028480231761932373,1
dataset_0029,beta0,-0.6980448365211487,0.02017485722899437,-0.695905476808548,-0.7390980154275895,-0.6651082128286362,-0.6756287813186646,-0.02241605520248413,0.02241605520248413,1
dataset_0029,sigma2_w,0.1385071873664856,0.1987111121416092,0.05445420369505882,0.009821360860951246,0.6836367502808559,0.29915523529052734,-0.16064804792404175,0.16064804792404175,1
dataset_0029,eta_raw,0.6123583912849426,0.258388876914978,0.6476421654224396,0.05206725858151913,0.9822915345430374,0.2979503273963928,0.3144080638885498,0.3144080638885498,1
dataset_0029,eta,0.378801167011261,0.15983779728412628,0.4006275087594986,0.0322084897197783,0.6076396077871322,0.18431027233600616,0.19449089467525482,0.19449089467525482,1
dataset_0029,rho,0.78583824634552,0.22537069022655487,0.8803697228431702,0.2059954695403576,0.9921039119362831,0.9727374315261841,-0.18689918518066406,0.18689918518066406,1
dataset_0030,beta0,-0.848950207233429,0.03364010527729988,-0.846601814031601,-0.9081413686275482,-0.7905067071318627,-0.8393305540084839,-0.009619653224945068,0.009619653224945068,1
dataset_0030,sigma2_w,0.2974398136138916,0.05937007814645767,0.28836043179035187,0.216707606241107,0.43201752901077245,0.27397075295448303,0.02346906065940857,0.02346906065940857,1
dataset_0030,eta_raw,0.43260011076927185,0.25801974534988403,0.4259827584028244,0.02161403470672667,0.9510231882333753,0.9581941962242126,-0.5255940854549408,0.5255940854549408,0
dataset_0030,eta,0.3000832200050354,0.1789814680814743,0.295492947101593,0.014993082522414627,0.6596996009349821,0.664673924446106,-0.36459070444107056,0.36459070444107056,0
dataset_0030,rho,0.2068088799715042,0.09840782731771469,0.19526390731334686,0.04755089050158858,0.43710824623703953,0.22037287056446075,-0.013563990592956543,0.013563990592956543,1
dataset_0031,beta0,0.4660826027393341,0.033539772033691406,0.4664579778909683,0.4380014903843403,0.4999670125544071,0.46728917956352234,-0.0012065768241882324,0.0012065768241882324,1
dataset_0031,sigma2_w,0.36649858951568604,0.04602963849902153,0.36148330569267273,0.2927486412227154,0.46263917908072466,0.3228897750377655,0.04360881447792053,0.04360881447792053,1
dataset_0031,eta_raw,0.19258688390254974,0.13757996261119843,0.1711459383368492,0.009009111742489041,0.5128303006291389,0.0077764797024428844,0.18481040420010686,0.18481040420010686,0
dataset_0031,eta,0.13618707656860352,0.09728913754224777,0.1210251934826374,0.0063707587309181695,0.36264598220586775,0.005499108228832483,0.13068796833977103,0.13068796833977103,0
dataset_0031,rho,0.19550272822380066,0.05683847889304161,0.19346646964550018,0.08737240210175515,0.3128154292702674,0.2011357545852661,-0.005633026361465454,0.005633026361465454,1
dataset_0032,beta0,0.47664517164230347,0.025645501911640167,0.47665658593177795,0.4538840040564537,0.504644650220871,0.4686028063297272,0.008042365312576294,0.008042365312576294,1
dataset_0032,sigma2_w,0.24959194660186768,0.19002105295658112,0.18798305094242096,0.0648472698405385,0.7607284456491462,0.6937856674194336,-0.4441937208175659,0.4441937208175659,1
dataset_0032,eta_raw,0.18481779098510742,0.11874514073133469,0.17367100715637207,0.008022830169647933,0.4232055962085724,0.27110275626182556,-0.08628496527671814,0.08628496527671814,1
dataset_0032,eta,0.1402905285358429,0.09013643115758896,0.13182927668094635,0.006089927919674666,0.32124468609690665,0.20578725636005402,-0.06549672782421112,0.06549672782421112,1
dataset_0032,rho,0.790712296962738,0.12678508460521698,0.8183026313781738,0.49992717802524567,0.95704076141119,0.934699535369873,-0.143987238407135,0.143987238407135,1
dataset_0033,beta0,-0.716032087802887,0.028548454865813255,-0.7141030728816986,-0.7634524047374726,-0.6780372768640518,-0.6919237375259399,-0.02410835027694702,0.02410835027694702,1
dataset_0033,sigma2_w,0.40366265177726746,0.19383679330348969,0.34844471514225006,0.18839661292731763,0.9244462773203848,0.43188801407814026,-0.028225362300872803,0.028225362300872803,1
dataset_0033,eta_raw,0.27270326018333435,0.15941397845745087,0.27484920620918274,0.014432365261018277,0.5803879857063292,0.31796330213546753,-0.04526004195213318,0.04526004195213318,1
dataset_0033,eta,0.21336674690246582,0.12472768127918243,0.2150457799434662,0.011292079300619663,0.45410350114107123,0.248778834939003,-0.03541208803653717,0.03541208803653717,1
dataset_0033,rho,0.6450738310813904,0.1305515021085739,0.6501222848892212,0.3879047900438309,0.8724974662065506,0.6695384979248047,-0.024464666843414307,0.024464666843414307,1
dataset_0034,beta0,0.1068834438920021,0.014766808599233627,0.10718586668372154,0.08090620767325163,0.13190908953547478,0.1008293405175209,0.006054103374481201,0.006054103374481201,1
dataset_0034,sigma2_w,0.12776926159858704,0.055297620594501495,0.11619937047362328,0.08566335290670395,0.2456094756722448,0.13240481913089752,-0.004635557532310486,0.004635557532310486,1
dataset_0034,eta_raw,0.6559466123580933,0.21459084749221802,0.673761636018753,0.11503511276096107,0.9799387946724891,0.9018824100494385,-0.24593579769134521,0.24593579769134521,1
dataset_0034,eta,0.45297423005104065,0.14818905293941498,0.4652765989303589,0.07943929079920053,0.6767120227217674,0.6228089332580566,-0.169834703207016,0.169834703207016,1
dataset_0034,rho,0.3673088252544403,0.14238876104354858,0.34725460410118103,0.14262678883969784,0.7181507229804991,0.39538338780403137,-0.028074562549591064,0.028074562549591064,1
dataset_0035,beta0,-0.9766638875007629,0.04200854152441025,-0.9741544127464294,-1.0539829969406127,-0.9073777318000794,-0.9130726456642151,-0.06359124183654785,0.06359124183654785,1
dataset_0035,sigma2_w,0.36829903721809387,0.04916909337043762,0.3649486005306244,0.2839405469596386,0.4743896134197712,0.3039152920246124,0.06438374519348145,0.06438374519348145,1
dataset_0035,eta_raw,0.490146279335022,0.2935173511505127,0.4908638298511505,0.02004922684282065,0.9784139096736908,0.3207351863384247,0.1694110929965973,0.1694110929965973,1
dataset_0035,eta,0.32159680128097534,0.1925838142633438,0.32206757366657257,0.013154779840260747,0.6419609144330025,0.21044208109378815,0.1111547201871872,0.1111547201871872,1
dataset_0035,rho,0.055643241852521896,0.046554598957300186,0.04474357143044472,0.0025077037804294377,0.16874638646841048,0.06600703299045563,-0.010363791137933731,0.010363791137933731,1
dataset_0036,beta0,-0.05045324191451073,0.024123044684529305,-0.050401557236909866,-0.08220509774982929,-0.020084307901561273,-0.055588699877262115,0.0051354579627513885,0.0051354579627513885,1
dataset_0036,sigma2_w,0.3847135603427887,0.1907024383544922,0.33161628246307373,0.17114491611719132,0.8947226747870445,0.4194242060184479,-0.03471064567565918,0.03471064567565918,1
dataset_0036,eta_raw,0.4916594624519348,0.1844182312488556,0.5038450658321381,0.061634742189198746,0.8619658991694447,0.5389912724494934,-0.047331809997558594,0.047331809997558594,1
dataset_0036,eta,0.3380996584892273,0.1268189549446106,0.3464793413877487,0.04238438857719303,0.5927484691143033,0.3706483542919159,-0.0325486958026886,0.0325486958026886,1
dataset_0036,rho,0.6492898464202881,0.14096605777740479,0.6586301028728485,0.36212171465158466,0.8833491921424865,0.7414262294769287,-0.09213638305664062,0.09213638305664062,1
dataset_0037,beta0,0.15406955778598785,0.014765497297048569,0.1543947458267212,0.1288788676261902,0.17807556986808776,0.13937313854694366,0.01469641923904419,0.01469641923904419,1
dataset_0037,sigma2_w,0.21332211792469025,0.19299627840518951,0.14251967519521713,0.04515906320884824,0.7520161375403404,0.09483124315738678,0.11849087476730347,0.11849087476730347,1
dataset_0037,eta_raw,0.7431987524032593,0.15642832219600677,0.7507558763027191,0.40807725861668587,0.9834950476884842,0.7384700179100037,0.004728734493255615,0.004728734493255615,1
dataset_0037,eta,0.5397664904594421,0.11360993981361389,0.5452550649642944,0.2963762141764164,0.7142876848578453,0.5363321304321289,0.0034343600273132324,0.0034343600273132324,1
dataset_0037,rho,0.8010071516036987,0.14845876395702362,0.8417253494262695,0.43756820186972617,0.9730301812291146,0.7695879936218262,0.03141915798187256,0.03141915798187256,1
dataset_0038,beta0,1.1631927490234375,0.10007022321224213,1.1652681827545166,1.107261174917221,1.2297299802303314,1.0991218090057373,0.0640709400177002,0.0640709400177002,0
dataset_0038,sigma2_w,0.5006269812583923,0.22477750480175018,0.4504135847091675,0.20925433933734894,1.0385294944047927,0.36779263615608215,0.13283434510231018,0.13283434510231018,1
dataset_0038,eta_raw,0.3695208430290222,0.15624713897705078,0.39879582822322845,0.032172318641096355,0.6215834140777586,0.42076656222343445,-0.05124571919441223,0.05124571919441223,1
dataset_0038,eta,0.2636086940765381,0.11146354675292969,0.2844928801059723,0.022951083071529866,0.4434250399470328,0.30016636848449707,-0.036557674407958984,0.036557674407958984,1
dataset_0038,rho,0.7675967812538147,0.09842213988304138,0.7829381227493286,0.5462308973073959,0.9144721180200577,0.7007779479026794,0.06681883335113525,0.06681883335113525,1
dataset_0039,beta0,-0.5254979729652405,0.03229394927620888,-0.525443971157074,-0.5732101753354073,-0.4788856439292431,-0.5050309300422668,-0.020467042922973633,0.020467042922973633,1
dataset_0039,sigma2_w,0.17031767964363098,0.1796833574771881,0.10032716765999794,0.036395782604813576,0.6997250780463217,0.21492689847946167,-0.04460921883583069,0.04460921883583069,1
dataset_0039,eta_raw,0.7173891663551331,0.2289910763502121,0.7728932797908783,0.11339704766869546,0.991018708050251,0.7923884391784668,-0.07499927282333374,0.07499927282333374,1
dataset_0039,eta,0.4631238281726837,0.14782941341400146,0.49895554780960083,0.07320556044578554,0.6397704586386681,0.5115410089492798,-0.04841718077659607,0.04841718077659607,1
dataset_0039,rho,0.6386536955833435,0.2483777105808258,0.6845773458480835,0.10907326564192772,0.9673783227801322,0.918123722076416,-0.2794700264930725,0.2794700264930725,1
dataset_0040,beta0,-0.09145436435937881,0.0160321444272995,-0.09124748781323433,-0.1184002336114645,-0.06498745772987605,-0.09403981268405914,0.0025854483246803284,0.0025854483246803284,1
dataset_0040,sigma2_w,0.20208650827407837,0.19974450767040253,0.1286468803882599,0.030425501614809038,0.7301036849617957,0.060955960303545,0.14113054797053337,0.14113054797053337,1
dataset_0040,eta_raw,0.378139466047287,0.20684614777565002,0.3800441771745682,0.022098444122821095,0.8262069001793856,0.21280328929424286,0.16533617675304413,0.16533617675304413,1
dataset_0040,eta,0.3458271920681,0.18917103111743927,0.34756918251514435,0.020210118545219303,0.7556070283055301,0.19461911916732788,0.1512080729007721,0.1512080729007721,1
dataset_0040,rho,0.8088271617889404,0.15855206549167633,0.861378014087677,0.41049616411328316,0.9790619865059853,0.6822585463523865,0.12656861543655396,0.12656861543655396,1
dataset_0041,beta0,-0.1655738800764084,0.018963303416967392,-0.1654372289776802,-0.1990169368684292,-0.1337690081447363,-0.18617630004882812,0.02060241997241974,0.02060241997241974,1
dataset_0041,sigma2_w,0.5632526874542236,0.20090597867965698,0.5192347168922424,0.30047180503606796,1.0652990102767945,0.6881022453308105,-0.12484955787658691,0.12484955787658691,1
dataset_0041,eta_raw,0.8720834255218506,0.08164431899785995,0.878689706325531,0.7026676073670387,0.9929230466485024,0.8642728924751282,0.007810533046722412,0.007810533046722412,1
dataset_0041,eta,0.684807538986206,0.06411156803369522,0.6899950802326202,0.5517729297280312,0.7796973526477814,0.6786742210388184,0.006133317947387695,0.006133317947387695,1
dataset_0041,rho,0.717797040939331,0.10233105719089508,0.7294683456420898,0.4933082513511181,0.8801423639059067,0.8172655701637268,-0.09946852922439575,0.09946852922439575,1
dataset_0042,beta0,0.240091472864151,0.03494279831647873,0.24079646170139313,0.20863479264080526,0.27321857437491415,0.21754226088523865,0.022549211978912354,0.022549211978912354,1
dataset_0042,sigma2_w,0.22871249914169312,0.2457471638917923,0.1462951898574829,0.014176175859756768,0.9022642135620116,0.3265323340892792,-0.09781983494758606,0.09781983494758606,1
dataset_0042,eta_raw,0.24579980969429016,0.18226556479930878,0.21375802904367447,0.009365455922670664,0.6991344049572943,0.17339883744716644,0.07240097224712372,0.07240097224712372,1
dataset_0042,eta,0.20166966319084167,0.1495421677827835,0.17538058012723923,0.0076840111170895405,0.5736139684915541,0.1422673463821411,0.05940231680870056,0.05940231680870056,1
dataset_0042,rho,0.8957164287567139,0.12227143347263336,0.9432985186576843,0.5262102067470551,0.9928801745176316,0.9817741513252258,-0.08605772256851196,0.08605772256851196,1
dataset_0043,beta0,0.5438157916069031,0.043353743851184845,0.5436671078205109,0.5093833595514298,0.5838655099272728,0.5187808275222778,0.025034964084625244,0.025034964084625244,1
dataset_0043,sigma2_w,0.44113272428512573,0.058138590306043625,0.4343820661306381,0.34590089991688727,0.5725856497883797,0.4445127546787262,-0.003380030393600464,0.003380030393600464,1
dataset_0043,eta_raw,0.7262887358665466,0.21959304809570312,0.7788330018520355,0.14003335870802402,0.992593689262867,0.7156713604927063,0.010617375373840332,0.010617375373840332,1
dataset_0043,eta,0.49052396416664124,0.14830969274044037,0.5260115563869476,0.09457633309066296,0.6703821808099747,0.4833531975746155,0.007170766592025757,0.007170766592025757,1
dataset_0043,rho,0.1732606142759323,0.07991979271173477,0.1671941876411438,0.03462149873375893,0.3462685346603392,0.19750677049160004,-0.024246156215667725,0.024246156215667725,1
dataset_0044,beta0,-0.7270680665969849,0.02747785486280918,-0.7255104184150696,-0.7766791343688965,-0.6857447177171707,-0.6917901635169983,-0.03527790307998657,0.03527790307998657,1
dataset_0044,sigma2_w,0.2922215163707733,0.05964892357587814,0.28175391256809235,0.2159729290753603,0.43191782608628265,0.3192344009876251,-0.027012884616851807,0.027012884616851807,1
dataset_0044,eta_raw,0.35365810990333557,0.22376976907253265,0.3413059860467911,0.016972025716677313,0.8799086540937422,0.17398616671562195,0.17967194318771362,0.17967194318771362,1
dataset_0044,eta,0.28002965450286865,0.17718291282653809,0.2702491581439972,0.013438603165559473,0.6967195898294448,0.13776381313800812,0.14226584136486053,0.14226584136486053,1
dataset_0044,rho,0.2722943425178528,0.09782303124666214,0.2604697495698929,0.11267800815403461,0.5032008007168769,0.3390795886516571,-0.06678524613380432,0.06678524613380432,1
dataset_0045,beta0,-1.2348215579986572,0.06298960000276566,-1.2280575037002563,-1.3553519248962402,-1.1437372654676439,-1.1410775184631348,-0.09374403953552246,0.09374403953552246,0
dataset_0045,sigma2_w,0.3731239140033722,0.07297655194997787,0.3652903586626053,0.2548936352133751,0.5425014391541481,0.279593825340271,0.0935300886631012,0.0935300886631012,1
dataset_0045,eta_raw,0.48622027039527893,0.3016175627708435,0.4636150300502777,0.016606875555589797,0.9830532044172287,0.17009194195270538,0.31612832844257355,0.31612832844257355,1
dataset_0045,eta,0.40708228945732117,0.25252580642700195,0.38815632462501526,0.01390391462482512,0.823049932718277,0.14240750670433044,0.2646747827529907,0.2646747827529907,1
dataset_0045,rho,0.08087088167667389,0.07166523486375809,0.06340145319700241,0.0033991674019489436,0.2632222123444076,0.041599392890930176,0.03927148878574371,0.03927148878574371,1
dataset_0046,beta0,-0.14474031329154968,0.04177999868988991,-0.14479612559080124,-0.20163687020540239,-0.09163825605064631,-0.10805479437112808,-0.0366855189204216,0.0366855189204216,1
dataset_0046,sigma2_w,0.44800418615341187,0.2664015293121338,0.3805186301469803,0.12454614080488682,1.1350725561380384,0.5587663650512695,-0.11076217889785767,0.11076217889785767,1
dataset_0046,eta_raw,0.3034527003765106,0.21094052493572235,0.277175709605217,0.013178352266550064,0.7962332755327222,0.5150579214096069,-0.2116052210330963,0.2116052210330963,1
dataset_0046,eta,0.15628671646118164,0.10864034295082092,0.14275334030389786,0.006787224544677883,0.4100826643407343,0.2652694284915924,-0.10898271203041077,0.10898271203041077,1
dataset_0046,rho,0.7494254112243652,0.1504543274641037,0.7829747498035431,0.3737159684300423,0.9438218504190444,0.8280656337738037,-0.07864022254943848,0.07864022254943848,1
dataset_0047,beta0,0.31891852617263794,0.01667712815105915,0.31924188137054443,0.2923581384122372,0.3450992122292519,0.328001469373703,-0.009082943201065063,0.009082943201065063,1
dataset_0047,sigma2_w,0.1524021029472351,0.11540155857801437,0.11516955122351646,0.06856794022023678,0.5032968133687971,0.18617531657218933,-0.033773213624954224,0.033773213624954224,1
dataset_0047,eta_raw,0.45936405658721924,0.22393740713596344,0.4643597900867462,0.03235314395278693,0.9207272589206695,0.34940168261528015,0.10996237397193909,0.10996237397193909,1
dataset_0047,eta,0.34402045607566833,0.16770803928375244,0.34776178002357483,0.02422946062870324,0.6895380899310112,0.26166898012161255,0.08235147595405579,0.08235147595405579,1
dataset_0047,rho,0.5158296823501587,0.18336082994937897,0.4970119297504425,0.21009666100144386,0.8933095052838325,0.596743643283844,-0.0809139609336853,0.0809139609336853,1
dataset_0048,beta0,-0.7747828364372253,0.02539973519742489,-0.7749078869819641,-0.8250691398978234,-0.7278851971030236,-0.7366889715194702,-0.03809386491775513,0.03809386491775513,1
dataset_0048,sigma2_w,0.2750629484653473,0.21500079333782196,0.20150070637464523,0.06791910827159882,0.8533641427755352,0.558894157409668,-0.2838312089443207,0.2838312089443207,1
dataset_0048,eta_raw,0.2973189353942871,0.1936168521642685,0.2827046662569046,0.013812097231857482,0.7272883951663971,0.384966105222702,-0.08764716982841492,0.08764716982841492,1
dataset_0048,eta,0.19653235375881195,0.1279836893081665,0.18687211722135544,0.009130007959902289,0.48074878230690954,0.25446850061416626,-0.05793614685535431,0.05793614685535431,1
dataset_0048,rho,0.7622750997543335,0.15469127893447876,0.7988710403442383,0.40003027245402334,0.9566465884447097,0.8748183846473694,-0.11254328489303589,0.11254328489303589,1
dataset_0049,beta0,-0.31446313858032227,0.01831141486763954,-0.31423456966876984,-0.34635833874344824,-0.2832561232149601,-0.29583731293678284,-0.01862582564353943,0.01862582564353943,1
dataset_0049,sigma2_w,0.25156092643737793,0.16418036818504333,0.1954672634601593,0.10533991307020188,0.7291918605566025,0.4747810661792755,-0.22322013974189758,0.22322013974189758,1
dataset_0049,eta_raw,0.4156019389629364,0.1956021934747696,0.42866112291812897,0.03360911374911666,0.8155953183770177,0.3034021854400635,0.11219975352287292,0.11219975352287292,1
dataset_0049,eta,0.28270667791366577,0.13305529952049255,0.29158996045589447,0.02286206800490618,0.5547958463430402,0.2063845545053482,0.07632212340831757,0.07632212340831757,1
dataset_0049,rho,0.6302351355552673,0.15902872383594513,0.6293639242649078,0.3338425286114216,0.9093879655003547,0.8507749438285828,-0.22053980827331543,0.22053980827331543,1
dataset_0050,beta0,0.2522212266921997,0.09923500567674637,0.2650343328714371,0.03237506882287568,0.36316868886351583,0.2875635325908661,-0.03534230589866638,0.03534230589866638,1
dataset_0050,sigma2_w,1.6064337491989136,0.21003365516662598,1.6068620085716248,1.2074578762054444,2.0165928959846497,1.4064888954162598,0.1999448537826538,0.1999448537826538,1
dataset_0050,eta_raw,0.43258705735206604,0.2795114815235138,0.4146040380001068,0.017478678608313206,0.9574473291635511,0.5388798713684082,-0.10629281401634216,0.10629281401634216,1
dataset_0050,eta,0.2856091856956482,0.18454331159591675,0.2737361788749695,0.011540037975646558,0.6321403801441191,0.3557874262332916,-0.07017824053764343,0.07017824053764343,1
dataset_0050,rho,0.15107697248458862,0.08587721735239029,0.14151747524738312,0.018592161219567062,0.3459108091890812,0.30605635046958923,-0.1549793779850006,0.1549793779850006,1
dataset_0051,beta0,0.33653584122657776,0.031901128590106964,0.33726367354393005,0.30972188487648966,0.364976754784584,0.31839287281036377,0.01814296841621399,0.01814296841621399,1
dataset_0051,sigma2_w,0.29241544008255005,0.07903642952442169,0.2759115844964981,0.20508311688899994,0.49071356430649754,0.29464831948280334,-0.002232879400253296,0.002232879400253296,1
dataset_0051,eta_raw,0.857582688331604,0.11313813179731369,0.880915641784668,0.5996214598417282,0.9948038592934608,0.8971050381660461,-0.03952234983444214,0.03952234983444214,1
dataset_0051,eta,0.6145400404930115,0.08107428252696991,0.6312602460384369,0.4296861059963703,0.7128720551729202,0.6428614854812622,-0.028321444988250732,0.028321444988250732,1
dataset_0051,rho,0.4085475504398346,0.12296541780233383,0.3975284993648529,0.19792414791882038,0.6830590710043907,0.41331014037132263,-0.004762589931488037,0.004762589931488037,1
dataset_0052,beta0,0.03342948108911514,0.02096385322511196,0.03372956998646259,0.001468654436757789,0.0646925766021013,0.043030641973018646,-0.009601160883903503,0.009601160883903503,1
dataset_0052,sigma2_w,0.5163929462432861,0.07942018657922745,0.5062184035778046,0.3991839997470379,0.7029500782489776,0.4416162669658661,0.07477667927742004,0.07477667927742004,1
dataset_0052,eta_raw,0.6796987056732178,0.20164889097213745,0.6950328052043915,0.15988352410495282,0.9811755403876303,0.9592925310134888,-0.279593825340271,0.279593825340271,1
dataset_0052,eta,0.5181366205215454,0.15371762216091156,0.5298258364200592,0.12187974750995637,0.7479534327983856,0.7312718629837036,-0.2131352424621582,0.2131352424621582,1
dataset_0052,rho,0.28604820370674133,0.0886559784412384,0.2800266891717911,0.13087529949843885,0.4792715214192867,0.2892456650733948,-0.0031974613666534424,0.0031974613666534424,1
dataset_0053,beta0,0.08666159957647324,0.0186026468873024,0.08677858859300613,0.06271602306514978,0.11075088791549206,0.08007045090198517,0.006591148674488068,0.006591148674488068,1
dataset_0053,sigma2_w,0.10359703004360199,0.19593462347984314,0.020603250712156296,0.0005832108668982984,0.6800599813461299,0.004853920079767704,0.09874310996383429,0.09874310996383429,1
dataset_0053,eta_raw,0.48429039120674133,0.2889181971549988,0.47722262144088745,0.018437578855082393,0.97172382324934,0.4734070301055908,0.010883361101150513,0.010883361101150513,1
dataset_0053,eta,0.32404664158821106,0.1933199018239975,0.3193175047636032,0.012336887163110079,0.6501963853836059,0.3167644143104553,0.007282227277755737,0.007282227277755737,1
dataset_0053,rho,0.8467873334884644,0.23076486587524414,0.9637242555618286,0.14446946457028392,0.9993945300579071,0.7478830218315125,0.0989043116569519,0.0989043116569519,1
dataset_0054,beta0,-1.1411211490631104,0.04664729908108711,-1.1380029320716858,-1.2230261087417602,-1.0758173257112502,-1.2268832921981812,0.0857621431350708,0.0857621431350708,0
dataset_0054,sigma2_w,0.4683253765106201,0.248194620013237,0.40864863991737366,0.1561991810798645,1.0874649524688718,0.2913609445095062,0.1769644320011139,0.1769644320011139,1
dataset_0054,eta_raw,0.7544177174568176,0.15924346446990967,0.7736589908599854,0.3662213385105133,0.9850738435983657,0.9562181830406189,-0.20180046558380127,0.20180046558380127,1
dataset_0054,eta,0.6204023361206055,0.13095533847808838,0.6362255811691284,0.3011654779314995,0.8100845456123351,0.7863547801971436,-0.16595244407653809,0.16595244407653809,1
dataset_0054,rho,0.8008303642272949,0.11787503957748413,0.8283613324165344,0.5014069363474846,0.9478898033499717,0.7559936046600342,0.04483675956726074,0.04483675956726074,1
dataset_0055,beta0,0.19232021272182465,0.017903242260217667,0.19270289689302444,0.16727830916643144,0.2170252729207277,0.2018613964319229,-0.009541183710098267,0.009541183710098267,1
dataset_0055,sigma2_w,0.30158114433288574,0.21877089142799377,0.23909632861614227,0.06638761721551419,0.8706402719020844,0.44589531421661377,-0.14431416988372803,0.14431416988372803,1
dataset_0055,eta_raw,0.5347609519958496,0.17219755053520203,0.5400197207927704,0.10284085609018803,0.897672101855278,0.3632849156856537,0.17147603631019592,0.17147603631019592,1
dataset_0055,eta,0.3667701482772827,0.11810308694839478,0.37037694454193115,0.07053424306213855,0.6156757697463036,0.249161958694458,0.11760818958282471,0.11760818958282471,1
dataset_0055,rho,0.848147451877594,0.11102970689535141,0.8811503946781158,0.5597938299179077,0.9705913200974464,0.9173580408096313,-0.06921058893203735,0.06921058893203735,1
dataset_0056,beta0,0.3972015082836151,0.028901565819978714,0.39749208092689514,0.372842001914978,0.4247017249464988,0.3961285948753357,0.001072913408279419,0.001072913408279419,1
dataset_0056,sigma2_w,0.2624182105064392,0.20659691095352173,0.19515561312437057,0.06053985254839063,0.8156488955020902,0.30541330575942993,-0.04299509525299072,0.04299509525299072,1
dataset_0056,eta_raw,0.6753258109092712,0.16035239398479462,0.6717835366725922,0.3505556836724281,0.9695313781499862,0.744314432144165,-0.0689886212348938,0.0689886212348938,1
dataset_0056,eta,0.43533623218536377,0.10336819291114807,0.43305283784866333,0.22597923837602138,0.6249904930591583,0.4798085391521454,-0.044472306966781616,0.044472306966781616,1
dataset_0056,rho,0.8154503107070923,0.1317564696073532,0.8525047898292542,0.4917119711637497,0.968157809972763,0.9073204398155212,-0.09187012910842896,0.09187012910842896,1
dataset_0057,beta0,-0.39554527401924133,0.021815748885273933,-0.3946918249130249,-0.43753793463110924,-0.35822025761008264,-0.3708134591579437,-0.024731814861297607,0.024731814861297607,1
dataset_0057,sigma2_w,0.29079222679138184,0.04162163287401199,0.28655603528022766,0.22312066964805127,0.3806262597441673,0.283446341753006,0.0073458850383758545,0.0073458850383758545,1
dataset_0057,eta_raw,0.4469875991344452,0.26819175481796265,0.4337877631187439,0.02296341215260327,0.9621990665793418,0.5118240714073181,-0.06483647227287292,0.06483647227287292,1
dataset_0057,eta,0.27844852209091187,0.16706860065460205,0.27022573351860046,0.014304933114908637,0.5993967220187186,0.3188380300998688,-0.04038950800895691,0.04038950800895691,1
dataset_0057,rho,0.14046268165111542,0.07248477637767792,0.13294992595911026,0.022356473980471494,0.3031642101705074,0.10528497397899628,0.03517770767211914,0.03517770767211914,1
dataset_0058,beta0,0.3615155518054962,0.03282483294606209,0.36207345128059387,0.3354238852858543,0.3883837930858135,0.35297277569770813,0.008542776107788086,0.008542776107788086,1
dataset_0058,sigma2_w,0.25882193446159363,0.04530385136604309,0.2514219880104065,0.19931060187518596,0.3640194579958915,0.2452734112739563,0.013548523187637329,0.013548523187637329,1
dataset_0058,eta_raw,0.7606496810913086,0.1691916286945343,0.7830829322338104,0.37120354920625687,0.9903398647904396,0.863332211971283,-0.10268253087997437,0.10268253087997437,1
dataset_0058,eta,0.5637619495391846,0.12539778649806976,0.5803885161876678,0.27512065023183824,0.7339987218379974,0.6398659944534302,-0.0761040449142456,0.0761040449142456,1
dataset_0058,rho,0.3159694969654083,0.09719270467758179,0.307733491063118,0.15152842327952384,0.5341545015573501,0.3658342957496643,-0.04986479878425598,0.04986479878425598,1
dataset_0059,beta0,-0.3179042935371399,0.01667383685708046,-0.31766851246356964,-0.3452117145061493,-0.29127715378999713,-0.2984238564968109,-0.01948043704032898,0.01948043704032898,1
dataset_0059,sigma2_w,0.15107975900173187,0.05470619723200798,0.1390640139579773,0.10586549118161201,0.2725337594747543,0.1537228524684906,-0.002643093466758728,0.002643093466758728,1
dataset_0059,eta_raw,0.6917924880981445,0.18196739256381989,0.7012241780757904,0.2437285427004099,0.981217660009861,0.6636532545089722,0.028139233589172363,0.028139233589172363,1
dataset_0059,eta,0.5028146505355835,0.13225911557674408,0.5096698999404907,0.17714890874922276,0.7131772086024284,0.482362300157547,0.0204523503780365,0.0204523503780365,1
dataset_0059,rho,0.40947285294532776,0.13057143986225128,0.393406942486763,0.20019909217953683,0.7168731182813642,0.4176361560821533,-0.008163303136825562,0.008163303136825562,1
dataset_0060,beta0,-0.13332988321781158,0.022754326462745667,-0.1331493929028511,-0.16911808885633944,-0.09966524578630928,-0.13045552372932434,-0.0028743594884872437,0.0028743594884872437,1
dataset_0060,sigma2_w,0.3413550853729248,0.06362990289926529,0.3322051912546158,0.2496714185923338,0.49117950201034527,0.29067981243133545,0.050675272941589355,0.050675272941589355,1
dataset_0060,eta_raw,0.43864527344703674,0.2496912181377411,0.43501830101013184,0.022139629907906057,0.9379095837473869,0.5970555543899536,-0.15841028094291687,0.15841028094291687,1
dataset_0060,eta,0.33471474051475525,0.19053056836128235,0.33194713294506073,0.016893971711397174,0.7156857460737228,0.4555920362472534,-0.12087729573249817,0.12087729573249817,1
dataset_0060,rho,0.22999806702136993,0.09268970787525177,0.22030849754810333,0.0769815718755126,0.4402195282280445,0.13865450024604797,0.09134356677532196,0.09134356677532196,1
dataset_0061,beta0,0.26354527473449707,0.024999035522341728,0.2639644593000412,0.2358262099325657,0.29155960977077483,0.25433850288391113,0.009206771850585938,0.009206771850585938,1
dataset_0061,sigma2_w,0.4934208393096924,0.2097747027873993,0.44442640244960785,0.22990209944546222,1.0212929904460906,0.311417818069458,0.18200302124023438,0.18200302124023438,1
dataset_0061,eta_raw,0.22866418957710266,0.13488906621932983,0.23018333315849304,0.010630093445070089,0.4777623996138572,0.41975876688957214,-0.19109457731246948,0.19109457731246948,1
dataset_0061,eta,0.18892285227775574,0.11144563555717468,0.19017796963453293,0.008782606199383735,0.3947283282876014,0.3468055725097656,-0.1578827202320099,0.1578827202320099,1
dataset_0061,rho,0.6907687783241272,0.11286833882331848,0.7004020512104034,0.45257266983389854,0.8748158007860184,0.5993116497993469,0.09145712852478027,0.09145712852478027,1
dataset_0062,beta0,-0.12479482591152191,0.025399619713425636,-0.1241840235888958,-0.16146066635847092,-0.08876968603581191,-0.11039267480373383,-0.014402151107788086,0.014402151107788086,1
dataset_0062,sigma2_w,0.17974944412708282,0.02802325040102005,0.17714106291532516,0.13468462489545346,0.23868680894374847,0.15596209466457367,0.023787349462509155,0.023787349462509155,1
dataset_0062,eta_raw,0.4558866322040558,0.28876784443855286,0.4263122081756592,0.02108952752314508,0.9748286664485931,0.8225553631782532,-0.3666687309741974,0.3666687309741974,1
dataset_0062,eta,0.3667740225791931,0.2323221117258072,0.3429805040359497,0.01696713580749929,0.7842779099941253,0.6617695689201355,-0.2949955463409424,0.2949955463409424,1
dataset_0062,rho,0.06613897532224655,0.052976205945014954,0.05509359948337078,0.002803858375409618,0.1929065275937317,0.0429438054561615,0.023195169866085052,0.023195169866085052,1
dataset_0063,beta0,0.6360260248184204,0.03998007997870445,0.635751336812973,0.6091242358088493,0.6697563648223877,0.6273537874221802,0.008672237396240234,0.008672237396240234,1
dataset_0063,sigma2_w,0.1441977471113205,0.1559576541185379,0.08351895213127136,0.03297633910551667,0.5936079174280166,0.04325835034251213,0.10093939676880836,0.10093939676880836,1
dataset_0063,eta_raw,0.32438206672668457,0.1831652969121933,0.3233087807893753,0.01900009545497596,0.7035205647349355,0.3837555944919586,-0.05937352776527405,0.05937352776527405,1
dataset_0063,eta,0.22523413598537445,0.12718050181865692,0.22448889166116714,0.013192683877423405,0.4884882807731627,0.26646003127098083,-0.041225895285606384,0.041225895285606384,1
dataset_0063,rho,0.7139336466789246,0.17872275412082672,0.7328538298606873,0.3533046871423721,0.9658689364790917,0.5463176965713501,0.16761595010757446,0.16761595010757446,1
dataset_0064,beta0,0.30650046467781067,0.023093558847904205,0.3069465458393097,0.2801001600921154,0.3336538545787334,0.29598355293273926,0.010516911745071411,0.010516911745071411,1
dataset_0064,sigma2_w,0.46539756655693054,0.1188371554017067,0.4383784085512161,0.32180862277746203,0.7771607846021652,0.6162019371986389,-0.15080437064170837,0.15080437064170837,1
dataset_0064,eta_raw,0.6360958218574524,0.16042040288448334,0.6322659552097321,0.2744688622653485,0.95595546066761,0.547613263130188,0.0884825587272644,0.0884825587272644,1
dataset_0064,eta,0.44046729803085327,0.11108380556106567,0.4378153085708618,0.1900571517646313,0.6619554847478865,0.3791971802711487,0.06127011775970459,0.06127011775970459,1
dataset_0064,rho,0.4737479090690613,0.10576841980218887,0.4649854302406311,0.2915345199406147,0.7074671834707259,0.5762937664985657,-0.1025458574295044,0.1025458574295044,1
dataset_0065,beta0,-0.23872864246368408,0.03958503156900406,-0.23852715641260147,-0.2869457632303238,-0.19463503547012806,-0.22890788316726685,-0.009820759296417236,0.009820759296417236,1
dataset_0065,sigma2_w,0.4583756923675537,0.23982226848602295,0.39806829392910004,0.16758196614682674,1.0721571505069731,0.3223477602005005,0.13602793216705322,0.13602793216705322,1
dataset_0065,eta_raw,0.4248918890953064,0.22288793325424194,0.429893359541893,0.023135180678218605,0.8883999794721603,0.38930538296699524,0.03558650612831116,0.03558650612831116,1
dataset_0065,eta,0.3403433561325073,0.1785358339548111,0.34434959292411804,0.01853154944255948,0.711618785560131,0.31183815002441406,0.02850520610809326,0.02850520610809326,1
dataset_0065,rho,0.7003378868103027,0.1478259414434433,0.7256301939487457,0.36004738360643385,0.912019269168377,0.608997642993927,0.09134024381637573,0.09134024381637573,1
dataset_0066,beta0,0.04622667282819748,0.033883944153785706,0.047580985352396965,-0.0035664870054461046,0.09190358091145749,0.061885856091976166,-0.015659183263778687,0.015659183263778687,1
dataset_0066,sigma2_w,1.0581910610198975,0.1194494292140007,1.0536114573478699,0.847245167195797,1.3028012037277221,1.037764072418213,0.02042698860168457,0.02042698860168457,1
dataset_0066,eta_raw,0.45027220249176025,0.30168208479881287,0.423421174287796,0.014370556711219252,0.9686156272888183,0.07681450992822647,0.3734576925635338,0.3734576925635338,1
dataset_0066,eta,0.33357495069503784,0.2234950065612793,0.3136829137802124,0.01064613254275173,0.7175790682435036,0.056906454265117645,0.2766684964299202,0.2766684964299202,1
dataset_0066,rho,0.024250265210866928,0.02465852163732052,0.016460701823234558,0.0007780889631249011,0.08964544553309675,0.05429010093212128,-0.03003983572125435,0.03003983572125435,1
dataset_0067,beta0,0.17201067507266998,0.03138025850057602,0.17261020094156265,0.13045413568615913,0.21494621336460112,0.12520906329154968,0.0468016117811203,0.0468016117811203,0
dataset_0067,sigma2_w,0.7332509756088257,0.19521665573120117,0.6977164447307587,0.4552804596722126,1.2153681665658949,0.6124833822250366,0.12076759338378906,0.12076759338378906,1
dataset_0067,eta_raw,0.3037307858467102,0.1902788281440735,0.2996286004781723,0.013394512585364284,0.7196092560887335,0.2607734203338623,0.0429573655128479,0.0429573655128479,1
dataset_0067,eta,0.1948879361152649,0.12209182977676392,0.19225578755140305,0.008594548911787571,0.4617350988090037,0.1673244833946228,0.02756345272064209,0.02756345272064209,1
dataset_0067,rho,0.45718148350715637,0.12066046893596649,0.4529619812965393,0.23419964611530306,0.6930327847599983,0.29087966680526733,0.16630181670188904,0.16630181670188904,1
dataset_0068,beta0,-0.07212908565998077,0.035845354199409485,-0.0714779905974865,-0.12393752168864011,-0.02414401764981449,-0.08385580778121948,0.011726722121238708,0.011726722121238708,1
dataset_0068,sigma2_w,0.9288576245307922,0.1876564919948578,0.8999655842781067,0.6389335468411446,1.3838124394416809,0.9925889372825623,-0.06373131275177002,0.06373131275177002,1
dataset_0068,eta_raw,0.3339085578918457,0.21744808554649353,0.316882386803627,0.013956441124901176,0.8331657841801643,0.285608172416687,0.04830038547515869,0.04830038547515869,1
dataset_0068,eta,0.24604423344135284,0.16022902727127075,0.23349830508232117,0.010283958702348172,0.6139274850487709,0.2104535549879074,0.035590678453445435,0.035590678453445435,1
dataset_0068,rho,0.3279997706413269,0.10723239928483963,0.31958648562431335,0.1379891347140074,0.5596726089715955,0.3600066602230072,-0.0320068895816803,0.0320068895816803,1
dataset_0069,beta0,0.08287539333105087,0.02465658448636532,0.08340059593319893,0.047594264056533574,0.11668959818780421,0.06817201524972916,0.014703378081321716,0.014703378081321716,1
dataset_0069,sigma2_w,0.6109889149665833,0.16348208487033844,0.5763896703720093,0.39821526035666466,1.0424533396959306,1.1300982236862183,-0.519109308719635,0.519109308719635,0
dataset_0069,eta_raw,0.7842153310775757,0.1415780782699585,0.7958662807941437,0.4868041343986988,0.9884697198867798,0.8450223803520203,-0.06080704927444458,0.06080704927444458,1
dataset_0069,eta,0.5622856020927429,0.10151205956935883,0.5706394016742706,0.3490405663847923,0.7087368384003639,0.6058845520019531,-0.043598949909210205,0.043598949909210205,1
dataset_0069,rho,0.4888160228729248,0.12283903360366821,0.48547540605068207,0.25559329241514206,0.7315168753266335,0.7693344354629517,-0.28051841259002686,0.28051841259002686,0
dataset_0070,beta0,-0.4746434688568115,0.03373788297176361,-0.4739665240049362,-0.5218049436807632,-0.4335691243410111,-0.48943206667900085,0.014788597822189331,0.014788597822189331,1
dataset_0070,sigma2_w,0.8556298613548279,0.18601945042610168,0.824526309967041,0.5828997567296028,1.3034978091716765,0.8843156099319458,-0.02868574857711792,0.02868574857711792,1
dataset_0070,eta_raw,0.8205662369728088,0.10420870780944824,0.8183204829692841,0.6219493299722672,0.9890316024422645,0.9889134764671326,-0.16834723949432373,0.16834723949432373,1
dataset_0070,eta,0.5975291728973389,0.0758838802576065,0.595893919467926,0.45289814546704293,0.720204271376133,0.7201182842254639,-0.122589111328125,0.122589111328125,1
dataset_0070,rho,0.5806559324264526,0.09202701598405838,0.5816139280796051,0.39776383712887764,0.7512002676725388,0.5871750116348267,-0.0065190792083740234,0.0065190792083740234,1
dataset_0071,beta0,-1.0080316066741943,0.031604453921318054,-1.0059040784835815,-1.0636503130197525,-0.9522636473178864,-0.9741562008857727,-0.03387540578842163,0.03387540578842163,1
dataset_0071,sigma2_w,0.19129501283168793,0.1794276386499405,0.1208718791604042,0.04947363268584013,0.7052833274006842,0.2137753665447235,-0.022480353713035583,0.022480353713035583,1
dataset_0071,eta_raw,0.490782767534256,0.22444480657577515,0.507821261882782,0.03585296859964729,0.9250661447644232,0.5472912192344666,-0.05650845170021057,0.05650845170021057,1
dataset_0071,eta,0.32809212803840637,0.15004312992095947,0.33948251605033875,0.02396799270063639,0.6184139773249625,0.365868479013443,-0.03777635097503662,0.03777635097503662,1
dataset_0071,rho,0.7123913764953613,0.1854390799999237,0.7439744174480438,0.31097242534160613,0.9615794301033019,0.8573691844940186,-0.14497780799865723,0.14497780799865723,1
dataset_0072,beta0,0.09848321229219437,0.02826520800590515,0.09910139441490173,0.06845753081142902,0.12757421098649502,0.10280246287584305,-0.004319250583648682,0.004319250583648682,1
dataset_0072,sigma2_w,0.456589013338089,0.15743638575077057,0.41511352360248566,0.2730404771864414,0.8800736293196677,0.3097291588783264,0.14685985445976257,0.14685985445976257,1
dataset_0072,eta_raw,0.2981366813182831,0.1641281545162201,0.30897916853427887,0.0145385138457641,0.6076343536376951,0.04432857781648636,0.2538081035017967,0.2538081035017967,1
dataset_0072,eta,0.20756229758262634,0.11426576972007751,0.21511082351207733,0.010121690551750362,0.423034107685089,0.030861487612128258,0.17670080997049809,0.17670080997049809,1
dataset_0072,rho,0.5218487977981567,0.12091653048992157,0.5135188102722168,0.3096082046627998,0.7715220227837563,0.3405575156211853,0.18129128217697144,0.18129128217697144,1
dataset_0073,beta0,0.06575578451156616,0.02205708809196949,0.06628886982798576,0.03280043136328459,0.0979430366307497,0.0660848543047905,-0.0003290697932243347,0.0003290697932243347,1
dataset_0073,sigma2_w,0.5529678463935852,0.11320053786039352,0.530351996421814,0.4021639905869961,0.8424032613635063,0.5010402798652649,0.05192756652832031,0.05192756652832031,1
dataset_0073,eta_raw,0.2033659964799881,0.14025461673736572,0.18418748676776886,0.008369647059589624,0.515318539738655,0.04200349375605583,0.16136250272393227,0.16136250272393227,1
dataset_0073,eta,0.1523110717535019,0.10504376143217087,0.13794730603694916,0.00626845135120675,0.3859480783343315,0.0314585380256176,0.12085253372788429,0.12085253372788429,1
dataset_0073,rho,0.33601251244544983,0.08605727553367615,0.3265645354986191,0.19670970626175405,0.5326540634036063,0.23507602512836456,0.10093648731708527,0.10093648731708527,1
dataset_0074,beta0,1.6377121210098267,0.44387736916542053,1.6871342658996582,0.20749815478920955,2.098840117454529,1.665614366531372,-0.02790224552154541,0.02790224552154541,1
dataset_0074,sigma2_w,0.2601250112056732,0.17633889615535736,0.20370514690876007,0.08788423258811236,0.7620276167988772,0.15500113368034363,0.10512387752532959,0.10512387752532959,1
dataset_0074,eta_raw,0.5980516672134399,0.21801747381687164,0.6107746362686157,0.1098796058446169,0.9665643066167832,0.30770039558410645,0.2903512716293335,0.2903512716293335,1
dataset_0074,eta,0.4323635399341583,0.1576164960861206,0.44156165421009064,0.07943784780800342,0.6987810388207435,0.2224530726671219,0.20991046726703644,0.20991046726703644,1
dataset_0074,rho,0.6216360330581665,0.19501817226409912,0.6407050490379333,0.2128936566412449,0.9235923543572425,0.4133062958717346,0.20832973718643188,0.20832973718643188,1
dataset_0075,beta0,-0.6491735577583313,0.01787157915532589,-0.6492899954319,-0.6795413285493851,-0.6175585702061653,-0.6338673830032349,-0.015306174755096436,0.015306174755096436,1
dataset_0075,sigma2_w,0.13647690415382385,0.15055422484874725,0.07569792866706848,0.035887975804507734,0.6056848645210261,0.13496245443820953,0.0015144497156143188,0.0015144497156143188,1
dataset_0075,eta_raw,0.8090307116508484,0.14841581881046295,0.8386397659778595,0.47409572377800946,0.9912799686193466,0.9649942517280579,-0.15596354007720947,0.15596354007720947,1
dataset_0075,eta,0.5554388165473938,0.10189466178417206,0.575766921043396,0.3254897274076939,0.6805618152022361,0.66251540184021,-0.10707658529281616,0.10707658529281616,1
dataset_0075,rho,0.6971027851104736,0.1962951123714447,0.7162207663059235,0.2926294192671776,0.9700359523296356,0.8068976998329163,-0.10979491472244263,0.10979491472244263,1
dataset_0076,beta0,-0.4572308659553528,0.01564139686524868,-0.45650845766067505,-0.48748010471463205,-0.43115786686539653,-0.4642052948474884,0.00697442889213562,0.00697442889213562,1
dataset_0076,sigma2_w,0.07358681410551071,0.1693447083234787,0.007325309561565518,0.0006126731706899591,0.5855615481734273,0.0005763336084783077,0.0730104804970324,0.0730104804970324,0
dataset_0076,eta_raw,0.5280683636665344,0.3012888729572296,0.5478009283542633,0.023220136528834704,0.9820994287729263,0.45124828815460205,0.07682007551193237,0.07682007551193237,1
dataset_0076,eta,0.4290865361690521,0.2448149025440216,0.4451204240322113,0.01886772504076362,0.7980134174227714,0.36666572093963623,0.062420815229415894,0.062420815229415894,1
dataset_0076,rho,0.72233647108078,0.323272705078125,0.8838735520839691,0.025463432539254427,0.9992782682180404,0.7225685715675354,-0.0002321004867553711,0.0002321004867553711,1
dataset_0077,beta0,-0.03686124086380005,0.030436502769589424,-0.036660611629486084,-0.07606626339256764,-0.000172478317108486,-0.00022572210582438856,-0.03663551875797566,0.03663551875797566,1
dataset_0077,sigma2_w,0.23029711842536926,0.17842771112918854,0.16809169203042984,0.07653349377214909,0.7540484458208082,0.11538148671388626,0.114915631711483,0.114915631711483,1
dataset_0077,eta_raw,0.657944917678833,0.23756515979766846,0.6960784792900085,0.07913514841347934,0.9842425510287285,0.7987747192382812,-0.14082980155944824,0.14082980155944824,1
dataset_0077,eta,0.4283318817615509,0.1546584665775299,0.453157439827919,0.05151815880089999,0.6407565087080002,0.520014226436615,-0.09168234467506409,0.09168234467506409,1
dataset_0077,rho,0.5719054937362671,0.21930503845214844,0.5819129347801208,0.14211842715740206,0.923447784781456,0.3659988045692444,0.2059066891670227,0.2059066891670227,1
dataset_0078,beta0,-1.0718410015106201,0.040995385497808456,-1.0706082582473755,-1.1458437621593476,-1.0092882245779038,-1.0694260597229004,-0.0024149417877197266,0.0024149417877197266,1
dataset_0078,sigma2_w,0.42458784580230713,0.10781653970479965,0.4022441655397415,0.28956043645739554,0.7003546506166456,0.36024510860443115,0.06434273719787598,0.06434273719787598,1
dataset_0078,eta_raw,0.5607220530509949,0.22819295525550842,0.5761629641056061,0.062041333876550205,0.9675238281488419,0.5640770792961121,-0.0033550262451171875,0.0033550262451171875,1
dataset_0078,eta,0.3988630473613739,0.16232237219810486,0.4098467379808426,0.04413237357512117,0.6882366761565208,0.40124961733818054,-0.0023865699768066406,0.0023865699768066406,1
dataset_0078,rho,0.34663882851600647,0.1241057738661766,0.33225134015083313,0.1430262252688408,0.6343081176280974,0.2875800132751465,0.059058815240859985,0.059058815240859985,1
dataset_0079,beta0,-0.4048424959182739,0.026272514835000038,-0.4042345732450485,-0.4495047010481358,-0.36549531295895576,-0.36103111505508423,-0.0438113808631897,0.0438113808631897,0
dataset_0079,sigma2_w,0.1814081072807312,0.14960870146751404,0.12968411296606064,0.06595855187624693,0.6279195830225942,1.1625230312347412,-0.98111492395401,0.98111492395401,0
dataset_0079,eta_raw,0.6039174795150757,0.2522102892398834,0.6365226805210114,0.05635612243786456,0.9783153474330902,0.5531601309776306,0.05075734853744507,0.05075734853744507,1
dataset_0079,eta,0.40503033995628357,0.16915029287338257,0.42689771950244904,0.037796452827751646,0.6561283841729164,0.3709888160228729,0.034041523933410645,0.034041523933410645,1
dataset_0079,rho,0.5211049914360046,0.22404086589813232,0.5147534608840942,0.1190422059968114,0.9182300940155981,0.9620515704154968,-0.4409465789794922,0.4409465789794922,0
dataset_0080,beta0,0.3607531189918518,0.022417863830924034,0.361068531870842,0.33677210211753844,0.3872603818774223,0.3694479167461395,-0.00869479775428772,0.00869479775428772,1
dataset_0080,sigma2_w,0.13785645365715027,0.21038293838500977,0.05039173550903797,0.00286110918968916,0.7512494400143622,0.24926503002643585,-0.11140857636928558,0.11140857636928558,1
dataset_0080,eta_raw,0.6160972714424133,0.2570490837097168,0.6585600078105927,0.05788169810548425,0.9840671151876449,0.43849050998687744,0.1776067614555359,0.1776067614555359,1
dataset_0080,eta,0.4717823266983032,0.19683779776096344,0.504298597574234,0.04432346131652594,0.7535587713122368,0.33577829599380493,0.1360040307044983,0.1360040307044983,1
dataset_0080,rho,0.870858371257782,0.18588943779468536,0.9605125188827515,0.3141106255352497,0.9980265334248543,0.9911489486694336,-0.12029057741165161,0.12029057741165161,1
dataset_0081,beta0,0.10069558769464493,0.015152717009186745,0.10101678222417831,0.07268897369503975,0.12661898881196976,0.09617970138788223,0.004515886306762695,0.004515886306762695,1
dataset_0081,sigma2_w,0.39438217878341675,0.20456096529960632,0.33897295594215393,0.15744382813572882,0.9392416775226591,0.4394119381904602,-0.04502975940704346,0.04502975940704346,1
dataset_0081,eta_raw,0.8326087594032288,0.10209406912326813,0.8364451825618744,0.6307126954197884,0.9908891260623932,0.7458208799362183,0.0867878794670105,0.0867878794670105,1
dataset_0081,eta,0.6734135746955872,0.08257362246513367,0.6765163838863373,0.5101200565695763,0.8014305666089058,0.6032195091247559,0.0701940655708313,0.0701940655708313,1
dataset_0081,rho,0.7706438302993774,0.11328180134296417,0.790154755115509,0.5130802854895592,0.9305012822151184,0.8508976697921753,-0.08025383949279785,0.08025383949279785,1
dataset_0082,beta0,0.2485099881887436,0.026414772495627403,0.2485312595963478,0.21612374745309354,0.2833532772958278,0.26695525646209717,-0.018445268273353577,0.018445268273353577,1
dataset_0082,sigma2_w,0.9744299650192261,0.18673522770404816,0.943367213010788,0.6936540573835372,1.4170085310935974,0.8343262076377869,0.1401037573814392,0.1401037573814392,1
dataset_0082,eta_raw,0.3388616740703583,0.15033820271492004,0.361335352063179,0.02632956509478391,0.5926001980900765,0.5206848978996277,-0.1818232238292694,0.1818232238292694,1
dataset_0082,eta,0.2586260437965393,0.11474113911390305,0.2757784128189087,0.020095255039632325,0.452284412831068,0.3973971903324127,-0.1387711465358734,0.1387711465358734,1
dataset_0082,rho,0.49123436212539673,0.08278456330299377,0.4899117052555084,0.3346243217587471,0.655882728099823,0.5115891695022583,-0.020354807376861572,0.020354807376861572,1
dataset_0083,beta0,-0.4507497549057007,0.022360630333423615,-0.44963404536247253,-0.49240431040525434,-0.4152546666562557,-0.43947505950927734,-0.01127469539642334,0.01127469539642334,1
dataset_0083,sigma2_w,0.24108006060123444,0.21388699114322662,0.16304047405719757,0.04656965769827366,0.8270810484886169,0.07139524817466736,0.16968481242656708,0.16968481242656708,1
dataset_0083,eta_raw,0.8530383110046387,0.11887624114751816,0.8756161630153656,0.5769292682409286,0.9938066378235817,0.8781211376190186,-0.025082826614379883,0.025082826614379883,1
dataset_0083,eta,0.5532776713371277,0.07710271328687668,0.5679216086864471,0.37419430911540985,0.6445795476436615,0.5695463418960571,-0.016268670558929443,0.016268670558929443,1
dataset_0083,rho,0.8009824156761169,0.16429242491722107,0.852245569229126,0.3834741719067097,0.9754815846681595,0.7873994708061218,0.013582944869995117,0.013582944869995117,1
dataset_0084,beta0,-0.4656582474708557,0.030102279037237167,-0.46454648673534393,-0.5154597297310829,-0.4202769599854947,-0.47087740898132324,0.005219161510467529,0.005219161510467529,1
dataset_0084,sigma2_w,0.41761747002601624,0.05231986939907074,0.41403260827064514,0.32509927079081535,0.5277905523777008,0.38564103841781616,0.03197643160820007,0.03197643160820007,1
dataset_0084,eta_raw,0.5541725754737854,0.2972068190574646,0.5882512629032135,0.027338989172130825,0.9862676292657853,0.9724635481834412,-0.41829097270965576,0.41829097270965576,1
dataset_0084,eta,0.42653754353523254,0.22875520586967468,0.45276734232902527,0.02104237205348909,0.7591140434145928,0.7484892010688782,-0.32195165753364563,0.32195165753364563,1
dataset_0084,rho,0.03327328339219093,0.032892826944589615,0.023085394874215126,0.001059394856565632,0.11967462711036196,0.06344344466924667,-0.03017016127705574,0.03017016127705574,1
dataset_0085,beta0,-0.05717497691512108,0.04526146128773689,-0.05608631484210491,-0.11971200872212648,-0.0006362383312080434,-0.0942181646823883,0.03704318776726723,0.03704318776726723,1
dataset_0085,sigma2_w,0.38616201281547546,0.09648168832063675,0.3722364604473114,0.24708769470453262,0.6101449608802794,0.41515055298805237,-0.028988540172576904,0.028988540172576904,1
dataset_0085,eta_raw,0.47208496928215027,0.3041060268878937,0.4459766149520874,0.019243085058405995,0.9785531684756279,0.44320249557495117,0.028882473707199097,0.028882473707199097,1
dataset_0085,eta,0.3091411292552948,0.19914142787456512,0.2920442819595337,0.012601182935759426,0.6407978624105454,0.2902276813983917,0.018913447856903076,0.018913447856903076,1
dataset_0085,rho,0.07953475415706635,0.08161820471286774,0.05515526421368122,0.001910787250380963,0.29114234969019887,0.05006593093276024,0.029468823224306107,0.029468823224306107,1
dataset_0086,beta0,0.8881201148033142,0.07695211470127106,0.8891802132129669,0.8574145048856735,0.9331307888031006,0.8542717099189758,0.03384840488433838,0.03384840488433838,0
dataset_0086,sigma2_w,0.06993956118822098,0.10866019874811172,0.03401137329638004,0.01863591931760311,0.4089464582502841,0.04642406105995178,0.023515500128269196,0.023515500128269196,1
dataset_0086,eta_raw,0.4233863651752472,0.22772641479969025,0.4274703711271286,0.025797941954806447,0.8964292988181113,0.6189762949943542,-0.19558992981910706,0.19558992981910706,1
dataset_0086,eta,0.315487802028656,0.16969113051891327,0.31853102147579193,0.019223424000665547,0.6679773584008216,0.4612323045730591,-0.14574450254440308,0.14574450254440308,1
dataset_0086,rho,0.5654501914978027,0.21827465295791626,0.5322009325027466,0.21794283986091614,0.9664771184325218,0.6914166212081909,-0.12596642971038818,0.12596642971038818,1
dataset_0087,beta0,-0.290531724691391,0.027357948943972588,-0.29004931449890137,-0.33909526467323303,-0.2466741118580103,-0.26622340083122253,-0.024308323860168457,0.024308323860168457,1
dataset_0087,sigma2_w,0.43888622522354126,0.11748605221509933,0.4153810441493988,0.2884734995663166,0.7301342591643333,0.5530335307121277,-0.11414730548858643,0.11414730548858643,1
dataset_0087,eta_raw,0.7245405316352844,0.2149345576763153,0.771327018737793,0.1408533189445734,0.990462851524353,0.9901872277259827,-0.26564669609069824,0.26564669609069824,1
dataset_0087,eta,0.4948490858078003,0.14679670333862305,0.5268034636974335,0.0962004628032446,0.6764695420861244,0.6762813329696655,-0.18143224716186523,0.18143224716186523,1
dataset_0087,rho,0.2958054840564728,0.13860706984996796,0.2821529060602188,0.06776578538119793,0.6116842433810233,0.6770538091659546,-0.3812483251094818,0.3812483251094818,0
dataset_0088,beta0,-0.036239396780729294,0.021418625488877296,-0.035609811544418335,-0.06678417772054672,-0.00713826010469349,-0.019259458407759666,-0.016979938372969627,0.016979938372969627,1
dataset_0088,sigma2_w,0.25525715947151184,0.05490630492568016,0.24504665285348892,0.18751375377178192,0.3849859870970248,0.2556515336036682,-0.00039437413215637207,0.00039437413215637207,1
dataset_0088,eta_raw,0.31050875782966614,0.1987801045179367,0.2955354005098343,0.013740467745810747,0.7661810308694836,0.4947195053100586,-0.18421074748039246,0.18421074748039246,1
dataset_0088,eta,0.197736456990242,0.12658603489398956,0.1882012039422989,0.008750127488747239,0.48791511580347996,0.3150445222854614,-0.11730806529521942,0.11730806529521942,1
dataset_0088,rho,0.29048606753349304,0.09375027567148209,0.27948319911956787,0.1424541048705578,0.5114517346024511,0.1987587958574295,0.09172727167606354,0.09172727167606354,1
dataset_0089,beta0,0.5501728057861328,0.03274649754166603,0.5495558381080627,0.5226848885416985,0.5844148680567741,0.5619157552719116,-0.011742949485778809,0.011742949485778809,1
dataset_0089,sigma2_w,0.40217238664627075,0.1888349950313568,0.3476243317127228,0.19275266788899897,0.9046577140688895,0.8696271777153015,-0.46745479106903076,0.46745479106903076,1
dataset_0089,eta_raw,0.2345857173204422,0.13338887691497803,0.24017007648944855,0.012412891234271228,0.47592476680874823,0.34939226508140564,-0.11480654776096344,0.11480654776096344,1
dataset_0089,eta,0.15163737535476685,0.08622324466705322,0.15524715185165405,0.008023755461908876,0.3076401576399803,0.22584891319274902,-0.07421153783798218,0.07421153783798218,1
dataset_0089,rho,0.6700268387794495,0.11711141467094421,0.6739506423473358,0.4383699014782906,0.8748930722475052,0.8978628516197205,-0.227836012840271,0.227836012840271,0
dataset_0090,beta0,-0.15857376158237457,0.043644290417432785,-0.15852168202400208,-0.22437777742743492,-0.0992389913648368,-0.1473659873008728,-0.01120777428150177,0.01120777428150177,1
dataset_0090,sigma2_w,0.4455617070198059,0.1619039624929428,0.4101938158273697,0.24688471481204033,0.8676081106066702,0.35908377170562744,0.08647793531417847,0.08647793531417847,1
dataset_0090,eta_raw,0.5635505318641663,0.28815218806266785,0.5976616740226746,0.032288703694939615,0.9829380065202712,0.2121157944202423,0.35143473744392395,0.35143473744392395,1
dataset_0090,eta,0.38881197571754456,0.19880566000938416,0.41234639286994934,0.022277036542072894,0.6781611874699592,0.14634566009044647,0.24246631562709808,0.24246631562709808,1
dataset_0090,rho,0.27313292026519775,0.17122824490070343,0.24426793307065964,0.025523398490622642,0.6665358692407608,0.215287983417511,0.05784493684768677,0.05784493684768677,1
dataset_0091,beta0,-0.17060761153697968,0.013350997120141983,-0.1705513671040535,-0.19528538025915623,-0.14522576220333577,-0.16851262748241425,-0.0020949840545654297,0.0020949840545654297,1
dataset_0091,sigma2_w,0.0932018905878067,0.038750119507312775,0.08492371067404747,0.06385900266468525,0.17508869506418703,0.07405152171850204,0.019150368869304657,0.019150368869304657,1
dataset_0091,eta_raw,0.5405395030975342,0.22566036880016327,0.5542631149291992,0.05202615018934013,0.9469898670911788,0.13771913945674896,0.4028203636407852,0.4028203636407852,1
dataset_0091,eta,0.42240414023399353,0.17634209990501404,0.4331284612417221,0.04065579418092967,0.7400244638323783,0.10762050747871399,0.31478363275527954,0.31478363275527954,1
dataset_0091,rho,0.3641698658466339,0.13640424609184265,0.34174706041812897,0.15572352483868598,0.7023848861455917,0.21254320442676544,0.15162666141986847,0.15162666141986847,1
dataset_0092,beta0,-0.12699128687381744,0.0182998925447464,-0.1267055720090866,-0.16047518365085126,-0.09529275763779879,-0.1254822462797165,-0.0015090405941009521,0.0015090405941009521,1
dataset_0092,sigma2_w,0.29648491740226746,0.0343819186091423,0.2941720485687256,0.23609537594020366,0.3700650058686733,0.2781987488269806,0.018286168575286865,0.018286168575286865,1
dataset_0092,eta_raw,0.6013854742050171,0.2797868251800537,0.6534261703491211,0.035456155799329286,0.9870342746376991,0.8262186050415039,-0.22483313083648682,0.22483313083648682,1
dataset_0092,eta,0.4360432028770447,0.20286348462104797,0.47377610206604004,0.025707999244332317,0.7156634941697121,0.5990617871284485,-0.1630185842514038,0.1630185842514038,1
dataset_0092,rho,0.07601650059223175,0.05127757042646408,0.06743607297539711,0.005118325247894974,0.19772704616189002,0.050426047295331955,0.025590453296899796,0.025590453296899796,1
dataset_0093,beta0,0.2164628654718399,0.040069784969091415,0.21726229786872864,0.17058487944304943,0.26617958471179004,0.20734860002994537,0.009114265441894531,0.009114265441894531,1
dataset_0093,sigma2_w,0.375089168548584,0.20029470324516296,0.31627361476421356,0.15599686540663243,0.9068318352103231,0.3958819508552551,-0.020792782306671143,0.020792782306671143,1
dataset_0093,eta_raw,0.3660270571708679,0.24830801784992218,0.3364487886428833,0.013962073042057455,0.9206719949841499,0.9733418822288513,-0.6073148250579834,0.6073148250579834,0
dataset_0093,eta,0.24764394760131836,0.16799843311309814,0.227632075548172,0.009446358308196068,0.6229015499353409,0.6585366129875183,-0.41089266538619995,0.41089266538619995,0
dataset_0093,rho,0.5057856440544128,0.19080916047096252,0.5071506500244141,0.14933707527816295,0.8468278497457504,0.7509523630142212,-0.24516671895980835,0.24516671895980835,1
dataset_0094,beta0,-0.8162873983383179,0.03700518235564232,-0.8166420161724091,-0.8721790790557862,-0.7625835701823235,-0.7824356555938721,-0.0338517427444458,0.0338517427444458,1
dataset_0094,sigma2_w,0.4482306241989136,0.18316181004047394,0.39778390526771545,0.2405486550182104,0.9438660010695454,0.37717288732528687,0.07105773687362671,0.07105773687362671,1
dataset_0094,eta_raw,0.864460825920105,0.09828165918588638,0.8788291215896606,0.6499180391430854,0.9931325823068619,0.8792608976364136,-0.014800071716308594,0.014800071716308594,1
dataset_0094,eta,0.5953881740570068,0.06769044697284698,0.605284184217453,0.4476241357624531,0.6840094730257988,0.6055815815925598,-0.010193407535552979,0.010193407535552979,1
dataset_0094,rho,0.6450796723365784,0.1321740597486496,0.6530304551124573,0.37117179334163664,0.8707850709557533,0.6869563460350037,-0.04187667369842529,0.04187667369842529,1
dataset_0095,beta0,0.9836778044700623,0.037584755569696426,0.9828960001468658,0.9443649217486382,1.0290806770324707,0.9590193033218384,0.024658501148223877,0.024658501148223877,1
dataset_0095,sigma2_w,0.4162098169326782,0.21600224077701569,0.36238090693950653,0.15222014039754866,0.9559812173247336,0.25343644618988037,0.16277337074279785,0.16277337074279785,1
dataset_0095,eta_raw,0.834186315536499,0.09486300498247147,0.8375155925750732,0.6495784416794776,0.9885143816471099,0.8909486532211304,-0.05676233768463135,0.05676233768463135,1
dataset_0095,eta,0.5300996899604797,0.06028250977396965,0.5322152674198151,0.4127870172262192,0.6281703114509583,0.5661702752113342,-0.03607058525085449,0.03607058525085449,1
dataset_0095,rho,0.8161426782608032,0.09771179407835007,0.8369853496551514,0.5769941344857216,0.9446981817483902,0.7995381355285645,0.01660454273223877,0.01660454273223877,1
dataset_0096,beta0,-0.26692309975624084,0.01740138977766037,-0.2667296677827835,-0.29358429461717606,-0.24068707823753357,-0.2402859479188919,-0.026637151837348938,0.026637151837348938,0
dataset_0096,sigma2_w,0.17497898638248444,0.15291611850261688,0.11787004768848419,0.05846182089298964,0.6294474929571148,0.06373412162065506,0.11124486476182938,0.11124486476182938,1
dataset_0096,eta_raw,0.1991787999868393,0.1357196718454361,0.18226157873868942,0.007369295984972268,0.49342098012566554,0.3934456408023834,-0.19426684081554413,0.19426684081554413,1
dataset_0096,eta,0.13687118887901306,0.09326350688934326,0.1252460479736328,0.005064014135859907,0.33906778618693345,0.27036699652671814,-0.13349580764770508,0.13349580764770508,1
dataset_0096,rho,0.65838223695755,0.16925935447216034,0.658845067024231,0.3432651847600937,0.9383582085371017,0.40184155106544495,0.2565406858921051,0.2565406858921051,1
dataset_0097,beta0,0.46002817153930664,0.023404650390148163,0.46015429496765137,0.4321988634765148,0.49231734350323675,0.4534188210964203,0.0066093504428863525,0.0066093504428863525,1
dataset_0097,sigma2_w,0.3178073763847351,0.16102488338947296,0.2682955265045166,0.15521167665719987,0.7675002604722975,0.22645407915115356,0.09135329723358154,0.09135329723358154,1
dataset_0097,eta_raw,0.42408061027526855,0.18055568635463715,0.43744635581970215,0.041558793652802704,0.7913930445909498,0.5078614950180054,-0.08378088474273682,0.08378088474273682,1
dataset_0097,eta,0.344029039144516,0.14647307991981506,0.3548717647790909,0.033713947609066965,0.6420056983828544,0.411994993686676,-0.06796595454216003,0.06796595454216003,1
dataset_0097,rho,0.5999152064323425,0.14341603219509125,0.5965121388435364,0.33379347026348116,0.862319016456604,0.6199221611022949,-0.020006954669952393,0.020006954669952393,1
dataset_0098,beta0,-0.46477124094963074,0.028252752497792244,-0.46347029507160187,-0.5108260005712509,-0.4248791940510273,-0.4281117916107178,-0.036659449338912964,0.036659449338912964,1
dataset_0098,sigma2_w,0.9168620109558105,0.19076812267303467,0.8840192556381226,0.6354414835572243,1.384436976909637,0.7266041040420532,0.19025790691375732,0.19025790691375732,1
dataset_0098,eta_raw,0.4322830140590668,0.152650386095047,0.45473477244377136,0.051854758430272346,0.6873755365610122,0.44078487157821655,-0.00850185751914978,0.00850185751914978,1
dataset_0098,eta,0.3296019434928894,0.11639101803302765,0.3467206507921219,0.039537586364895114,0.5241017580032349,0.3360843062400818,-0.006482362747192383,0.006482362747192383,1
dataset_0098,rho,0.5154551267623901,0.08739518374204636,0.5150265097618103,0.34923516437411306,0.6887977242469787,0.36147555708885193,0.1539795696735382,0.1539795696735382,1
dataset_0099,beta0,0.5057654976844788,0.043460238724946976,0.5064229369163513,0.48451554626226423,0.5341035440564156,0.49601495265960693,0.009750545024871826,0.009750545024871826,1
dataset_0099,sigma2_w,0.11284948885440826,0.17273199558258057,0.03907717950642109,0.008994843624532223,0.6040628269314764,0.01557223405689001,0.09727725479751825,0.09727725479751825,1
dataset_0099,eta_raw,0.35982567071914673,0.227466881275177,0.34714365005493164,0.01567709045484662,0.8687441110610962,0.1908044070005417,0.16902126371860504,0.16902126371860504,1
dataset_0099,eta,0.27562379837036133,0.1742379516363144,0.26590949296951294,0.012008535885252058,0.6654515728354453,0.14615477621555328,0.12946902215480804,0.12946902215480804,1
dataset_0099,rho,0.7662907838821411,0.2137342393398285,0.8337444365024567,0.2819187678396702,0.9907047972083092,0.5196064710617065,0.24668431282043457,0.24668431282043457,1
