experiment,label,batch_index,N,elapsed_sec,datasets_in_batch,num_samples_requested,seconds_per_dataset,seconds_per_1000_draws_per_dataset
00_baseline,Baseline,0,40,1.6676824999740347,50,1000,0.03335364999948069,0.03335364999948069
00_baseline,Baseline,1,41,1.6006876999745145,50,1000,0.03201375399949029,0.03201375399949029
00_baseline,Baseline,2,42,1.6529457999859005,50,1000,0.03305891599971801,0.03305891599971801
00_baseline,Baseline,3,43,1.6408191000809893,50,1000,0.032816382001619786,0.032816382001619786
00_baseline,Baseline,4,44,1.6249987999908626,50,1000,0.03249997599981725,0.03249997599981725
00_baseline,Baseline,5,45,1.6183908000821248,50,1000,0.03236781600164249,0.03236781600164249
00_baseline,Baseline,6,46,1.6105661999899894,50,1000,0.032211323999799785,0.032211323999799785
00_baseline,Baseline,7,47,1.626529400004074,50,1000,0.03253058800008148,0.03253058800008148
00_baseline,Baseline,8,48,1.7223840999649838,50,1000,0.03444768199929968,0.03444768199929968
00_baseline,Baseline,9,49,1.6175625000614673,50,1000,0.03235125000122935,0.03235125000122935
00_baseline,Baseline,10,50,1.6205063998932019,50,1000,0.03241012799786404,0.03241012799786404
00_baseline,Baseline,11,51,1.6606763999443501,50,1000,0.033213527998887,0.033213527998887
00_baseline,Baseline,12,52,1.674353399896063,50,1000,0.033487067997921255,0.033487067997921255
00_baseline,Baseline,13,53,1.6817063000053167,50,1000,0.03363412600010633,0.03363412600010633
00_baseline,Baseline,14,54,1.6321299000410363,50,1000,0.03264259800082073,0.03264259800082073
00_baseline,Baseline,15,55,1.653366700047627,50,1000,0.03306733400095254,0.03306733400095254
00_baseline,Baseline,16,56,1.6649927999824286,50,1000,0.03329985599964857,0.03329985599964857
00_baseline,Baseline,17,57,1.6763475999468938,50,1000,0.033526951998937876,0.033526951998937876
00_baseline,Baseline,18,58,1.6800049000885338,50,1000,0.033600098001770676,0.033600098001770676
00_baseline,Baseline,19,59,1.6849863000679761,50,1000,0.03369972600135952,0.03369972600135952
00_baseline,Baseline,20,60,1.67714160005562,50,1000,0.0335428320011124,0.0335428320011124
00_baseline,Baseline,21,61,1.6832627999829128,50,1000,0.03366525599965826,0.03366525599965826
00_baseline,Baseline,22,62,1.6735657999524847,50,1000,0.03347131599904969,0.03347131599904969
00_baseline,Baseline,23,63,1.7145184999099001,50,1000,0.034290369998198005,0.034290369998198005
00_baseline,Baseline,24,64,1.6306615000357851,50,1000,0.032613230000715705,0.032613230000715705
00_baseline,Baseline,25,65,1.635636999970302,50,1000,0.03271273999940604,0.03271273999940604
00_baseline,Baseline,26,66,1.6473027999745682,50,1000,0.03294605599949137,0.03294605599949137
00_baseline,Baseline,27,67,1.648549700039439,50,1000,0.032970994000788775,0.032970994000788775
00_baseline,Baseline,28,68,1.6533656000392511,50,1000,0.033067312000785026,0.033067312000785026
00_baseline,Baseline,29,69,1.6166107000317425,50,1000,0.03233221400063485,0.03233221400063485
00_baseline,Baseline,30,70,1.6837620000587776,50,1000,0.033675240001175555,0.033675240001175555
00_baseline,Baseline,31,71,1.651110399980098,50,1000,0.03302220799960196,0.03302220799960196
00_baseline,Baseline,32,72,1.586631599930115,50,1000,0.0317326319986023,0.0317326319986023
00_baseline,Baseline,33,73,1.6177210999885574,50,1000,0.03235442199977115,0.03235442199977115
00_baseline,Baseline,34,74,1.6583367000566795,50,1000,0.03316673400113359,0.03316673400113359
00_baseline,Baseline,35,75,1.6759955999441445,50,1000,0.03351991199888289,0.03351991199888289
00_baseline,Baseline,36,76,1.6798126000212505,50,1000,0.033596252000425014,0.033596252000425014
00_baseline,Baseline,37,77,1.6551757999695837,50,1000,0.033103515999391674,0.033103515999391674
00_baseline,Baseline,38,78,1.6300095000769943,50,1000,0.03260019000153989,0.03260019000153989
00_baseline,Baseline,39,79,1.6285224999301136,50,1000,0.03257044999860227,0.03257044999860227
00_baseline,Baseline,40,80,1.6153868000255898,50,1000,0.032307736000511796,0.032307736000511796
00_baseline,Baseline,41,81,1.6338328000856563,50,1000,0.03267665600171313,0.03267665600171313
00_baseline,Baseline,42,82,1.619854599935934,50,1000,0.03239709199871868,0.03239709199871868
00_baseline,Baseline,43,83,1.635439099976793,50,1000,0.032708781999535856,0.032708781999535856
00_baseline,Baseline,44,84,1.6503872000612319,50,1000,0.03300774400122464,0.03300774400122464
00_baseline,Baseline,45,85,1.7432114001130685,50,1000,0.03486422800226137,0.03486422800226137
00_baseline,Baseline,46,86,1.6935279000317678,50,1000,0.033870558000635355,0.033870558000635355
00_baseline,Baseline,47,87,1.6944011999294162,50,1000,0.033888023998588326,0.033888023998588326
00_baseline,Baseline,48,88,1.707022299990058,50,1000,0.03414044599980116,0.03414044599980116
00_baseline,Baseline,49,89,1.8381413999013603,50,1000,0.03676282799802721,0.03676282799802721
00_baseline,Baseline,50,90,1.7018486000597477,50,1000,0.03403697200119495,0.03403697200119495
00_baseline,Baseline,51,91,1.623360399971716,50,1000,0.032467207999434325,0.032467207999434325
00_baseline,Baseline,52,92,1.6879208999453112,50,1000,0.03375841799890623,0.03375841799890623
00_baseline,Baseline,53,93,1.761569199967198,50,1000,0.03523138399934396,0.03523138399934396
00_baseline,Baseline,54,94,1.6859295999165624,50,1000,0.03371859199833125,0.03371859199833125
00_baseline,Baseline,55,95,1.641159199993126,50,1000,0.032823183999862525,0.032823183999862525
00_baseline,Baseline,56,96,1.6373700000112876,50,1000,0.03274740000022575,0.03274740000022575
00_baseline,Baseline,57,97,1.6438762999605387,50,1000,0.032877525999210774,0.032877525999210774
00_baseline,Baseline,58,98,1.6195408999919891,50,1000,0.03239081799983978,0.03239081799983978
00_baseline,Baseline,59,99,1.6304458000231534,50,1000,0.03260891600046307,0.03260891600046307
00_baseline,Baseline,60,100,1.7095550999511033,50,1000,0.03419110199902207,0.03419110199902207
00_baseline,Baseline,61,101,1.6840438999934122,50,1000,0.03368087799986824,0.03368087799986824
00_baseline,Baseline,62,102,1.7008578999666497,50,1000,0.034017157999333,0.034017157999333
00_baseline,Baseline,63,103,1.702995300060138,50,1000,0.03405990600120276,0.03405990600120276
00_baseline,Baseline,64,104,1.6815311999525875,50,1000,0.03363062399905175,0.03363062399905175
00_baseline,Baseline,65,105,1.7201887000119314,50,1000,0.03440377400023863,0.03440377400023863
00_baseline,Baseline,66,106,1.7174139999551699,50,1000,0.0343482799991034,0.0343482799991034
00_baseline,Baseline,67,107,1.7047636000206694,50,1000,0.03409527200041339,0.03409527200041339
00_baseline,Baseline,68,108,1.7090720999985933,50,1000,0.03418144199997187,0.03418144199997187
00_baseline,Baseline,69,109,1.700922999996692,50,1000,0.03401845999993384,0.03401845999993384
00_baseline,Baseline,70,110,1.7342968999873847,50,1000,0.034685937999747694,0.034685937999747694
00_baseline,Baseline,71,111,1.7531805000035092,50,1000,0.03506361000007018,0.03506361000007018
00_baseline,Baseline,72,112,1.6979958000592887,50,1000,0.03395991600118577,0.03395991600118577
00_baseline,Baseline,73,113,1.702756200102158,50,1000,0.034055124002043156,0.034055124002043156
00_baseline,Baseline,74,114,1.6945654000155628,50,1000,0.03389130800031125,0.03389130800031125
00_baseline,Baseline,75,115,1.7616649999981746,50,1000,0.03523329999996349,0.03523329999996349
00_baseline,Baseline,76,116,1.70029579999391,50,1000,0.0340059159998782,0.0340059159998782
00_baseline,Baseline,77,117,1.6766754999989644,50,1000,0.03353350999997929,0.03353350999997929
00_baseline,Baseline,78,118,1.7239896999672055,50,1000,0.03447979399934411,0.03447979399934411
00_baseline,Baseline,79,119,1.7236648999387398,50,1000,0.0344732979987748,0.0344732979987748
00_baseline,Baseline,80,120,1.7658131000353023,50,1000,0.03531626200070605,0.03531626200070605
01_ablate_core_observation_features,No core observation features,0,40,1.6622914000181481,50,1000,0.033245828000362965,0.033245828000362965
01_ablate_core_observation_features,No core observation features,1,41,1.635689500020817,50,1000,0.03271379000041634,0.03271379000041634
01_ablate_core_observation_features,No core observation features,2,42,1.6327799999853596,50,1000,0.03265559999970719,0.03265559999970719
01_ablate_core_observation_features,No core observation features,3,43,1.6289707999676466,50,1000,0.032579415999352934,0.032579415999352934
01_ablate_core_observation_features,No core observation features,4,44,1.6394149999832734,50,1000,0.03278829999966547,0.03278829999966547
01_ablate_core_observation_features,No core observation features,5,45,1.6328556999797001,50,1000,0.032657113999594006,0.032657113999594006
01_ablate_core_observation_features,No core observation features,6,46,1.65533790003974,50,1000,0.033106758000794795,0.033106758000794795
01_ablate_core_observation_features,No core observation features,7,47,1.6558462999528274,50,1000,0.03311692599905655,0.03311692599905655
01_ablate_core_observation_features,No core observation features,8,48,1.6447064999956638,50,1000,0.03289412999991328,0.03289412999991328
01_ablate_core_observation_features,No core observation features,9,49,1.667936300043948,50,1000,0.03335872600087896,0.03335872600087896
01_ablate_core_observation_features,No core observation features,10,50,1.6341347999405116,50,1000,0.032682695998810234,0.032682695998810234
01_ablate_core_observation_features,No core observation features,11,51,1.7927553999470547,50,1000,0.035855107998941094,0.035855107998941094
01_ablate_core_observation_features,No core observation features,12,52,1.7415157000068575,50,1000,0.03483031400013715,0.03483031400013715
01_ablate_core_observation_features,No core observation features,13,53,1.6830687000183389,50,1000,0.03366137400036678,0.03366137400036678
01_ablate_core_observation_features,No core observation features,14,54,1.6418710999423638,50,1000,0.032837421998847274,0.032837421998847274
01_ablate_core_observation_features,No core observation features,15,55,1.645958499982953,50,1000,0.03291916999965906,0.03291916999965906
01_ablate_core_observation_features,No core observation features,16,56,1.6387011000188068,50,1000,0.032774022000376136,0.032774022000376136
01_ablate_core_observation_features,No core observation features,17,57,1.6371136999223381,50,1000,0.032742273998446765,0.032742273998446765
01_ablate_core_observation_features,No core observation features,18,58,1.6529048000229523,50,1000,0.033058096000459045,0.033058096000459045
01_ablate_core_observation_features,No core observation features,19,59,1.6483430999796838,50,1000,0.03296686199959367,0.03296686199959367
01_ablate_core_observation_features,No core observation features,20,60,1.6714151001069695,50,1000,0.03342830200213939,0.03342830200213939
01_ablate_core_observation_features,No core observation features,21,61,1.6455539999296889,50,1000,0.03291107999859378,0.03291107999859378
01_ablate_core_observation_features,No core observation features,22,62,1.6588473999872804,50,1000,0.033176947999745604,0.033176947999745604
01_ablate_core_observation_features,No core observation features,23,63,1.686228199978359,50,1000,0.03372456399956718,0.03372456399956718
01_ablate_core_observation_features,No core observation features,24,64,1.7006001999834552,50,1000,0.0340120039996691,0.0340120039996691
01_ablate_core_observation_features,No core observation features,25,65,1.7142930999398232,50,1000,0.03428586199879646,0.03428586199879646
01_ablate_core_observation_features,No core observation features,26,66,1.7088261999888346,50,1000,0.03417652399977669,0.03417652399977669
01_ablate_core_observation_features,No core observation features,27,67,1.7101837999653071,50,1000,0.03420367599930614,0.03420367599930614
01_ablate_core_observation_features,No core observation features,28,68,1.712470000027679,50,1000,0.03424940000055358,0.03424940000055358
01_ablate_core_observation_features,No core observation features,29,69,1.7246553000295535,50,1000,0.03449310600059107,0.03449310600059107
01_ablate_core_observation_features,No core observation features,30,70,1.7069225999293849,50,1000,0.0341384519985877,0.0341384519985877
01_ablate_core_observation_features,No core observation features,31,71,1.7172715000342578,50,1000,0.034345430000685157,0.034345430000685157
01_ablate_core_observation_features,No core observation features,32,72,1.7207202999852598,50,1000,0.034414405999705196,0.034414405999705196
01_ablate_core_observation_features,No core observation features,33,73,1.7024579999269918,50,1000,0.03404915999853984,0.03404915999853984
01_ablate_core_observation_features,No core observation features,34,74,1.7027785000391304,50,1000,0.03405557000078261,0.03405557000078261
01_ablate_core_observation_features,No core observation features,35,75,1.7280479000182822,50,1000,0.03456095800036565,0.03456095800036565
01_ablate_core_observation_features,No core observation features,36,76,1.7203355999663472,50,1000,0.03440671199932695,0.03440671199932695
01_ablate_core_observation_features,No core observation features,37,77,1.7239841999253258,50,1000,0.03447968399850652,0.03447968399850652
01_ablate_core_observation_features,No core observation features,38,78,1.7289553999435157,50,1000,0.03457910799887031,0.03457910799887031
01_ablate_core_observation_features,No core observation features,39,79,1.7483053000178188,50,1000,0.03496610600035638,0.03496610600035638
01_ablate_core_observation_features,No core observation features,40,80,1.733683199970983,50,1000,0.03467366399941966,0.03467366399941966
01_ablate_core_observation_features,No core observation features,41,81,1.7687454000115395,50,1000,0.03537490800023079,0.03537490800023079
01_ablate_core_observation_features,No core observation features,42,82,1.9284461999777704,50,1000,0.03856892399955541,0.03856892399955541
01_ablate_core_observation_features,No core observation features,43,83,1.7795557000208646,50,1000,0.03559111400041729,0.03559111400041729
01_ablate_core_observation_features,No core observation features,44,84,1.8012379000429064,50,1000,0.03602475800085813,0.03602475800085813
01_ablate_core_observation_features,No core observation features,45,85,1.9022239999612793,50,1000,0.03804447999922558,0.03804447999922558
01_ablate_core_observation_features,No core observation features,46,86,1.970998500008136,50,1000,0.03941997000016272,0.03941997000016272
01_ablate_core_observation_features,No core observation features,47,87,1.8522821998922154,50,1000,0.03704564399784431,0.03704564399784431
01_ablate_core_observation_features,No core observation features,48,88,1.78745149995666,50,1000,0.0357490299991332,0.0357490299991332
01_ablate_core_observation_features,No core observation features,49,89,1.7186346999369562,50,1000,0.03437269399873912,0.03437269399873912
01_ablate_core_observation_features,No core observation features,50,90,1.7192956999642774,50,1000,0.03438591399928555,0.03438591399928555
01_ablate_core_observation_features,No core observation features,51,91,1.7447802999522537,50,1000,0.03489560599904507,0.03489560599904507
01_ablate_core_observation_features,No core observation features,52,92,1.7683810000307858,50,1000,0.03536762000061572,0.03536762000061572
01_ablate_core_observation_features,No core observation features,53,93,1.8082657000049949,50,1000,0.036165314000099896,0.036165314000099896
01_ablate_core_observation_features,No core observation features,54,94,1.7726631999248639,50,1000,0.03545326399849728,0.03545326399849728
01_ablate_core_observation_features,No core observation features,55,95,1.9234622999792919,50,1000,0.03846924599958584,0.03846924599958584
01_ablate_core_observation_features,No core observation features,56,96,2.011532200034708,50,1000,0.040230644000694156,0.040230644000694156
01_ablate_core_observation_features,No core observation features,57,97,1.9097094000317156,50,1000,0.038194188000634316,0.038194188000634316
01_ablate_core_observation_features,No core observation features,58,98,1.7994037999305874,50,1000,0.03598807599861175,0.03598807599861175
01_ablate_core_observation_features,No core observation features,59,99,2.0302488999441266,50,1000,0.04060497799888253,0.04060497799888253
01_ablate_core_observation_features,No core observation features,60,100,1.87113539990969,50,1000,0.0374227079981938,0.0374227079981938
01_ablate_core_observation_features,No core observation features,61,101,1.6859337999485433,50,1000,0.03371867599897087,0.03371867599897087
01_ablate_core_observation_features,No core observation features,62,102,1.7326657000230625,50,1000,0.034653314000461254,0.034653314000461254
01_ablate_core_observation_features,No core observation features,63,103,1.728378799976781,50,1000,0.03456757599953562,0.03456757599953562
01_ablate_core_observation_features,No core observation features,64,104,1.7363883000798523,50,1000,0.03472776600159705,0.03472776600159705
01_ablate_core_observation_features,No core observation features,65,105,1.7885094999801368,50,1000,0.035770189999602735,0.035770189999602735
01_ablate_core_observation_features,No core observation features,66,106,1.8012686999281868,50,1000,0.03602537399856374,0.03602537399856374
01_ablate_core_observation_features,No core observation features,67,107,1.7755228000460193,50,1000,0.035510456000920385,0.035510456000920385
01_ablate_core_observation_features,No core observation features,68,108,1.778127400088124,50,1000,0.03556254800176248,0.03556254800176248
01_ablate_core_observation_features,No core observation features,69,109,1.777280900045298,50,1000,0.035545618000905964,0.035545618000905964
01_ablate_core_observation_features,No core observation features,70,110,1.787457300000824,50,1000,0.03574914600001648,0.03574914600001648
01_ablate_core_observation_features,No core observation features,71,111,1.7911740000126883,50,1000,0.03582348000025377,0.03582348000025377
01_ablate_core_observation_features,No core observation features,72,112,1.797050500055775,50,1000,0.0359410100011155,0.0359410100011155
01_ablate_core_observation_features,No core observation features,73,113,1.7393304000142962,50,1000,0.03478660800028592,0.03478660800028592
01_ablate_core_observation_features,No core observation features,74,114,1.756486300029792,50,1000,0.035129726000595836,0.035129726000595836
01_ablate_core_observation_features,No core observation features,75,115,1.7686348999850452,50,1000,0.03537269799970091,0.03537269799970091
01_ablate_core_observation_features,No core observation features,76,116,1.7610220999922603,50,1000,0.035220441999845205,0.035220441999845205
01_ablate_core_observation_features,No core observation features,77,117,1.8617524999426678,50,1000,0.03723504999885335,0.03723504999885335
01_ablate_core_observation_features,No core observation features,78,118,1.7349184999475256,50,1000,0.03469836999895051,0.03469836999895051
01_ablate_core_observation_features,No core observation features,79,119,1.8309732999186963,50,1000,0.03661946599837393,0.03661946599837393
01_ablate_core_observation_features,No core observation features,80,120,1.7924063000828028,50,1000,0.03584812600165606,0.03584812600165606
02_ablate_graph_topology_features,No graph topology features,0,40,1.7696248000720516,50,1000,0.03539249600144103,0.03539249600144103
02_ablate_graph_topology_features,No graph topology features,1,41,1.7919271000428125,50,1000,0.035838542000856254,0.035838542000856254
02_ablate_graph_topology_features,No graph topology features,2,42,1.7181947999633849,50,1000,0.034363895999267695,0.034363895999267695
02_ablate_graph_topology_features,No graph topology features,3,43,1.646321199950762,50,1000,0.03292642399901524,0.03292642399901524
02_ablate_graph_topology_features,No graph topology features,4,44,1.6457701000617817,50,1000,0.03291540200123563,0.03291540200123563
02_ablate_graph_topology_features,No graph topology features,5,45,1.7065345000009984,50,1000,0.03413069000001997,0.03413069000001997
02_ablate_graph_topology_features,No graph topology features,6,46,1.7029661999549717,50,1000,0.03405932399909943,0.03405932399909943
02_ablate_graph_topology_features,No graph topology features,7,47,1.7670006999978796,50,1000,0.03534001399995759,0.03534001399995759
02_ablate_graph_topology_features,No graph topology features,8,48,1.8025102999527007,50,1000,0.036050205999054015,0.036050205999054015
02_ablate_graph_topology_features,No graph topology features,9,49,1.7834386000176892,50,1000,0.03566877200035378,0.03566877200035378
02_ablate_graph_topology_features,No graph topology features,10,50,1.8579599999357015,50,1000,0.03715919999871403,0.03715919999871403
02_ablate_graph_topology_features,No graph topology features,11,51,1.7864755999762565,50,1000,0.03572951199952513,0.03572951199952513
02_ablate_graph_topology_features,No graph topology features,12,52,1.742637199931778,50,1000,0.03485274399863556,0.03485274399863556
02_ablate_graph_topology_features,No graph topology features,13,53,1.7880154999438673,50,1000,0.035760309998877346,0.035760309998877346
02_ablate_graph_topology_features,No graph topology features,14,54,1.7369809000520036,50,1000,0.03473961800104007,0.03473961800104007
02_ablate_graph_topology_features,No graph topology features,15,55,1.674889100017026,50,1000,0.03349778200034052,0.03349778200034052
02_ablate_graph_topology_features,No graph topology features,16,56,1.7437203000299633,50,1000,0.03487440600059927,0.03487440600059927
02_ablate_graph_topology_features,No graph topology features,17,57,1.8226409000344574,50,1000,0.03645281800068915,0.03645281800068915
02_ablate_graph_topology_features,No graph topology features,18,58,2.1939199999906123,50,1000,0.043878399999812245,0.043878399999812245
02_ablate_graph_topology_features,No graph topology features,19,59,2.157089799991809,50,1000,0.043141795999836176,0.043141795999836176
02_ablate_graph_topology_features,No graph topology features,20,60,2.2682286999188364,50,1000,0.04536457399837673,0.04536457399837673
02_ablate_graph_topology_features,No graph topology features,21,61,2.2680182999465615,50,1000,0.04536036599893123,0.04536036599893123
02_ablate_graph_topology_features,No graph topology features,22,62,2.237474299967289,50,1000,0.04474948599934578,0.04474948599934578
02_ablate_graph_topology_features,No graph topology features,23,63,2.2670605001039803,50,1000,0.04534121000207961,0.04534121000207961
02_ablate_graph_topology_features,No graph topology features,24,64,2.3201178000308573,50,1000,0.046402356000617144,0.046402356000617144
02_ablate_graph_topology_features,No graph topology features,25,65,2.240579399978742,50,1000,0.04481158799957484,0.04481158799957484
02_ablate_graph_topology_features,No graph topology features,26,66,2.2841962999664247,50,1000,0.045683925999328495,0.045683925999328495
02_ablate_graph_topology_features,No graph topology features,27,67,2.167514300090261,50,1000,0.04335028600180522,0.04335028600180522
02_ablate_graph_topology_features,No graph topology features,28,68,2.0948397000320256,50,1000,0.04189679400064051,0.04189679400064051
02_ablate_graph_topology_features,No graph topology features,29,69,2.1800075999926776,50,1000,0.04360015199985355,0.04360015199985355
02_ablate_graph_topology_features,No graph topology features,30,70,1.9124001000309363,50,1000,0.038248002000618724,0.038248002000618724
02_ablate_graph_topology_features,No graph topology features,31,71,1.9238158999942243,50,1000,0.038476317999884484,0.038476317999884484
02_ablate_graph_topology_features,No graph topology features,32,72,1.7776077000889927,50,1000,0.035552154001779857,0.035552154001779857
02_ablate_graph_topology_features,No graph topology features,33,73,1.7034745999844745,50,1000,0.03406949199968949,0.03406949199968949
02_ablate_graph_topology_features,No graph topology features,34,74,1.7092509999638423,50,1000,0.034185019999276846,0.034185019999276846
02_ablate_graph_topology_features,No graph topology features,35,75,1.7012560999719426,50,1000,0.03402512199943885,0.03402512199943885
02_ablate_graph_topology_features,No graph topology features,36,76,1.7107213999843225,50,1000,0.03421442799968645,0.03421442799968645
02_ablate_graph_topology_features,No graph topology features,37,77,1.7273387999739498,50,1000,0.034546775999478994,0.034546775999478994
02_ablate_graph_topology_features,No graph topology features,38,78,1.809852599981241,50,1000,0.03619705199962482,0.03619705199962482
02_ablate_graph_topology_features,No graph topology features,39,79,1.8002542000031099,50,1000,0.0360050840000622,0.0360050840000622
02_ablate_graph_topology_features,No graph topology features,40,80,1.815276899957098,50,1000,0.03630553799914196,0.03630553799914196
02_ablate_graph_topology_features,No graph topology features,41,81,1.8257444000337273,50,1000,0.036514888000674546,0.036514888000674546
02_ablate_graph_topology_features,No graph topology features,42,82,1.852202199981548,50,1000,0.03704404399963096,0.03704404399963096
02_ablate_graph_topology_features,No graph topology features,43,83,1.7902689999900758,50,1000,0.03580537999980152,0.03580537999980152
02_ablate_graph_topology_features,No graph topology features,44,84,1.7855304999975488,50,1000,0.035710609999950974,0.035710609999950974
02_ablate_graph_topology_features,No graph topology features,45,85,1.7899651000043377,50,1000,0.035799302000086755,0.035799302000086755
02_ablate_graph_topology_features,No graph topology features,46,86,1.720275199972093,50,1000,0.03440550399944186,0.03440550399944186
02_ablate_graph_topology_features,No graph topology features,47,87,1.6927147000096738,50,1000,0.03385429400019348,0.03385429400019348
02_ablate_graph_topology_features,No graph topology features,48,88,1.695802600006573,50,1000,0.03391605200013146,0.03391605200013146
02_ablate_graph_topology_features,No graph topology features,49,89,1.6858776999870315,50,1000,0.03371755399974063,0.03371755399974063
02_ablate_graph_topology_features,No graph topology features,50,90,1.6860138999763876,50,1000,0.03372027799952775,0.03372027799952775
02_ablate_graph_topology_features,No graph topology features,51,91,1.6847047999035567,50,1000,0.03369409599807113,0.03369409599807113
02_ablate_graph_topology_features,No graph topology features,52,92,1.6920979000860825,50,1000,0.03384195800172165,0.03384195800172165
02_ablate_graph_topology_features,No graph topology features,53,93,1.6723586999578401,50,1000,0.0334471739991568,0.0334471739991568
02_ablate_graph_topology_features,No graph topology features,54,94,1.679015800007619,50,1000,0.03358031600015238,0.03358031600015238
02_ablate_graph_topology_features,No graph topology features,55,95,1.7602573999902233,50,1000,0.03520514799980447,0.03520514799980447
02_ablate_graph_topology_features,No graph topology features,56,96,1.7956909999484196,50,1000,0.035913819998968394,0.035913819998968394
02_ablate_graph_topology_features,No graph topology features,57,97,1.7567866999888793,50,1000,0.03513573399977758,0.03513573399977758
02_ablate_graph_topology_features,No graph topology features,58,98,1.8171310999896377,50,1000,0.036342621999792754,0.036342621999792754
02_ablate_graph_topology_features,No graph topology features,59,99,1.7952650000806898,50,1000,0.035905300001613794,0.035905300001613794
02_ablate_graph_topology_features,No graph topology features,60,100,1.8234453999903053,50,1000,0.03646890799980611,0.03646890799980611
02_ablate_graph_topology_features,No graph topology features,61,101,1.824258599895984,50,1000,0.03648517199791968,0.03648517199791968
02_ablate_graph_topology_features,No graph topology features,62,102,1.7802730000112206,50,1000,0.03560546000022441,0.03560546000022441
02_ablate_graph_topology_features,No graph topology features,63,103,1.7901412999490276,50,1000,0.035802825998980554,0.035802825998980554
02_ablate_graph_topology_features,No graph topology features,64,104,1.77350419992581,50,1000,0.0354700839985162,0.0354700839985162
02_ablate_graph_topology_features,No graph topology features,65,105,1.769468400045298,50,1000,0.03538936800090596,0.03538936800090596
02_ablate_graph_topology_features,No graph topology features,66,106,1.7451109999092296,50,1000,0.03490221999818459,0.03490221999818459
02_ablate_graph_topology_features,No graph topology features,67,107,1.7539689999539405,50,1000,0.035079379999078814,0.035079379999078814
02_ablate_graph_topology_features,No graph topology features,68,108,1.8042002000147477,50,1000,0.036084004000294954,0.036084004000294954
02_ablate_graph_topology_features,No graph topology features,69,109,1.8146263000089675,50,1000,0.03629252600017935,0.03629252600017935
02_ablate_graph_topology_features,No graph topology features,70,110,1.8470591999357566,50,1000,0.036941183998715134,0.036941183998715134
02_ablate_graph_topology_features,No graph topology features,71,111,1.8411968000000343,50,1000,0.03682393600000069,0.03682393600000069
02_ablate_graph_topology_features,No graph topology features,72,112,1.8465851000510156,50,1000,0.03693170200102031,0.03693170200102031
02_ablate_graph_topology_features,No graph topology features,73,113,1.8755980000132695,50,1000,0.03751196000026539,0.03751196000026539
02_ablate_graph_topology_features,No graph topology features,74,114,1.7952438000356779,50,1000,0.035904876000713556,0.035904876000713556
02_ablate_graph_topology_features,No graph topology features,75,115,1.8218954999465495,50,1000,0.03643790999893099,0.03643790999893099
02_ablate_graph_topology_features,No graph topology features,76,116,1.767034300020896,50,1000,0.03534068600041792,0.03534068600041792
02_ablate_graph_topology_features,No graph topology features,77,117,1.7575572000350803,50,1000,0.03515114400070161,0.03515114400070161
02_ablate_graph_topology_features,No graph topology features,78,118,1.7591071999631822,50,1000,0.03518214399926364,0.03518214399926364
02_ablate_graph_topology_features,No graph topology features,79,119,1.7283366000046954,50,1000,0.03456673200009391,0.03456673200009391
02_ablate_graph_topology_features,No graph topology features,80,120,1.7985406999941915,50,1000,0.03597081399988383,0.03597081399988383
03_ablate_dissimilarity_features,No dissimilarity features,0,40,1.6707600000081584,50,1000,0.03341520000016317,0.03341520000016317
03_ablate_dissimilarity_features,No dissimilarity features,1,41,1.7024516999954358,50,1000,0.03404903399990872,0.03404903399990872
03_ablate_dissimilarity_features,No dissimilarity features,2,42,1.8146994000999257,50,1000,0.03629398800199851,0.03629398800199851
03_ablate_dissimilarity_features,No dissimilarity features,3,43,1.7730543999932706,50,1000,0.035461087999865415,0.035461087999865415
03_ablate_dissimilarity_features,No dissimilarity features,4,44,1.7540947999805212,50,1000,0.035081895999610424,0.035081895999610424
03_ablate_dissimilarity_features,No dissimilarity features,5,45,1.7178887999616563,50,1000,0.03435777599923313,0.03435777599923313
03_ablate_dissimilarity_features,No dissimilarity features,6,46,1.7356205999385566,50,1000,0.034712411998771134,0.034712411998771134
03_ablate_dissimilarity_features,No dissimilarity features,7,47,1.728006099932827,50,1000,0.03456012199865654,0.03456012199865654
03_ablate_dissimilarity_features,No dissimilarity features,8,48,1.7238901000237092,50,1000,0.034477802000474185,0.034477802000474185
03_ablate_dissimilarity_features,No dissimilarity features,9,49,1.6977727999910712,50,1000,0.03395545599982142,0.03395545599982142
03_ablate_dissimilarity_features,No dissimilarity features,10,50,1.6574402999831364,50,1000,0.033148805999662724,0.033148805999662724
03_ablate_dissimilarity_features,No dissimilarity features,11,51,1.6356280000181869,50,1000,0.03271256000036374,0.03271256000036374
03_ablate_dissimilarity_features,No dissimilarity features,12,52,1.6322533999336883,50,1000,0.03264506799867377,0.03264506799867377
03_ablate_dissimilarity_features,No dissimilarity features,13,53,1.653449899982661,50,1000,0.03306899799965322,0.03306899799965322
03_ablate_dissimilarity_features,No dissimilarity features,14,54,1.7147636000299826,50,1000,0.034295272000599654,0.034295272000599654
03_ablate_dissimilarity_features,No dissimilarity features,15,55,1.700496600009501,50,1000,0.03400993200019002,0.03400993200019002
03_ablate_dissimilarity_features,No dissimilarity features,16,56,1.7145690999459475,50,1000,0.03429138199891895,0.03429138199891895
03_ablate_dissimilarity_features,No dissimilarity features,17,57,1.9034261000342667,50,1000,0.038068522000685334,0.038068522000685334
03_ablate_dissimilarity_features,No dissimilarity features,18,58,1.7965854000067338,50,1000,0.03593170800013468,0.03593170800013468
03_ablate_dissimilarity_features,No dissimilarity features,19,59,1.7173625999130309,50,1000,0.034347251998260615,0.034347251998260615
03_ablate_dissimilarity_features,No dissimilarity features,20,60,1.7090079999761656,50,1000,0.03418015999952331,0.03418015999952331
03_ablate_dissimilarity_features,No dissimilarity features,21,61,1.6839244000148028,50,1000,0.033678488000296054,0.033678488000296054
03_ablate_dissimilarity_features,No dissimilarity features,22,62,1.7206317000091076,50,1000,0.03441263400018215,0.03441263400018215
03_ablate_dissimilarity_features,No dissimilarity features,23,63,1.6834022999973968,50,1000,0.03366804599994794,0.03366804599994794
03_ablate_dissimilarity_features,No dissimilarity features,24,64,1.710486000054516,50,1000,0.03420972000109032,0.03420972000109032
03_ablate_dissimilarity_features,No dissimilarity features,25,65,1.6795112999388948,50,1000,0.033590225998777895,0.033590225998777895
03_ablate_dissimilarity_features,No dissimilarity features,26,66,1.6141073000617325,50,1000,0.03228214600123465,0.03228214600123465
03_ablate_dissimilarity_features,No dissimilarity features,27,67,1.6242286000633612,50,1000,0.032484572001267226,0.032484572001267226
03_ablate_dissimilarity_features,No dissimilarity features,28,68,1.6489006000338122,50,1000,0.032978012000676245,0.032978012000676245
03_ablate_dissimilarity_features,No dissimilarity features,29,69,1.9980534999631345,50,1000,0.03996106999926269,0.03996106999926269
03_ablate_dissimilarity_features,No dissimilarity features,30,70,1.8396748000523075,50,1000,0.03679349600104615,0.03679349600104615
03_ablate_dissimilarity_features,No dissimilarity features,31,71,1.777104000095278,50,1000,0.03554208000190556,0.03554208000190556
03_ablate_dissimilarity_features,No dissimilarity features,32,72,1.7600435999920592,50,1000,0.035200871999841184,0.035200871999841184
03_ablate_dissimilarity_features,No dissimilarity features,33,73,1.7635711000766605,50,1000,0.03527142200153321,0.03527142200153321
03_ablate_dissimilarity_features,No dissimilarity features,34,74,1.6829454000107944,50,1000,0.03365890800021589,0.03365890800021589
03_ablate_dissimilarity_features,No dissimilarity features,35,75,1.6243912000209093,50,1000,0.032487824000418185,0.032487824000418185
03_ablate_dissimilarity_features,No dissimilarity features,36,76,1.6417325000511482,50,1000,0.032834650001022966,0.032834650001022966
03_ablate_dissimilarity_features,No dissimilarity features,37,77,1.6962218000553548,50,1000,0.033924436001107096,0.033924436001107096
03_ablate_dissimilarity_features,No dissimilarity features,38,78,1.6455133999697864,50,1000,0.032910267999395726,0.032910267999395726
03_ablate_dissimilarity_features,No dissimilarity features,39,79,1.6328087999718264,50,1000,0.03265617599943653,0.03265617599943653
03_ablate_dissimilarity_features,No dissimilarity features,40,80,1.6957263000076637,50,1000,0.033914526000153274,0.033914526000153274
03_ablate_dissimilarity_features,No dissimilarity features,41,81,1.6043731999816373,50,1000,0.03208746399963275,0.03208746399963275
03_ablate_dissimilarity_features,No dissimilarity features,42,82,1.6765833001118153,50,1000,0.03353166600223631,0.03353166600223631
03_ablate_dissimilarity_features,No dissimilarity features,43,83,1.656115400022827,50,1000,0.03312230800045654,0.03312230800045654
03_ablate_dissimilarity_features,No dissimilarity features,44,84,1.6127361999824643,50,1000,0.032254723999649286,0.032254723999649286
03_ablate_dissimilarity_features,No dissimilarity features,45,85,1.635118400095962,50,1000,0.03270236800191924,0.03270236800191924
03_ablate_dissimilarity_features,No dissimilarity features,46,86,1.754165600053966,50,1000,0.03508331200107932,0.03508331200107932
03_ablate_dissimilarity_features,No dissimilarity features,47,87,1.6018206999870017,50,1000,0.032036413999740034,0.032036413999740034
03_ablate_dissimilarity_features,No dissimilarity features,48,88,1.607155599980615,50,1000,0.032143111999612305,0.032143111999612305
03_ablate_dissimilarity_features,No dissimilarity features,49,89,1.6369171000551432,50,1000,0.032738342001102864,0.032738342001102864
03_ablate_dissimilarity_features,No dissimilarity features,50,90,1.9577157000312582,50,1000,0.03915431400062516,0.03915431400062516
03_ablate_dissimilarity_features,No dissimilarity features,51,91,1.7462538999971002,50,1000,0.034925077999942,0.034925077999942
03_ablate_dissimilarity_features,No dissimilarity features,52,92,1.7061590000521392,50,1000,0.03412318000104278,0.03412318000104278
03_ablate_dissimilarity_features,No dissimilarity features,53,93,1.718445900012739,50,1000,0.03436891800025478,0.03436891800025478
03_ablate_dissimilarity_features,No dissimilarity features,54,94,1.748778500012122,50,1000,0.03497557000024244,0.03497557000024244
03_ablate_dissimilarity_features,No dissimilarity features,55,95,1.7365370999323204,50,1000,0.03473074199864641,0.03473074199864641
03_ablate_dissimilarity_features,No dissimilarity features,56,96,1.7145067000528798,50,1000,0.0342901340010576,0.0342901340010576
03_ablate_dissimilarity_features,No dissimilarity features,57,97,1.7284948999295011,50,1000,0.034569897998590025,0.034569897998590025
03_ablate_dissimilarity_features,No dissimilarity features,58,98,1.728709700051695,50,1000,0.034574194001033905,0.034574194001033905
03_ablate_dissimilarity_features,No dissimilarity features,59,99,1.7297216999577358,50,1000,0.03459443399915472,0.03459443399915472
03_ablate_dissimilarity_features,No dissimilarity features,60,100,1.6990052999462932,50,1000,0.03398010599892586,0.03398010599892586
03_ablate_dissimilarity_features,No dissimilarity features,61,101,1.7209975000005215,50,1000,0.034419950000010434,0.034419950000010434
03_ablate_dissimilarity_features,No dissimilarity features,62,102,1.6822158000431955,50,1000,0.03364431600086391,0.03364431600086391
03_ablate_dissimilarity_features,No dissimilarity features,63,103,1.669880099943839,50,1000,0.03339760199887678,0.03339760199887678
03_ablate_dissimilarity_features,No dissimilarity features,64,104,1.7553611000766978,50,1000,0.035107222001533954,0.035107222001533954
03_ablate_dissimilarity_features,No dissimilarity features,65,105,1.7022913999389857,50,1000,0.03404582799877971,0.03404582799877971
03_ablate_dissimilarity_features,No dissimilarity features,66,106,1.7204475000035018,50,1000,0.034408950000070035,0.034408950000070035
03_ablate_dissimilarity_features,No dissimilarity features,67,107,1.7301735999062657,50,1000,0.034603471998125315,0.034603471998125315
03_ablate_dissimilarity_features,No dissimilarity features,68,108,1.6618543000658974,50,1000,0.033237086001317945,0.033237086001317945
03_ablate_dissimilarity_features,No dissimilarity features,69,109,1.712122100056149,50,1000,0.03424244200112298,0.03424244200112298
03_ablate_dissimilarity_features,No dissimilarity features,70,110,1.6827122000977397,50,1000,0.0336542440019548,0.0336542440019548
03_ablate_dissimilarity_features,No dissimilarity features,71,111,1.6847446000901982,50,1000,0.033694892001803964,0.033694892001803964
03_ablate_dissimilarity_features,No dissimilarity features,72,112,1.719544199993834,50,1000,0.03439088399987668,0.03439088399987668
03_ablate_dissimilarity_features,No dissimilarity features,73,113,1.7825375000247732,50,1000,0.03565075000049547,0.03565075000049547
03_ablate_dissimilarity_features,No dissimilarity features,74,114,1.7873779999790713,50,1000,0.03574755999958143,0.03574755999958143
03_ablate_dissimilarity_features,No dissimilarity features,75,115,1.7891111000208184,50,1000,0.03578222200041637,0.03578222200041637
03_ablate_dissimilarity_features,No dissimilarity features,76,116,1.7834983000066131,50,1000,0.03566996600013226,0.03566996600013226
03_ablate_dissimilarity_features,No dissimilarity features,77,117,1.80319360003341,50,1000,0.0360638720006682,0.0360638720006682
03_ablate_dissimilarity_features,No dissimilarity features,78,118,1.7765679000876844,50,1000,0.035531358001753686,0.035531358001753686
03_ablate_dissimilarity_features,No dissimilarity features,79,119,1.9789119999622926,50,1000,0.039578239999245854,0.039578239999245854
03_ablate_dissimilarity_features,No dissimilarity features,80,120,2.3728621000191197,50,1000,0.04745724200038239,0.04745724200038239
04_ablate_local_spatial_features,No local spatial features,0,40,1.641380799934268,50,1000,0.03282761599868536,0.03282761599868536
04_ablate_local_spatial_features,No local spatial features,1,41,1.6366884000599384,50,1000,0.03273376800119877,0.03273376800119877
04_ablate_local_spatial_features,No local spatial features,2,42,1.6537860999815166,50,1000,0.03307572199963033,0.03307572199963033
04_ablate_local_spatial_features,No local spatial features,3,43,1.6369793000631034,50,1000,0.03273958600126207,0.03273958600126207
04_ablate_local_spatial_features,No local spatial features,4,44,1.6402434000046924,50,1000,0.03280486800009385,0.03280486800009385
04_ablate_local_spatial_features,No local spatial features,5,45,1.626941000111401,50,1000,0.03253882000222802,0.03253882000222802
04_ablate_local_spatial_features,No local spatial features,6,46,1.6575771999778226,50,1000,0.03315154399955645,0.03315154399955645
04_ablate_local_spatial_features,No local spatial features,7,47,1.661276400089264,50,1000,0.03322552800178528,0.03322552800178528
04_ablate_local_spatial_features,No local spatial features,8,48,1.7041960000060499,50,1000,0.034083920000121,0.034083920000121
04_ablate_local_spatial_features,No local spatial features,9,49,1.6492207000264898,50,1000,0.032984414000529795,0.032984414000529795
04_ablate_local_spatial_features,No local spatial features,10,50,1.6116133000468835,50,1000,0.03223226600093767,0.03223226600093767
04_ablate_local_spatial_features,No local spatial features,11,51,1.6952520000049844,50,1000,0.03390504000009969,0.03390504000009969
04_ablate_local_spatial_features,No local spatial features,12,52,1.7116215999703854,50,1000,0.03423243199940771,0.03423243199940771
04_ablate_local_spatial_features,No local spatial features,13,53,1.6705620000138879,50,1000,0.03341124000027776,0.03341124000027776
04_ablate_local_spatial_features,No local spatial features,14,54,1.6916560999816284,50,1000,0.033833121999632565,0.033833121999632565
04_ablate_local_spatial_features,No local spatial features,15,55,1.6994533999823034,50,1000,0.033989067999646065,0.033989067999646065
04_ablate_local_spatial_features,No local spatial features,16,56,1.6489571999991313,50,1000,0.03297914399998263,0.03297914399998263
04_ablate_local_spatial_features,No local spatial features,17,57,1.6279977000085637,50,1000,0.032559954000171275,0.032559954000171275
04_ablate_local_spatial_features,No local spatial features,18,58,1.641431099968031,50,1000,0.032828621999360624,0.032828621999360624
04_ablate_local_spatial_features,No local spatial features,19,59,1.6170589999528602,50,1000,0.0323411799990572,0.0323411799990572
04_ablate_local_spatial_features,No local spatial features,20,60,1.6497167999623343,50,1000,0.032994335999246685,0.032994335999246685
04_ablate_local_spatial_features,No local spatial features,21,61,1.625341400038451,50,1000,0.03250682800076902,0.03250682800076902
04_ablate_local_spatial_features,No local spatial features,22,62,1.617194600054063,50,1000,0.03234389200108126,0.03234389200108126
04_ablate_local_spatial_features,No local spatial features,23,63,2.048244999954477,50,1000,0.04096489999908954,0.04096489999908954
04_ablate_local_spatial_features,No local spatial features,24,64,2.067815599963069,50,1000,0.04135631199926138,0.04135631199926138
04_ablate_local_spatial_features,No local spatial features,25,65,2.074890600051731,50,1000,0.04149781200103462,0.04149781200103462
04_ablate_local_spatial_features,No local spatial features,26,66,2.0027534998953342,50,1000,0.04005506999790669,0.04005506999790669
04_ablate_local_spatial_features,No local spatial features,27,67,2.0391041999682784,50,1000,0.040782083999365566,0.040782083999365566
04_ablate_local_spatial_features,No local spatial features,28,68,1.8240412001032382,50,1000,0.03648082400206477,0.03648082400206477
04_ablate_local_spatial_features,No local spatial features,29,69,1.6245365999639034,50,1000,0.03249073199927807,0.03249073199927807
04_ablate_local_spatial_features,No local spatial features,30,70,1.653009600006044,50,1000,0.03306019200012088,0.03306019200012088
04_ablate_local_spatial_features,No local spatial features,31,71,1.6594365999335423,50,1000,0.033188731998670847,0.033188731998670847
04_ablate_local_spatial_features,No local spatial features,32,72,1.6509812999283895,50,1000,0.03301962599856779,0.03301962599856779
04_ablate_local_spatial_features,No local spatial features,33,73,1.6648376999655738,50,1000,0.03329675399931148,0.03329675399931148
04_ablate_local_spatial_features,No local spatial features,34,74,1.6557504000375047,50,1000,0.033115008000750096,0.033115008000750096
04_ablate_local_spatial_features,No local spatial features,35,75,1.6625657000113279,50,1000,0.03325131400022656,0.03325131400022656
04_ablate_local_spatial_features,No local spatial features,36,76,1.6615328000625595,50,1000,0.03323065600125119,0.03323065600125119
04_ablate_local_spatial_features,No local spatial features,37,77,1.6546911000041291,50,1000,0.03309382200008258,0.03309382200008258
04_ablate_local_spatial_features,No local spatial features,38,78,1.653621400007978,50,1000,0.03307242800015956,0.03307242800015956
04_ablate_local_spatial_features,No local spatial features,39,79,1.6552395999897271,50,1000,0.03310479199979454,0.03310479199979454
04_ablate_local_spatial_features,No local spatial features,40,80,1.6588475001044571,50,1000,0.033176950002089145,0.033176950002089145
04_ablate_local_spatial_features,No local spatial features,41,81,1.6577097999397665,50,1000,0.03315419599879533,0.03315419599879533
04_ablate_local_spatial_features,No local spatial features,42,82,1.6495059999870136,50,1000,0.032990119999740275,0.032990119999740275
04_ablate_local_spatial_features,No local spatial features,43,83,1.6576673000818118,50,1000,0.03315334600163624,0.03315334600163624
04_ablate_local_spatial_features,No local spatial features,44,84,1.6974851000122726,50,1000,0.033949702000245455,0.033949702000245455
04_ablate_local_spatial_features,No local spatial features,45,85,1.7644445999758318,50,1000,0.03528889199951664,0.03528889199951664
04_ablate_local_spatial_features,No local spatial features,46,86,1.7134451000019908,50,1000,0.03426890200003982,0.03426890200003982
04_ablate_local_spatial_features,No local spatial features,47,87,1.6495329999597743,50,1000,0.03299065999919549,0.03299065999919549
04_ablate_local_spatial_features,No local spatial features,48,88,1.6598265999928117,50,1000,0.033196531999856234,0.033196531999856234
04_ablate_local_spatial_features,No local spatial features,49,89,1.6675537000410259,50,1000,0.03335107400082052,0.03335107400082052
04_ablate_local_spatial_features,No local spatial features,50,90,1.660144399967976,50,1000,0.03320288799935952,0.03320288799935952
04_ablate_local_spatial_features,No local spatial features,51,91,1.670328100095503,50,1000,0.03340656200191006,0.03340656200191006
04_ablate_local_spatial_features,No local spatial features,52,92,1.6647095000371337,50,1000,0.03329419000074267,0.03329419000074267
04_ablate_local_spatial_features,No local spatial features,53,93,1.6668369999388233,50,1000,0.03333673999877647,0.03333673999877647
04_ablate_local_spatial_features,No local spatial features,54,94,1.6677967000287026,50,1000,0.03335593400057405,0.03335593400057405
04_ablate_local_spatial_features,No local spatial features,55,95,1.6626519999699667,50,1000,0.03325303999939933,0.03325303999939933
04_ablate_local_spatial_features,No local spatial features,56,96,1.8153996999608353,50,1000,0.036307993999216706,0.036307993999216706
04_ablate_local_spatial_features,No local spatial features,57,97,1.7680865998845547,50,1000,0.0353617319976911,0.0353617319976911
04_ablate_local_spatial_features,No local spatial features,58,98,1.7976315999403596,50,1000,0.03595263199880719,0.03595263199880719
04_ablate_local_spatial_features,No local spatial features,59,99,1.6027830999810249,50,1000,0.0320556619996205,0.0320556619996205
04_ablate_local_spatial_features,No local spatial features,60,100,1.597480999887921,50,1000,0.031949619997758416,0.031949619997758416
04_ablate_local_spatial_features,No local spatial features,61,101,1.833337200107053,50,1000,0.03666674400214106,0.03666674400214106
04_ablate_local_spatial_features,No local spatial features,62,102,1.6214112000307068,50,1000,0.03242822400061414,0.03242822400061414
04_ablate_local_spatial_features,No local spatial features,63,103,1.6089259999571368,50,1000,0.032178519999142736,0.032178519999142736
04_ablate_local_spatial_features,No local spatial features,64,104,2.0795145999873057,50,1000,0.041590291999746114,0.041590291999746114
04_ablate_local_spatial_features,No local spatial features,65,105,1.7099744000006467,50,1000,0.034199488000012934,0.034199488000012934
04_ablate_local_spatial_features,No local spatial features,66,106,1.6873407999519259,50,1000,0.03374681599903852,0.03374681599903852
04_ablate_local_spatial_features,No local spatial features,67,107,1.6910521000390872,50,1000,0.033821042000781745,0.033821042000781745
04_ablate_local_spatial_features,No local spatial features,68,108,1.6783549000974745,50,1000,0.033567098001949486,0.033567098001949486
04_ablate_local_spatial_features,No local spatial features,69,109,1.731015200028196,50,1000,0.03462030400056392,0.03462030400056392
04_ablate_local_spatial_features,No local spatial features,70,110,1.6752904000459239,50,1000,0.03350580800091848,0.03350580800091848
04_ablate_local_spatial_features,No local spatial features,71,111,1.6288109000306576,50,1000,0.03257621800061315,0.03257621800061315
04_ablate_local_spatial_features,No local spatial features,72,112,1.6382426999043673,50,1000,0.032764853998087345,0.032764853998087345
04_ablate_local_spatial_features,No local spatial features,73,113,1.6461238000774756,50,1000,0.03292247600154951,0.03292247600154951
04_ablate_local_spatial_features,No local spatial features,74,114,1.6564930999884382,50,1000,0.033129861999768764,0.033129861999768764
04_ablate_local_spatial_features,No local spatial features,75,115,1.6501493999967352,50,1000,0.0330029879999347,0.0330029879999347
04_ablate_local_spatial_features,No local spatial features,76,116,1.6759686999721453,50,1000,0.03351937399944291,0.03351937399944291
04_ablate_local_spatial_features,No local spatial features,77,117,1.6771376999095082,50,1000,0.033542753998190164,0.033542753998190164
04_ablate_local_spatial_features,No local spatial features,78,118,1.6518108999589458,50,1000,0.03303621799917891,0.03303621799917891
04_ablate_local_spatial_features,No local spatial features,79,119,1.6556488000787795,50,1000,0.03311297600157559,0.03311297600157559
04_ablate_local_spatial_features,No local spatial features,80,120,1.6651378999231383,50,1000,0.033302757998462766,0.033302757998462766
05_ablate_global_graph_features,No global graph features,0,40,1.6076170000014827,50,1000,0.03215234000002965,0.03215234000002965
05_ablate_global_graph_features,No global graph features,1,41,1.6183606999693438,50,1000,0.03236721399938688,0.03236721399938688
05_ablate_global_graph_features,No global graph features,2,42,1.6222941000014544,50,1000,0.03244588200002909,0.03244588200002909
05_ablate_global_graph_features,No global graph features,3,43,1.5945745999924839,50,1000,0.031891491999849676,0.031891491999849676
05_ablate_global_graph_features,No global graph features,4,44,1.5978919999906793,50,1000,0.03195783999981359,0.03195783999981359
05_ablate_global_graph_features,No global graph features,5,45,1.6056909000035375,50,1000,0.03211381800007075,0.03211381800007075
05_ablate_global_graph_features,No global graph features,6,46,1.5894182999618351,50,1000,0.031788365999236706,0.031788365999236706
05_ablate_global_graph_features,No global graph features,7,47,1.6003323000622913,50,1000,0.03200664600124583,0.03200664600124583
05_ablate_global_graph_features,No global graph features,8,48,1.5891280000796542,50,1000,0.03178256000159308,0.03178256000159308
05_ablate_global_graph_features,No global graph features,9,49,1.607404200010933,50,1000,0.03214808400021866,0.03214808400021866
05_ablate_global_graph_features,No global graph features,10,50,1.7087914999574423,50,1000,0.034175829999148845,0.034175829999148845
05_ablate_global_graph_features,No global graph features,11,51,1.683069200022146,50,1000,0.03366138400044292,0.03366138400044292
05_ablate_global_graph_features,No global graph features,12,52,1.7069788000080734,50,1000,0.034139576000161466,0.034139576000161466
05_ablate_global_graph_features,No global graph features,13,53,1.6474694000789896,50,1000,0.03294938800157979,0.03294938800157979
05_ablate_global_graph_features,No global graph features,14,54,1.614886699942872,50,1000,0.032297733998857436,0.032297733998857436
05_ablate_global_graph_features,No global graph features,15,55,1.621702800039202,50,1000,0.03243405600078404,0.03243405600078404
05_ablate_global_graph_features,No global graph features,16,56,1.6564364999067038,50,1000,0.03312872999813408,0.03312872999813408
05_ablate_global_graph_features,No global graph features,17,57,1.6733510000631213,50,1000,0.03346702000126243,0.03346702000126243
05_ablate_global_graph_features,No global graph features,18,58,1.6527179999975488,50,1000,0.033054359999950975,0.033054359999950975
05_ablate_global_graph_features,No global graph features,19,59,1.6449136000592262,50,1000,0.032898272001184524,0.032898272001184524
05_ablate_global_graph_features,No global graph features,20,60,1.6321948999539018,50,1000,0.032643897999078034,0.032643897999078034
05_ablate_global_graph_features,No global graph features,21,61,1.6102716999594122,50,1000,0.032205433999188245,0.032205433999188245
05_ablate_global_graph_features,No global graph features,22,62,1.6810470999917015,50,1000,0.03362094199983403,0.03362094199983403
05_ablate_global_graph_features,No global graph features,23,63,1.6625488999998197,50,1000,0.03325097799999639,0.03325097799999639
05_ablate_global_graph_features,No global graph features,24,64,1.6642812000354752,50,1000,0.0332856240007095,0.0332856240007095
05_ablate_global_graph_features,No global graph features,25,65,1.6616191000211984,50,1000,0.03323238200042397,0.03323238200042397
05_ablate_global_graph_features,No global graph features,26,66,1.6901257000863552,50,1000,0.0338025140017271,0.0338025140017271
05_ablate_global_graph_features,No global graph features,27,67,1.7033518999814987,50,1000,0.03406703799962998,0.03406703799962998
05_ablate_global_graph_features,No global graph features,28,68,1.69032229995355,50,1000,0.033806445999071004,0.033806445999071004
05_ablate_global_graph_features,No global graph features,29,69,1.6646418999880552,50,1000,0.033292837999761106,0.033292837999761106
05_ablate_global_graph_features,No global graph features,30,70,1.6569760999409482,50,1000,0.03313952199881896,0.03313952199881896
05_ablate_global_graph_features,No global graph features,31,71,1.6350472000194713,50,1000,0.03270094400038943,0.03270094400038943
05_ablate_global_graph_features,No global graph features,32,72,1.650957699981518,50,1000,0.03301915399963036,0.03301915399963036
05_ablate_global_graph_features,No global graph features,33,73,1.6645052999956533,50,1000,0.03329010599991307,0.03329010599991307
05_ablate_global_graph_features,No global graph features,34,74,1.6655969000421464,50,1000,0.03331193800084293,0.03331193800084293
05_ablate_global_graph_features,No global graph features,35,75,1.674137599999085,50,1000,0.0334827519999817,0.0334827519999817
05_ablate_global_graph_features,No global graph features,36,76,1.674129799939692,50,1000,0.03348259599879384,0.03348259599879384
05_ablate_global_graph_features,No global graph features,37,77,1.6768852000823244,50,1000,0.03353770400164649,0.03353770400164649
05_ablate_global_graph_features,No global graph features,38,78,1.6724664000794291,50,1000,0.033449328001588584,0.033449328001588584
05_ablate_global_graph_features,No global graph features,39,79,1.6805520999478176,50,1000,0.03361104199895635,0.03361104199895635
05_ablate_global_graph_features,No global graph features,40,80,1.6785688999807462,50,1000,0.033571377999614925,0.033571377999614925
05_ablate_global_graph_features,No global graph features,41,81,1.6586309000849724,50,1000,0.03317261800169945,0.03317261800169945
05_ablate_global_graph_features,No global graph features,42,82,1.6769914999604225,50,1000,0.03353982999920845,0.03353982999920845
05_ablate_global_graph_features,No global graph features,43,83,1.670672099920921,50,1000,0.03341344199841842,0.03341344199841842
05_ablate_global_graph_features,No global graph features,44,84,1.6508898999309167,50,1000,0.033017797998618335,0.033017797998618335
05_ablate_global_graph_features,No global graph features,45,85,1.6569323999574408,50,1000,0.03313864799914881,0.03313864799914881
05_ablate_global_graph_features,No global graph features,46,86,1.633107499917969,50,1000,0.03266214999835938,0.03266214999835938
05_ablate_global_graph_features,No global graph features,47,87,1.6221156000392511,50,1000,0.032442312000785026,0.032442312000785026
05_ablate_global_graph_features,No global graph features,48,88,1.6242294000694528,50,1000,0.03248458800138906,0.03248458800138906
05_ablate_global_graph_features,No global graph features,49,89,1.6520892000989988,50,1000,0.033041784001979976,0.033041784001979976
05_ablate_global_graph_features,No global graph features,50,90,1.6327924999641255,50,1000,0.03265584999928251,0.03265584999928251
05_ablate_global_graph_features,No global graph features,51,91,1.6416395000414923,50,1000,0.032832790000829844,0.032832790000829844
05_ablate_global_graph_features,No global graph features,52,92,1.627968299901113,50,1000,0.032559365998022255,0.032559365998022255
05_ablate_global_graph_features,No global graph features,53,93,1.6360557998996228,50,1000,0.032721115997992455,0.032721115997992455
05_ablate_global_graph_features,No global graph features,54,94,1.6271644999505952,50,1000,0.032543289999011904,0.032543289999011904
05_ablate_global_graph_features,No global graph features,55,95,1.6365493000485003,50,1000,0.032730986000970005,0.032730986000970005
05_ablate_global_graph_features,No global graph features,56,96,1.6307458000956103,50,1000,0.03261491600191221,0.03261491600191221
05_ablate_global_graph_features,No global graph features,57,97,1.6374855999602005,50,1000,0.03274971199920401,0.03274971199920401
05_ablate_global_graph_features,No global graph features,58,98,1.6375819999957457,50,1000,0.032751639999914914,0.032751639999914914
05_ablate_global_graph_features,No global graph features,59,99,1.6801124999765307,50,1000,0.03360224999953061,0.03360224999953061
05_ablate_global_graph_features,No global graph features,60,100,1.6685363999567926,50,1000,0.03337072799913585,0.03337072799913585
05_ablate_global_graph_features,No global graph features,61,101,1.6632974999956787,50,1000,0.03326594999991357,0.03326594999991357
05_ablate_global_graph_features,No global graph features,62,102,1.6653274999698624,50,1000,0.03330654999939725,0.03330654999939725
05_ablate_global_graph_features,No global graph features,63,103,1.6937752000521868,50,1000,0.033875504001043735,0.033875504001043735
05_ablate_global_graph_features,No global graph features,64,104,1.6351929999655113,50,1000,0.03270385999931023,0.03270385999931023
05_ablate_global_graph_features,No global graph features,65,105,1.661864599911496,50,1000,0.03323729199822992,0.03323729199822992
05_ablate_global_graph_features,No global graph features,66,106,1.6632469999603927,50,1000,0.033264939999207856,0.033264939999207856
05_ablate_global_graph_features,No global graph features,67,107,1.8061566000105813,50,1000,0.036123132000211625,0.036123132000211625
05_ablate_global_graph_features,No global graph features,68,108,1.8512171999318525,50,1000,0.03702434399863705,0.03702434399863705
05_ablate_global_graph_features,No global graph features,69,109,1.8833912000991404,50,1000,0.037667824001982805,0.037667824001982805
05_ablate_global_graph_features,No global graph features,70,110,1.8719530999660492,50,1000,0.03743906199932098,0.03743906199932098
05_ablate_global_graph_features,No global graph features,71,111,1.8693859999766573,50,1000,0.037387719999533144,0.037387719999533144
05_ablate_global_graph_features,No global graph features,72,112,1.8238175000296906,50,1000,0.036476350000593814,0.036476350000593814
05_ablate_global_graph_features,No global graph features,73,113,1.8939719999907538,50,1000,0.03787943999981508,0.03787943999981508
05_ablate_global_graph_features,No global graph features,74,114,1.9249880000716075,50,1000,0.038499760001432154,0.038499760001432154
05_ablate_global_graph_features,No global graph features,75,115,1.8749798000790179,50,1000,0.03749959600158036,0.03749959600158036
05_ablate_global_graph_features,No global graph features,76,116,1.7212445999030024,50,1000,0.03442489199806005,0.03442489199806005
05_ablate_global_graph_features,No global graph features,77,117,1.7175018000416458,50,1000,0.03435003600083292,0.03435003600083292
05_ablate_global_graph_features,No global graph features,78,118,1.748483999981545,50,1000,0.034969679999630895,0.034969679999630895
05_ablate_global_graph_features,No global graph features,79,119,1.7561072000535205,50,1000,0.03512214400107041,0.03512214400107041
05_ablate_global_graph_features,No global graph features,80,120,1.7296349999960512,50,1000,0.034592699999921026,0.034592699999921026
06_core_observation_only,Only core observation features,0,40,1.6801841999404132,50,1000,0.03360368399880827,0.03360368399880827
06_core_observation_only,Only core observation features,1,41,1.6462073000147939,50,1000,0.032924146000295876,0.032924146000295876
06_core_observation_only,Only core observation features,2,42,1.6781157000223175,50,1000,0.03356231400044635,0.03356231400044635
06_core_observation_only,Only core observation features,3,43,1.6649731999495998,50,1000,0.033299463998991995,0.033299463998991995
06_core_observation_only,Only core observation features,4,44,1.6621630999725312,50,1000,0.03324326199945062,0.03324326199945062
06_core_observation_only,Only core observation features,5,45,1.7108024000190198,50,1000,0.034216048000380396,0.034216048000380396
06_core_observation_only,Only core observation features,6,46,1.686128000030294,50,1000,0.03372256000060588,0.03372256000060588
06_core_observation_only,Only core observation features,7,47,1.6951453000074252,50,1000,0.0339029060001485,0.0339029060001485
06_core_observation_only,Only core observation features,8,48,1.757247000001371,50,1000,0.035144940000027415,0.035144940000027415
06_core_observation_only,Only core observation features,9,49,1.6876632999628782,50,1000,0.03375326599925756,0.03375326599925756
06_core_observation_only,Only core observation features,10,50,1.6560941999778152,50,1000,0.033121883999556304,0.033121883999556304
06_core_observation_only,Only core observation features,11,51,1.7398773999884725,50,1000,0.034797547999769446,0.034797547999769446
06_core_observation_only,Only core observation features,12,52,1.7436510999687016,50,1000,0.03487302199937403,0.03487302199937403
06_core_observation_only,Only core observation features,13,53,1.864352700067684,50,1000,0.03728705400135368,0.03728705400135368
06_core_observation_only,Only core observation features,14,54,1.7405454000690952,50,1000,0.0348109080013819,0.0348109080013819
06_core_observation_only,Only core observation features,15,55,1.71633260010276,50,1000,0.034326652002055195,0.034326652002055195
06_core_observation_only,Only core observation features,16,56,1.8245468999957666,50,1000,0.03649093799991533,0.03649093799991533
06_core_observation_only,Only core observation features,17,57,1.6960897999815643,50,1000,0.033921795999631285,0.033921795999631285
06_core_observation_only,Only core observation features,18,58,1.6577217999147251,50,1000,0.033154435998294506,0.033154435998294506
06_core_observation_only,Only core observation features,19,59,1.6775140999816358,50,1000,0.03355028199963272,0.03355028199963272
06_core_observation_only,Only core observation features,20,60,1.6339636000338942,50,1000,0.032679272000677884,0.032679272000677884
06_core_observation_only,Only core observation features,21,61,1.6352665000595152,50,1000,0.0327053300011903,0.0327053300011903
06_core_observation_only,Only core observation features,22,62,1.7108271000906825,50,1000,0.03421654200181365,0.03421654200181365
06_core_observation_only,Only core observation features,23,63,1.6756159999640658,50,1000,0.033512319999281316,0.033512319999281316
06_core_observation_only,Only core observation features,24,64,1.6812081999378279,50,1000,0.033624163998756555,0.033624163998756555
06_core_observation_only,Only core observation features,25,65,1.688336000079289,50,1000,0.03376672000158578,0.03376672000158578
06_core_observation_only,Only core observation features,26,66,1.7233175999717787,50,1000,0.034466351999435575,0.034466351999435575
06_core_observation_only,Only core observation features,27,67,1.6875196000328287,50,1000,0.033750392000656576,0.033750392000656576
06_core_observation_only,Only core observation features,28,68,1.6656328999670222,50,1000,0.033312657999340446,0.033312657999340446
06_core_observation_only,Only core observation features,29,69,1.6439616999123245,50,1000,0.03287923399824649,0.03287923399824649
06_core_observation_only,Only core observation features,30,70,1.6466858999338,50,1000,0.032933717998676004,0.032933717998676004
06_core_observation_only,Only core observation features,31,71,1.6387304000090808,50,1000,0.032774608000181615,0.032774608000181615
06_core_observation_only,Only core observation features,32,72,1.6088432000251487,50,1000,0.03217686400050297,0.03217686400050297
06_core_observation_only,Only core observation features,33,73,1.6518054000334814,50,1000,0.033036108000669626,0.033036108000669626
06_core_observation_only,Only core observation features,34,74,1.6847751999739558,50,1000,0.03369550399947911,0.03369550399947911
06_core_observation_only,Only core observation features,35,75,1.6208438000176102,50,1000,0.0324168760003522,0.0324168760003522
06_core_observation_only,Only core observation features,36,76,1.6215366999385878,50,1000,0.032430733998771756,0.032430733998771756
06_core_observation_only,Only core observation features,37,77,1.6217739999992773,50,1000,0.03243547999998555,0.03243547999998555
06_core_observation_only,Only core observation features,38,78,1.6537219999590889,50,1000,0.033074439999181776,0.033074439999181776
06_core_observation_only,Only core observation features,39,79,1.688607900054194,50,1000,0.03377215800108388,0.03377215800108388
06_core_observation_only,Only core observation features,40,80,1.7466503999894485,50,1000,0.03493300799978897,0.03493300799978897
06_core_observation_only,Only core observation features,41,81,1.7154916999861598,50,1000,0.0343098339997232,0.0343098339997232
06_core_observation_only,Only core observation features,42,82,1.6294233000371605,50,1000,0.03258846600074321,0.03258846600074321
06_core_observation_only,Only core observation features,43,83,1.6121777000371367,50,1000,0.03224355400074273,0.03224355400074273
06_core_observation_only,Only core observation features,44,84,1.651960299932398,50,1000,0.03303920599864796,0.03303920599864796
06_core_observation_only,Only core observation features,45,85,1.659173799911514,50,1000,0.03318347599823028,0.03318347599823028
06_core_observation_only,Only core observation features,46,86,1.6763446000404656,50,1000,0.033526892000809314,0.033526892000809314
06_core_observation_only,Only core observation features,47,87,1.6639509999658912,50,1000,0.03327901999931782,0.03327901999931782
06_core_observation_only,Only core observation features,48,88,1.6665775999426842,50,1000,0.03333155199885368,0.03333155199885368
06_core_observation_only,Only core observation features,49,89,1.6677456999896094,50,1000,0.033354913999792186,0.033354913999792186
06_core_observation_only,Only core observation features,50,90,1.6722534999717027,50,1000,0.03344506999943406,0.03344506999943406
06_core_observation_only,Only core observation features,51,91,1.664932299987413,50,1000,0.03329864599974826,0.03329864599974826
06_core_observation_only,Only core observation features,52,92,1.646449699997902,50,1000,0.03292899399995804,0.03292899399995804
06_core_observation_only,Only core observation features,53,93,1.6259644998935983,50,1000,0.032519289997871965,0.032519289997871965
06_core_observation_only,Only core observation features,54,94,1.6494309999980032,50,1000,0.03298861999996006,0.03298861999996006
06_core_observation_only,Only core observation features,55,95,1.639010800048709,50,1000,0.03278021600097418,0.03278021600097418
06_core_observation_only,Only core observation features,56,96,1.7189989000326023,50,1000,0.034379978000652046,0.034379978000652046
06_core_observation_only,Only core observation features,57,97,1.7235739000607282,50,1000,0.03447147800121456,0.03447147800121456
06_core_observation_only,Only core observation features,58,98,1.7067256000591442,50,1000,0.034134512001182886,0.034134512001182886
06_core_observation_only,Only core observation features,59,99,1.6783231999725103,50,1000,0.03356646399945021,0.03356646399945021
06_core_observation_only,Only core observation features,60,100,1.688529400038533,50,1000,0.03377058800077066,0.03377058800077066
06_core_observation_only,Only core observation features,61,101,1.6919309999793768,50,1000,0.03383861999958754,0.03383861999958754
06_core_observation_only,Only core observation features,62,102,1.7204687000485137,50,1000,0.03440937400097027,0.03440937400097027
06_core_observation_only,Only core observation features,63,103,1.6872219999786466,50,1000,0.03374443999957293,0.03374443999957293
06_core_observation_only,Only core observation features,64,104,1.6557307000039145,50,1000,0.03311461400007829,0.03311461400007829
06_core_observation_only,Only core observation features,65,105,1.678128800005652,50,1000,0.03356257600011304,0.03356257600011304
06_core_observation_only,Only core observation features,66,106,1.665613800054416,50,1000,0.03331227600108832,0.03331227600108832
06_core_observation_only,Only core observation features,67,107,1.6699859000509605,50,1000,0.03339971800101921,0.03339971800101921
06_core_observation_only,Only core observation features,68,108,1.6514454000862315,50,1000,0.03302890800172463,0.03302890800172463
06_core_observation_only,Only core observation features,69,109,1.6427066000178456,50,1000,0.03285413200035691,0.03285413200035691
06_core_observation_only,Only core observation features,70,110,1.6431455999845639,50,1000,0.032862911999691276,0.032862911999691276
06_core_observation_only,Only core observation features,71,111,1.6603344000177458,50,1000,0.033206688000354916,0.033206688000354916
06_core_observation_only,Only core observation features,72,112,1.685538199963048,50,1000,0.03371076399926096,0.03371076399926096
06_core_observation_only,Only core observation features,73,113,1.6653813000302762,50,1000,0.03330762600060552,0.03330762600060552
06_core_observation_only,Only core observation features,74,114,1.6913012999575585,50,1000,0.03382602599915117,0.03382602599915117
06_core_observation_only,Only core observation features,75,115,1.642147299950011,50,1000,0.03284294599900022,0.03284294599900022
06_core_observation_only,Only core observation features,76,116,1.641205899999477,50,1000,0.03282411799998954,0.03282411799998954
06_core_observation_only,Only core observation features,77,117,1.6414409999269992,50,1000,0.03282881999853998,0.03282881999853998
06_core_observation_only,Only core observation features,78,118,1.6534966001054272,50,1000,0.033069932002108546,0.033069932002108546
06_core_observation_only,Only core observation features,79,119,1.647724000038579,50,1000,0.032954480000771585,0.032954480000771585
06_core_observation_only,Only core observation features,80,120,1.665877899969928,50,1000,0.03331755799939856,0.03331755799939856
