dataset_id,parameter,wasserstein_distance,wasserstein_over_mcmc_sd,ks_statistic
dataset_0000,beta0,0.036076086432170903,1.0769468438324528,0.3285
dataset_0000,sigma2_w,0.05367192489528437,0.4252923162941087,0.1478
dataset_0000,eta_raw,0.024477286084740715,0.10771160602570096,0.0737
dataset_0000,eta,0.01586728064542773,0.10771160583934167,0.0737
dataset_0000,rho,0.028354437107643085,0.1737533318118967,0.0991
dataset_0001,beta0,0.010526438022480947,0.9431996633970313,0.3303
dataset_0001,sigma2_w,0.030668351921176396,0.17986095711421954,0.1
dataset_0001,eta_raw,0.14753421670763495,1.4070150699162007,0.4347
dataset_0001,eta,0.10683819588398477,1.4070150683644103,0.4347
dataset_0001,rho,0.05539679245082711,0.36246918172523585,0.1332
dataset_0002,beta0,0.01724541861729511,1.2070981503615599,0.419
dataset_0002,sigma2_w,0.056692213392564604,0.4798632163522206,0.2228
dataset_0002,eta_raw,0.02627556021739648,0.18250065391633727,0.1152
dataset_0002,eta,0.019327069361875882,0.18250065356451425,0.1152
dataset_0002,rho,0.03771171417002826,0.5925429953679596,0.239
dataset_0003,beta0,0.0035225572542521683,0.2167764186406976,0.0922
dataset_0003,sigma2_w,0.034149904473822296,0.2796823502923985,0.1724
dataset_0003,eta_raw,0.13401054810326063,1.0504262975920537,0.4503
dataset_0003,eta,0.08298595941763828,1.0504262907245894,0.4503
dataset_0003,rho,0.059042835983212305,0.6458129776927447,0.2403
dataset_0004,beta0,0.005673532015317444,0.9856056459177924,0.2611
dataset_0004,sigma2_w,0.05508070568703076,0.6246846288669048,0.1316
dataset_0004,eta_raw,0.14110626530039364,1.6617894760536567,0.5699
dataset_0004,eta,0.10862024841997457,1.6617894788149215,0.5699
dataset_0004,rho,0.04656942314648942,0.45727381043770926,0.14
dataset_0005,beta0,0.018121198351307266,1.3386487372064457,0.3951
dataset_0005,sigma2_w,0.049031402477091195,0.27256939862696344,0.156
dataset_0005,eta_raw,0.040526699126748604,0.44401837931112875,0.1615
dataset_0005,eta,0.03150100468250511,0.4440183795108875,0.1615
dataset_0005,rho,0.03247277767812841,0.49273364424006355,0.1715
dataset_0006,beta0,0.004756846600721001,0.19338449270593913,0.0882
dataset_0006,sigma2_w,0.010344577729682032,0.07083248769539366,0.0413
dataset_0006,eta_raw,0.16094120087375366,0.7670724073098742,0.4498
dataset_0006,eta,0.12303335483002566,0.7670724086099424,0.4498
dataset_0006,rho,0.027938617689772252,0.25330009639213286,0.1007
dataset_0007,beta0,0.03167975919373406,1.461807852884795,0.4279
dataset_0007,sigma2_w,0.014717477117086313,0.2690828120036154,0.2136
dataset_0007,eta_raw,0.08870901265390702,0.3176785801853987,0.1612
dataset_0007,eta,0.0645456751054995,0.3176785805731803,0.1612
dataset_0007,rho,0.039841369977316604,0.2809580044785338,0.1916
dataset_0008,beta0,0.012323417855929972,0.9888073112688669,0.3372
dataset_0008,sigma2_w,0.15610802833397014,0.8028237370981418,0.3658
dataset_0008,eta_raw,0.028854159106517615,0.22414404959112588,0.217
dataset_0008,eta,0.02023974445855378,0.22414404951904124,0.217
dataset_0008,rho,0.05096750211916454,0.6514053488173925,0.2462
dataset_0009,beta0,0.00968796324218136,0.8669518296451297,0.2466
dataset_0009,sigma2_w,0.04618912060189235,0.2759003362647355,0.0912
dataset_0009,eta_raw,0.1386175678099142,0.8630131527453433,0.3601
dataset_0009,eta,0.1051452643201523,0.8630131524645156,0.3601
dataset_0009,rho,0.023370200940160003,0.3423398870622552,0.109
dataset_0010,beta0,0.005114264750274712,0.28379187619886515,0.0723
dataset_0010,sigma2_w,0.007687023379246958,0.0333544229191737,0.0191
dataset_0010,eta_raw,0.09976834435890794,0.5994246163330544,0.2898
dataset_0010,eta,0.05840992362717822,0.599424615997664,0.2898
dataset_0010,rho,0.04250014681924243,0.36428031484378126,0.1274
dataset_0011,beta0,0.013166983231685574,0.8177622132102563,0.2836
dataset_0011,sigma2_w,0.025569285035835908,0.11430478510064258,0.0647
dataset_0011,eta_raw,0.10052095564739148,1.560633820742385,0.5074
dataset_0011,eta,0.0724871323647042,1.5606338223826937,0.5074
dataset_0011,rho,0.01333646913844887,0.19322235278647218,0.0664
dataset_0012,beta0,0.010212899481645983,1.2287053049961287,0.3992
dataset_0012,sigma2_w,0.007151858874751572,0.5837022033747896,0.0821
dataset_0012,eta_raw,0.11510324087092964,0.7738339877817617,0.331
dataset_0012,eta,0.08295964233584509,0.7738339861375607,0.331
dataset_0012,rho,0.04261819960519864,0.5863057666786757,0.1242
dataset_0013,beta0,0.004337656801671002,0.3292316653479751,0.1291
dataset_0013,sigma2_w,0.0056101871093609465,0.27704015550778105,0.1131
dataset_0013,eta_raw,0.033425510929844915,0.1214229150738463,0.0806
dataset_0013,eta,0.02383635189833833,0.12142291459174477,0.0806
dataset_0013,rho,0.010685236619511412,0.2558051726016241,0.1266
dataset_0014,beta0,0.005384637676436434,0.31618296766962906,0.1011
dataset_0014,sigma2_w,0.19742571407228554,0.8182960750357369,0.3956
dataset_0014,eta_raw,0.09932954110870908,1.2573108846057452,0.3614
dataset_0014,eta,0.06873455963982494,1.2573108866650626,0.3614
dataset_0014,rho,0.09912391684515579,1.0529714449287426,0.3203
dataset_0015,beta0,0.009671080157200996,1.3508292000037343,0.3549
dataset_0015,sigma2_w,0.08000421006577295,0.47747184574231905,0.426
dataset_0015,eta_raw,0.21715977871965494,2.079653644323865,0.454
dataset_0015,eta,0.1565631563611588,2.079653646388601,0.454
dataset_0015,rho,0.3372656566188904,2.5127295526219804,0.5112
dataset_0016,beta0,0.004216696783817691,0.5244270026414186,0.1291
dataset_0016,sigma2_w,0.04010038925938806,0.663540159939696,0.406
dataset_0016,eta_raw,0.09880511359468477,1.0913391822973508,0.3183
dataset_0016,eta,0.08278692441330666,1.0913391834539745,0.3183
dataset_0016,rho,0.1283373943774723,1.0853458492719728,0.3529
dataset_0017,beta0,0.045017469564338705,1.5983848670341472,0.4723
dataset_0017,sigma2_w,0.13355228566016752,0.8274656243052011,0.3663
dataset_0017,eta_raw,0.16340805234049938,0.6571162418355246,0.2918
dataset_0017,eta,0.1126999440974894,0.6571162417801392,0.2918
dataset_0017,rho,0.10334215808300296,1.5503620941225724,0.635
dataset_0018,beta0,0.006567736603546986,1.0297610736260996,0.2898
dataset_0018,sigma2_w,0.06466021972619974,0.32977867560208884,0.296
dataset_0018,eta_raw,0.08370697281371545,0.8080595923097011,0.2405
dataset_0018,eta,0.06558580163817718,0.8080595934095889,0.2405
dataset_0018,rho,0.09106710559536685,1.5410568759301895,0.3163
dataset_0019,beta0,0.007259775437965937,2.102150412438266,0.3513
dataset_0019,sigma2_w,0.054396352742394835,0.3446196952925194,0.381
dataset_0019,eta_raw,0.2665919751169755,9.96753274390524,0.7843
dataset_0019,eta,0.17337980054010801,9.967532752681631,0.7843
dataset_0019,rho,0.12356982423442825,3.8978735055393128,0.3825
dataset_0020,beta0,0.006641045896449296,0.3594869698630205,0.1335
dataset_0020,sigma2_w,0.06017541249965981,0.4778722570864605,0.2075
dataset_0020,eta_raw,0.19409917839619287,0.8028960387761641,0.414
dataset_0020,eta,0.15446615657037088,0.8028960383737163,0.414
dataset_0020,rho,0.01740187965523471,0.3327103466838515,0.0956
dataset_0021,beta0,0.003226488596059484,0.2739417475886737,0.0793
dataset_0021,sigma2_w,0.03134693554846332,0.17779943748087915,0.0881
dataset_0021,eta_raw,0.05300128490234083,0.6012250283941771,0.2572
dataset_0021,eta,0.03887372253493661,0.6012250262533816,0.2572
dataset_0021,rho,0.05123241830939556,0.7199576238123756,0.2414
dataset_0022,beta0,0.016241939887067715,0.9869298722218396,0.3275
dataset_0022,sigma2_w,0.015662619978476545,0.221202332774423,0.1181
dataset_0022,eta_raw,0.09252864228953094,0.469792061009279,0.3313
dataset_0022,eta,0.06175131078584291,0.4697920611582837,0.3313
dataset_0022,rho,0.04201529181634632,0.48371298333858864,0.2125
dataset_0023,beta0,0.004347224669352093,0.5128935317397059,0.1305
dataset_0023,sigma2_w,0.07498416325497559,0.4818374569996162,0.1676
dataset_0023,eta_raw,0.07732587819147822,0.9365028519705606,0.397
dataset_0023,eta,0.0529941431047797,0.9365028529650363,0.397
dataset_0023,rho,0.022407505135978677,0.286704181990856,0.0913
dataset_0024,beta0,0.011333670101118846,1.7190332483556456,0.3319
dataset_0024,sigma2_w,0.12365517580649643,4.1497227861650225,0.4979
dataset_0024,eta_raw,0.02232509427712518,0.22398662438770797,0.1399
dataset_0024,eta,0.016054478204953773,0.2239866236560518,0.1399
dataset_0024,rho,0.16487591283532887,1.9456997556752633,0.5436
dataset_0025,beta0,0.007653202592718525,0.5168007655036672,0.1951
dataset_0025,sigma2_w,0.03700474156231043,0.20494947697261462,0.0774
dataset_0025,eta_raw,0.14478312690231265,1.5804042352334111,0.492
dataset_0025,eta,0.11356456028487172,1.5804042350041811,0.492
dataset_0025,rho,0.04172482931046882,0.33987302829357935,0.1585
dataset_0026,beta0,0.004537516506899975,0.24007150713105685,0.0796
dataset_0026,sigma2_w,0.03593618155083573,0.24155515475158135,0.0922
dataset_0026,eta_raw,0.09692405067783666,0.5890757195840123,0.2957
dataset_0026,eta,0.08512908230662003,0.5890757198406595,0.2957
dataset_0026,rho,0.04285407166238307,0.3620607843268059,0.1553
dataset_0027,beta0,0.0033720413910984844,0.36070299119951765,0.1133
dataset_0027,sigma2_w,0.07815671892639765,1.7458934543386908,0.3645
dataset_0027,eta_raw,0.1374936119597722,0.5524509903543514,0.4487
dataset_0027,eta,0.09980461227430194,0.5524509890771482,0.4487
dataset_0027,rho,0.12850362994029071,1.5484625553794513,0.4705
dataset_0028,beta0,0.007370386696192644,2.3811461032015773,0.2989
dataset_0028,sigma2_w,0.031929356751857534,0.1645942866532643,0.1271
dataset_0028,eta_raw,0.2188661305758149,2.08763492567907,0.586
dataset_0028,eta,0.16113787587579462,2.0876349248316917,0.586
dataset_0028,rho,0.039378711804919996,0.5463222585938767,0.1431
dataset_0029,beta0,0.01656640818980076,2.3768678802583763,0.5262
dataset_0029,sigma2_w,0.05134669855535471,0.2898559222407921,0.3774
dataset_0029,eta_raw,0.2582552855709047,2.556082528781183,0.5954
dataset_0029,eta,0.1597551522713767,2.5560825274592247,0.5954
dataset_0029,rho,0.14677103758664034,2.828713605410963,0.3805
dataset_0030,beta0,0.015558868990625238,0.8237661090244099,0.2458
dataset_0030,sigma2_w,0.0065920661049305275,0.1456636786199297,0.0428
dataset_0030,eta_raw,0.057328433637586294,0.2097930765226304,0.1403
dataset_0030,eta,0.03976721480740188,0.20979307697133784,0.1403
dataset_0030,rho,0.019583343375654958,0.26553280728573486,0.0881
dataset_0031,beta0,0.007278739419177399,0.743600043628525,0.2311
dataset_0031,sigma2_w,0.003527108991906407,0.09120982565244579,0.0352
dataset_0031,eta_raw,0.042463611611647065,0.4479093810896494,0.151
dataset_0031,eta,0.030027980171847147,0.4479093803681254,0.151
dataset_0031,rho,0.01056241894996289,0.24758837554622845,0.0752
dataset_0032,beta0,0.007528503525798307,1.193888264077043,0.3216
dataset_0032,sigma2_w,0.1537773742734807,0.8208637783614928,0.4165
dataset_0032,eta_raw,0.032847998112551145,0.35396642620351526,0.1451
dataset_0032,eta,0.024934085902840235,0.35396642659568217,0.1451
dataset_0032,rho,0.08185333028497432,1.362222073578327,0.3355
dataset_0033,beta0,0.03059482041558181,2.5567535626668847,0.6274
dataset_0033,sigma2_w,0.046430248610994575,0.33394139799556916,0.1178
dataset_0033,eta_raw,0.12450696701718636,0.9896564105545376,0.4343
dataset_0033,eta,0.09741595196622674,0.9896564107835902,0.4343
dataset_0033,rho,0.03548915250447958,0.3607163678949179,0.1626
dataset_0034,beta0,0.005397431609186173,0.6034436067398385,0.2203
dataset_0034,sigma2_w,0.011219179529916575,0.5749445692312414,0.0919
dataset_0034,eta_raw,0.13399737903379483,0.8866798374015102,0.3884
dataset_0034,eta,0.09253397850760292,0.8866798366406324,0.3884
dataset_0034,rho,0.04523182391556882,0.5287809370921052,0.1522
dataset_0035,beta0,0.04631739425844544,2.3932796334669484,0.6299
dataset_0035,sigma2_w,0.0050486107440871255,0.10398359855134744,0.0531
dataset_0035,eta_raw,0.027908751412761168,0.10257547003699284,0.0559
dataset_0035,eta,0.018311603152212176,0.10257547000631259,0.0559
dataset_0035,rho,0.005545342957105081,0.12535333117638883,0.0631
dataset_0036,beta0,0.005072522679105539,0.5114497807258562,0.111
dataset_0036,sigma2_w,0.07566649233503271,0.4124428989054054,0.2722
dataset_0036,eta_raw,0.1263022992776767,6.255971457524128,0.4407
dataset_0036,eta,0.08685435419493258,6.255971479651282,0.4407
dataset_0036,rho,0.06871266313235339,0.8204580192367005,0.2749
dataset_0037,beta0,0.005662571737429244,0.7165447040389684,0.2443
dataset_0037,sigma2_w,0.06950542417438402,0.8091303716344035,0.179
dataset_0037,eta_raw,0.14828774014834845,1.5224625643029062,0.4403
dataset_0037,eta,0.10769764723871263,1.522462566326843,0.4403
dataset_0037,rho,0.04650262234502378,0.43475300796527416,0.2236
dataset_0038,beta0,0.061906374943593474,8.680701277249302,0.9179
dataset_0038,sigma2_w,0.06795873258602932,0.41051926322811166,0.1425
dataset_0038,eta_raw,0.11540922626264505,10.029705453867512,0.5104
dataset_0038,eta,0.08233061083735782,10.029705460088278,0.5104
dataset_0038,rho,0.02163707734853025,0.30432908645793105,0.0945
dataset_0039,beta0,0.024758557854257093,1.9012898159029719,0.5059
dataset_0039,sigma2_w,0.10023416807157001,0.49979319411182266,0.3355
dataset_0039,eta_raw,0.047994110217342886,0.278670378515946,0.1366
dataset_0039,eta,0.03098348541117585,0.2786703798462729,0.1366
dataset_0039,rho,0.18928038730173474,1.452439239682277,0.3565
dataset_0040,beta0,0.009058543851426641,1.2302743898302742,0.3781
dataset_0040,sigma2_w,0.05921652752981879,0.23023781839376856,0.1705
dataset_0040,eta_raw,0.22347925195761967,2.4038851238691383,0.5975
dataset_0040,eta,0.2043828184285802,2.40388512771293,0.5975
dataset_0040,rho,0.050840422744067484,0.5588418408774667,0.1615
dataset_0041,beta0,0.00577312959040787,0.572082430825607,0.1808
dataset_0041,sigma2_w,0.1991747449094407,0.8906698069217281,0.4116
dataset_0041,eta_raw,0.048190684369651286,1.4400199542823426,0.3321
dataset_0041,eta,0.03784195340201607,1.4400199469976471,0.3321
dataset_0041,rho,0.09631001616475798,1.818340998551229,0.4709
dataset_0042,beta0,0.015370294108352766,1.7079912255265244,0.4723
dataset_0042,sigma2_w,0.08045686014635312,0.42472348472558263,0.2058
dataset_0042,eta_raw,0.0637744351544236,0.5613320388928926,0.1788
dataset_0042,eta,0.05232457214416455,0.5613320393364872,0.1788
dataset_0042,rho,0.038378889595742025,0.32894741547118456,0.1931
dataset_0043,beta0,0.01003507872177775,0.9539854674778796,0.2535
dataset_0043,sigma2_w,0.1604493110311649,1.8663856153787541,0.7773
dataset_0043,eta_raw,0.25991200182216945,1.0671581775123264,0.5259
dataset_0043,eta,0.17554048109973758,1.067158178052627,0.5259
dataset_0043,rho,0.1323535593656987,1.7177384500150088,0.6196
dataset_0044,beta0,0.028898757487048628,2.1821374818043484,0.5628
dataset_0044,sigma2_w,0.01982305593884585,0.4796579062735579,0.1532
dataset_0044,eta_raw,0.12098229553396617,0.8719957395406561,0.3314
dataset_0044,eta,0.09579487299617354,0.8719957380705377,0.3314
dataset_0044,rho,0.029425197570897517,0.44248297113658447,0.1573
dataset_0045,beta0,0.0672908854025414,2.3075821153449616,0.6017
dataset_0045,sigma2_w,0.027365064219833386,0.28169853442956844,0.1324
dataset_0045,eta_raw,0.07264478929048636,0.2806821408541867,0.1369
dataset_0045,eta,0.06082100942734789,0.28068214096095645,0.1369
dataset_0045,rho,0.06017069129443237,0.5520232103369577,0.2829
dataset_0046,beta0,0.02464963717368755,1.2242833498675634,0.3952
dataset_0046,sigma2_w,0.035200632987062934,0.1632193007583131,0.0508
dataset_0046,eta_raw,0.15311860635047253,1.1160239612737906,0.4703
dataset_0046,eta,0.07886041541455327,1.1160239642297336,0.4703
dataset_0046,rho,0.03028702712719026,0.2858923639319703,0.0793
dataset_0047,beta0,0.0016825534473803732,0.14178078854390713,0.0609
dataset_0047,sigma2_w,0.1215357915396865,0.7066443359231586,0.4464
dataset_0047,eta_raw,0.18895592884316487,1.636702620365068,0.5766
dataset_0047,eta,0.14151020939561662,1.6367026201951547,0.5766
dataset_0047,rho,0.1056102995874034,0.5976302364257294,0.271
dataset_0048,beta0,0.015425772237483001,1.013312761587573,0.341
dataset_0048,sigma2_w,0.1497995533873881,2.037783887872306,0.4308
dataset_0048,eta_raw,0.04868595165945337,0.2803916289038703,0.1418
dataset_0048,eta,0.03218216048255641,0.280391628860783,0.1418
dataset_0048,rho,0.22366809030803264,1.5514427923921452,0.5613
dataset_0049,beta0,0.009569933457442224,1.0099079946914418,0.3241
dataset_0049,sigma2_w,0.04124087521546066,0.2943615975350527,0.243
dataset_0049,eta_raw,0.22897443708460835,2.103454654418489,0.6409
dataset_0049,eta,0.15575624145188743,2.1034546522631197,0.6409
dataset_0049,rho,0.07863432507035713,0.8169959173480439,0.2867
dataset_0050,beta0,0.033024633458337824,1.2177083754265547,0.2355
dataset_0050,sigma2_w,0.3437400346836112,1.478078410337569,0.5704
dataset_0050,eta_raw,0.24662765528445169,2.2186501439030932,0.5263
dataset_0050,eta,0.1628322510098225,2.21865014318551,0.5263
dataset_0050,rho,0.1375086354013218,2.8347526306700446,0.731
dataset_0051,beta0,0.00360827461517791,0.3600180331286861,0.0743
dataset_0051,sigma2_w,0.013048924797417635,0.26949555115900664,0.0736
dataset_0051,eta_raw,0.13601327070056735,1.2141985444089576,0.5884
dataset_0051,eta,0.09746650977070813,1.2141985417881171,0.5884
dataset_0051,rho,0.0499031153720552,0.5638175244511974,0.1876
dataset_0052,beta0,0.0039058611411878744,0.2796410451569372,0.1091
dataset_0052,sigma2_w,0.016843123673865125,0.19721654137976702,0.0989
dataset_0052,eta_raw,0.155891972093043,0.9763271954361721,0.3859
dataset_0052,eta,0.11883697294190113,0.9763271955182725,0.3859
dataset_0052,rho,0.05308691245405288,0.5731988713869981,0.2324
dataset_0053,beta0,0.009817263608830853,2.940534445031223,0.5253
dataset_0053,sigma2_w,0.0192103899232815,0.11561925526174921,0.1948
dataset_0053,eta_raw,0.21755049750880778,5.205471322171755,0.419
dataset_0053,eta,0.14556661379089375,5.205471319867225,0.419
dataset_0053,rho,0.06603813829103773,0.5789226963325184,0.1564
dataset_0054,beta0,0.033285617694932323,1.7630656808997396,0.4986
dataset_0054,sigma2_w,0.04324057904785712,0.17775399967599345,0.1044
dataset_0054,eta_raw,0.16164533826263006,2.5645527157887695,0.556
dataset_0054,eta,0.13293053180118622,2.564552716752822,0.556
dataset_0054,rho,0.032928030038930134,0.39471060469217034,0.1225
dataset_0055,beta0,0.0030005614723203665,0.3288689196097238,0.1011
dataset_0055,sigma2_w,0.043949088589041174,0.2546172743170503,0.098
dataset_0055,eta_raw,0.16691334550994863,1.717128843789769,0.7387
dataset_0055,eta,0.11447888482445068,1.7171288404327902,0.7387
dataset_0055,rho,0.03243881103093288,0.4368454627921947,0.1849
dataset_0056,beta0,0.006529581502354127,0.7882647504537902,0.242
dataset_0056,sigma2_w,0.03612699411431883,0.17339108717760554,0.112
dataset_0056,eta_raw,0.08097707053471877,1.3705623574726395,0.2424
dataset_0056,eta,0.052200370675231506,1.3705623528760735,0.2424
dataset_0056,rho,0.025843468413936404,0.2795357804837533,0.0959
dataset_0057,beta0,0.005024110814924026,0.263598681226914,0.0876
dataset_0057,sigma2_w,0.00530727920930221,0.11359289897710614,0.0527
dataset_0057,eta_raw,0.10151378420234367,0.48756395317176504,0.2375
dataset_0057,eta,0.06323746324160545,0.48756395482310216,0.2375
dataset_0057,rho,0.007570698255950418,0.10860006274526517,0.0692
dataset_0058,beta0,0.00546886434749771,0.5866691305859805,0.1875
dataset_0058,sigma2_w,0.004593678797179234,0.13739746675945483,0.0337
dataset_0058,eta_raw,0.11243173098245082,2.5062623280829084,0.4349
dataset_0058,eta,0.08332972465540986,2.5062623253637977,0.4349
dataset_0058,rho,0.0321217078081845,0.5081739245666606,0.1807
dataset_0059,beta0,0.009422139566358149,1.1016556448070662,0.3664
dataset_0059,sigma2_w,0.010662458775764841,0.477148638273792,0.0761
dataset_0059,eta_raw,0.14971980262152337,2.94873687775532,0.5519
dataset_0059,eta,0.10882065756303952,2.948736877274764,0.5519
dataset_0059,rho,0.04743876617390808,0.675221121592022,0.1705
dataset_0060,beta0,0.007279641136611655,0.49539461642897265,0.1714
dataset_0060,sigma2_w,0.009786519366657875,0.20746756670489716,0.0547
dataset_0060,eta_raw,0.040263995448516735,0.16480402996142648,0.1484
dataset_0060,eta,0.030724035276366284,0.164804029821955,0.1484
dataset_0060,rho,0.024671403118409214,0.36137442524150726,0.1243
dataset_0061,beta0,0.004867548439313308,0.49341787417962946,0.1618
dataset_0061,sigma2_w,0.14716356506639727,1.538262561106507,0.3764
dataset_0061,eta_raw,0.09158348743249961,0.6168984067345602,0.3213
dataset_0061,eta,0.07566647458349476,0.6168984065822639,0.3213
dataset_0061,rho,0.09221993117962071,1.1556643902786337,0.4146
dataset_0062,beta0,0.005662675773877607,0.40352997961777554,0.1531
dataset_0062,sigma2_w,0.0033139521332598808,0.14851671980120457,0.0484
dataset_0062,eta_raw,0.08495383146813384,0.28952803815950884,0.1413
dataset_0062,eta,0.06834781678790319,0.28952803739120003,0.1413
dataset_0062,rho,0.007056814830627835,0.16245755311334878,0.0636
dataset_0063,beta0,0.014920818704452218,2.686847974948065,0.5249
dataset_0063,sigma2_w,0.08372964119957912,4.5720026547327635,0.3866
dataset_0063,eta_raw,0.060258772692108525,0.5099559273668377,0.2015
dataset_0063,eta,0.04184057498572234,0.5099559282624221,0.2015
dataset_0063,rho,0.12644906463374528,1.3850390499278433,0.4322
dataset_0064,beta0,0.004453853901365666,0.4064721176028615,0.1491
dataset_0064,sigma2_w,0.032357979811290405,0.31744806159508604,0.1885
dataset_0064,eta_raw,0.10112535691905453,2.6906101907599944,0.3654
dataset_0064,eta,0.07002469198559413,2.690610186830802,0.3654
dataset_0064,rho,0.030527178246314304,0.4157783421997179,0.1619
dataset_0065,beta0,0.008801733425220906,0.38395693994125724,0.152
dataset_0065,sigma2_w,0.058878655660447574,0.3067273412968879,0.1079
dataset_0065,eta_raw,0.12489952052913952,0.7054051762033814,0.3251
dataset_0065,eta,0.10004597483841356,0.7054051753131583,0.3251
dataset_0065,rho,0.06596037439984083,0.5100258014847331,0.2302
dataset_0066,beta0,0.013446639560428053,0.5764510920621762,0.2246
dataset_0066,sigma2_w,0.30769423261763745,1.9792140126490494,0.7517
dataset_0066,eta_raw,0.2752601186855134,2.458568120984434,0.498
dataset_0066,eta,0.2039208235910564,2.4585681204929233,0.498
dataset_0066,rho,0.1652964830602916,4.0550302647194325,0.9732
dataset_0067,beta0,0.004451628935203074,0.2310170913846041,0.0767
dataset_0067,sigma2_w,0.0645969041686695,0.2783602351134824,0.1378
dataset_0067,eta_raw,0.08722354196585706,0.5774633941696867,0.2509
dataset_0067,eta,0.055966722552411155,0.5774633957897941,0.2509
dataset_0067,rho,0.03357680463148737,0.27087446786944025,0.1417
dataset_0068,beta0,0.003635781869815163,0.14762055066943655,0.0605
dataset_0068,sigma2_w,0.15769970534441394,0.8017278002356824,0.3615
dataset_0068,eta_raw,0.08211114542679226,0.6482346987893953,0.2252
dataset_0068,eta,0.060504509812503326,0.6482346995588802,0.2252
dataset_0068,rho,0.05911456496224371,0.755081892892703,0.2975
dataset_0069,beta0,0.006361742846226209,0.40836753633521206,0.1627
dataset_0069,sigma2_w,0.17924491372512064,0.8977969139806892,0.4366
dataset_0069,eta_raw,0.10352055847935368,1.4243306785548493,0.4454
dataset_0069,eta,0.07422466693130957,1.4243306778005473,0.4454
dataset_0069,rho,0.19009672582336226,2.32298128104435,0.6544
dataset_0070,beta0,0.012544561128010567,0.9333292944674888,0.2789
dataset_0070,sigma2_w,0.07971448239491691,0.5921303300760455,0.2016
dataset_0070,eta_raw,0.14098451332993187,4.248914465389029,0.706
dataset_0070,eta,0.10266370646722042,4.248914454981565,0.706
dataset_0070,rho,0.03278515066870564,0.4691034658455067,0.2013
dataset_0071,beta0,0.030050056980947,3.5652174922214837,0.6625
dataset_0071,sigma2_w,0.2023141233865225,0.8588645541118939,0.5368
dataset_0071,eta_raw,0.16169105931236738,6.109000184143734,0.5049
dataset_0071,eta,0.10809174623055912,6.109000179786361,0.5049
dataset_0071,rho,0.18191934053190734,2.8964118380182664,0.5335
dataset_0072,beta0,0.0032638029079769546,0.27536646335925763,0.0837
dataset_0072,sigma2_w,0.11246290848569652,0.5701738732551759,0.2886
dataset_0072,eta_raw,0.17762012901786045,2.253445736287883,0.5622
dataset_0072,eta,0.1236588609256016,2.253445736786521,0.5622
dataset_0072,rho,0.08241389851366186,0.7714489700731965,0.3075
dataset_0073,beta0,0.005069879833931726,0.4579677082031541,0.1426
dataset_0073,sigma2_w,0.05366085419294813,0.5615116654624396,0.2889
dataset_0073,eta_raw,0.03653919890430948,0.3414956199365494,0.1398
dataset_0073,eta,0.027366050576335642,0.34149561951778706,0.1398
dataset_0073,rho,0.037011216277630786,0.571895399133337,0.2493
dataset_0074,beta0,0.15339731534856946,18.036548293839562,0.4986
dataset_0074,sigma2_w,0.04251667254736485,0.33627492241202284,0.1782
dataset_0074,eta_raw,0.11565719773054778,0.4807366327947264,0.2702
dataset_0074,eta,0.08361477578997087,0.48073663325325944,0.2702
dataset_0074,rho,0.08610846411793363,0.7019521252748898,0.2551
dataset_0075,beta0,0.013502938174715496,1.8510517443737913,0.4999
dataset_0075,sigma2_w,0.0481744078422705,0.5022330731252805,0.3835
dataset_0075,eta_raw,0.15226696590191952,4.32677683472233,0.6277
dataset_0075,eta,0.10453866172705482,4.326776833017988,0.6277
dataset_0075,rho,0.12484188855075323,1.3807169488729676,0.3675
dataset_0076,beta0,0.011349931133055881,5.5541358699334396,0.5588
dataset_0076,sigma2_w,0.02912364055060199,0.3172846566119984,0.2819
dataset_0076,eta_raw,0.19777118237059768,0.992457404050954,0.367
dataset_0076,eta,0.16070069709543933,0.9924574050358279,0.367
dataset_0076,rho,0.26782929027727226,17.432392600592667,0.5841
dataset_0077,beta0,0.012061077699205665,0.733782475242337,0.2564
dataset_0077,sigma2_w,0.0496355294666124,0.3621008778054393,0.1802
dataset_0077,eta_raw,0.0790124698080447,0.2918908633102229,0.2973
dataset_0077,eta,0.051438292363439955,0.2918908635480572,0.2973
dataset_0077,rho,0.13425809481238993,0.5870760535464579,0.2572
dataset_0078,beta0,0.040255605316254564,2.343945059949845,0.5864
dataset_0078,sigma2_w,0.022252914043639903,0.2157887331363401,0.1286
dataset_0078,eta_raw,0.09121911842791244,0.7375404952194525,0.2811
dataset_0078,eta,0.06488764559944793,0.7375404961524349,0.2811
dataset_0078,rho,0.07164910705642101,0.7137302393829391,0.3002
dataset_0079,beta0,0.009935487651933613,0.5804915617516723,0.2117
dataset_0079,sigma2_w,0.07240377673111843,0.38988182574991126,0.2923
dataset_0079,eta_raw,0.15527307803406915,1.6102818017594895,0.3016
dataset_0079,eta,0.10413725032281726,1.6102818040207123,0.3016
dataset_0079,rho,0.16152986817001402,1.0489028861375167,0.3549
dataset_0080,beta0,0.011382161372948892,2.932972201148449,0.5535
dataset_0080,sigma2_w,0.02767093776111614,0.17072116323887274,0.2471
dataset_0080,eta_raw,0.24725662601427092,1.6386032504760322,0.628
dataset_0080,eta,0.18933911671793005,1.6386032467086804,0.628
dataset_0080,rho,0.09127314568980563,2.254940246725579,0.2757
dataset_0081,beta0,0.004742153573812219,0.5023921055138367,0.1824
dataset_0081,sigma2_w,0.05789334931079633,0.3964879266914953,0.138
dataset_0081,eta_raw,0.08679559380594629,2.041889403172845,0.5562
dataset_0081,eta,0.07020022842847094,2.0418894111766566,0.5562
dataset_0081,rho,0.03439533155479921,0.4416498867820325,0.168
dataset_0082,beta0,0.004740525399298576,0.3201850721032932,0.1229
dataset_0082,sigma2_w,0.15059575312917975,0.6596914833304874,0.3041
dataset_0082,eta_raw,0.15754810798998448,4.179315414561479,0.663
dataset_0082,eta,0.12024388750622081,4.179315408469176,0.663
dataset_0082,rho,0.04535005314561972,0.5350889306810667,0.2316
dataset_0083,beta0,0.0072446637104092056,0.5467979930090262,0.1989
dataset_0083,sigma2_w,0.031349921620417595,0.1804586443248527,0.1325
dataset_0083,eta_raw,0.03140852999403181,0.47315811604554503,0.2093
dataset_0083,eta,0.020371463561563736,0.4731581194374944,0.2093
dataset_0083,rho,0.05248990665770295,0.5487946329539863,0.1595
dataset_0084,beta0,0.033858931216016304,2.1021100142135585,0.5915
dataset_0084,sigma2_w,0.03287728287459233,0.6034451287429305,0.2481
dataset_0084,eta_raw,0.08183018032733022,0.28952756918227285,0.1432
dataset_0084,eta,0.06298334813029856,0.2895275709774159,0.1432
dataset_0084,rho,0.05886267156367987,1.1105394699506126,0.5403
dataset_0085,beta0,0.0038338478304794166,0.1275677960915916,0.0441
dataset_0085,sigma2_w,0.16049897270794633,1.0933696483733044,0.5339
dataset_0085,eta_raw,0.23333498881537207,1.4299946993548434,0.3961
dataset_0085,eta,0.1527975827987721,1.4299946973422066,0.3961
dataset_0085,rho,0.23766457542500638,2.2923912767612853,0.8226
dataset_0086,beta0,0.03420659381972953,7.684256123505958,0.887
dataset_0086,sigma2_w,0.02737890746886227,0.7168816130246773,0.344
dataset_0086,eta_raw,0.21443735481291618,4.499265470672787,0.6511
dataset_0086,eta,0.15978873003564437,4.499265476118175,0.6511
dataset_0086,rho,0.14217130565172545,1.3109191085929415,0.4457
dataset_0087,beta0,0.0024320477772019526,0.11799268317744292,0.0311
dataset_0087,sigma2_w,0.005134360552166466,0.04456163285341508,0.0265
dataset_0087,eta_raw,0.19975536545308756,2.0900983041618146,0.5434
dataset_0087,eta,0.13642957439734413,2.090098301967455,0.5434
dataset_0087,rho,0.06153086829378156,0.4385714428197017,0.1938
dataset_0088,beta0,0.004413118149875002,0.40230452050383664,0.1355
dataset_0088,sigma2_w,0.010356245052297954,0.3168864424029589,0.07
dataset_0088,eta_raw,0.052450104652194754,0.28691431169498033,0.1838
dataset_0088,eta,0.033400982726933384,0.2869143116288332,0.1838
dataset_0088,rho,0.029967125434268257,0.5288763590811928,0.1532
dataset_0089,beta0,0.007433206955297251,1.0595422188013317,0.1907
dataset_0089,sigma2_w,0.4406150094653444,1.8016318561438667,0.7462
dataset_0089,eta_raw,0.14546657878149907,4.199750325779177,0.6973
dataset_0089,eta,0.0940303299202691,4.199750328780638,0.6973
dataset_0089,rho,0.20423843441324452,6.076768566621391,0.8333
dataset_0090,beta0,0.009953124284589665,0.4468916286041289,0.1441
dataset_0090,sigma2_w,0.04528064052859136,0.5259670170957947,0.1194
dataset_0090,eta_raw,0.11749884905112758,0.4345956901356675,0.203
dataset_0090,eta,0.08106631263749806,0.43459569008804866,0.203
dataset_0090,rho,0.1433128454562833,1.6182428115983587,0.4141
dataset_0091,beta0,0.0037493326018131212,0.4407345023248885,0.1487
dataset_0091,sigma2_w,0.008277331227532202,0.6744314705652772,0.0983
dataset_0091,eta_raw,0.1783415441664537,1.262047456744193,0.4735
dataset_0091,eta,0.13936485692777095,1.2620474580111034,0.4735
dataset_0091,rho,0.08046847251866822,1.2635319997018826,0.3299
dataset_0092,beta0,0.011036593745371626,1.0487609446174875,0.337
dataset_0092,sigma2_w,0.047984497513551924,1.2875049257793163,0.5198
dataset_0092,eta_raw,0.2992514711188769,1.0211507014229952,0.5661
dataset_0092,eta,0.21697660523291623,1.0211507013307357,0.5661
dataset_0092,rho,0.11062411422723321,2.2065185534824248,0.7397
dataset_0093,beta0,0.00941638425486428,0.5574580686876638,0.1762
dataset_0093,sigma2_w,0.05684553203492182,0.28418687772191104,0.1793
dataset_0093,eta_raw,0.13198405399208124,0.3615756453296363,0.2711
dataset_0093,eta,0.08929681314849765,0.36157564570408574,0.2711
dataset_0093,rho,0.04178839896172706,0.24826227275913995,0.1157
dataset_0094,beta0,0.020576134687124062,1.4841992016402774,0.4238
dataset_0094,sigma2_w,0.08374544470838557,0.42013060807865127,0.2315
dataset_0094,eta_raw,0.056770026215149275,1.7665780031840814,0.4137
dataset_0094,eta,0.03909975166257688,1.766578011101494,0.4137
dataset_0094,rho,0.062437391443558206,0.6677370033175507,0.2365
dataset_0095,beta0,0.030324029367081687,4.372192433399205,0.7139
dataset_0095,sigma2_w,0.2010419596675958,0.8579052018015282,0.3914
dataset_0095,eta_raw,0.0626907685160099,1.6793338514094602,0.5119
dataset_0095,eta,0.03983804504168519,1.67933385604254,0.5119
dataset_0095,rho,0.07628764599154211,1.6555529342554411,0.3938
dataset_0096,beta0,0.007437660521034291,0.8181952285700897,0.2756
dataset_0096,sigma2_w,0.07561154667701447,1.599078281453422,0.3108
dataset_0096,eta_raw,0.012578576708181122,0.10598739905728054,0.0504
dataset_0096,eta,0.008643714611353201,0.10598739876615115,0.0504
dataset_0096,rho,0.14700217571210536,1.3031250822410243,0.4198
dataset_0097,beta0,0.0052627758184589125,0.5912812305206322,0.1543
dataset_0097,sigma2_w,0.19506850554672056,0.9374148711079053,0.5204
dataset_0097,eta_raw,0.14794484588221823,9.294664329863386,0.6661
dataset_0097,eta,0.1200180299544418,9.294664341605783,0.6661
dataset_0097,rho,0.18107526751831168,2.4323798213055414,0.5947
dataset_0098,beta0,0.024590857975097812,1.655935220055849,0.4905
dataset_0098,sigma2_w,0.03993648134876526,0.27973722388407646,0.0962
dataset_0098,eta_raw,0.0444390068302083,0.3506515409388632,0.1935
dataset_0098,eta,0.03388331460470485,0.3506515421197732,0.1935
dataset_0098,rho,0.041258811062488895,0.5981655668965581,0.2222
dataset_0099,beta0,0.009111864607893894,2.0179171829192235,0.4059
dataset_0099,sigma2_w,0.09425798778890962,9.248447462190441,0.4566
dataset_0099,eta_raw,0.13937314845186094,1.1755657091408585,0.3903
dataset_0099,eta,0.10675880609966966,1.1755657088101705,0.3903
dataset_0099,rho,0.23542071482228688,1.722431308068815,0.5156
