dataset,N,edge_count,true_eta,true_rho,beta_0_error,beta_0_abs_error,beta_0_zscore,sigma2_w_error,sigma2_w_abs_error,sigma2_w_zscore,eta_error,eta_abs_error,eta_zscore,rho_error,rho_abs_error,rho_zscore
0,138,397,0.3056,0.9808,0.0209,0.0209,-0.2565,0.0186,0.0186,-0.0754,-0.0074,0.0074,0.0474,-0.0429,0.0429,0.4688
1,204,593,0.0606,0.7890,0.0233,0.0233,-0.2348,0.1197,0.1197,-0.6099,0.1981,0.1981,-1.1725,0.0600,0.0600,-0.3495
2,127,362,0.7102,0.8281,0.0013,0.0013,-0.0508,-0.1270,0.1270,0.5986,-0.0533,0.0533,0.7215,-0.1458,0.1458,1.1644
3,205,598,0.6721,0.8599,0.0583,0.0583,-0.5875,-0.1482,0.1482,0.6382,-0.1105,0.1105,1.5289,-0.0574,0.0574,0.7385
4,97,276,0.0617,0.0594,-0.0075,0.0075,0.1922,0.1000,0.1000,-0.8731,0.2621,0.2621,-1.2554,-0.0013,0.0013,0.0257
5,223,650,0.1451,0.5733,0.0031,0.0031,-0.1355,0.0013,0.0013,-0.0075,-0.0241,0.0241,0.2918,-0.0409,0.0409,0.3289
6,205,598,0.0223,0.8939,-0.0252,0.0252,1.6391,-0.1955,0.1955,1.0729,0.1124,0.1124,-1.2204,-0.1664,0.1664,1.1111
7,268,787,0.0609,0.5438,0.0101,0.0101,-0.1511,0.3060,0.3060,-1.4382,0.0258,0.0258,-0.4731,0.1449,0.1449,-1.6419
8,94,266,0.2451,0.8577,-0.0105,0.0105,0.3984,-0.2352,0.2352,1.1008,0.0342,0.0342,-0.1947,-0.1963,0.1963,1.0752
9,132,380,0.4547,0.7167,0.0095,0.0095,-0.1921,-0.0666,0.0666,0.3111,-0.0540,0.0540,0.5288,-0.1200,0.1200,1.2690
10,55,151,0.1328,0.5048,-0.0141,0.0141,0.3289,-0.0040,0.0040,0.0288,0.1864,0.1864,-0.8785,-0.1534,0.1534,0.7280
11,161,466,0.4442,0.9759,0.0106,0.0106,-0.3413,-0.2878,0.2878,1.5880,-0.0921,0.0921,0.4531,-0.2346,0.2346,1.0164
12,79,223,0.2396,0.7592,0.0088,0.0088,-0.4132,0.1290,0.1290,-0.5993,0.0165,0.0165,-0.0870,0.1171,0.1171,-0.6554
13,94,269,0.0139,0.2653,-0.0022,0.0022,0.0442,0.0583,0.0583,-0.4566,0.2128,0.2128,-1.4624,0.0936,0.0936,-0.8484
14,56,156,0.7095,0.1360,0.0310,0.0310,-0.7179,0.1446,0.1446,-0.8738,-0.1423,0.1423,0.7448,0.3499,0.3499,-1.6713
15,208,607,0.3550,0.0958,0.0251,0.0251,-0.3463,0.0688,0.0688,-1.2691,0.0176,0.0176,-0.0876,-0.0258,0.0258,0.5585
16,166,485,0.4904,0.8273,-0.0137,0.0137,0.6653,-0.1340,0.1340,0.5983,-0.0064,0.0064,0.0705,-0.0829,0.0829,0.8775
17,167,479,0.5269,0.8364,-0.0071,0.0071,0.2804,0.0149,0.0149,-0.0725,0.0815,0.0815,-0.7911,-0.0694,0.0694,0.4178
18,102,289,0.6593,0.0116,0.0022,0.0022,-0.0617,0.0215,0.0215,-0.3564,-0.2350,0.2350,1.1641,0.0817,0.0817,-0.9976
19,99,281,0.5103,0.8012,0.0079,0.0079,-0.2764,-0.3127,0.3127,1.4494,-0.0302,0.0302,0.2197,-0.1998,0.1998,1.5913
20,248,726,0.6088,0.3530,0.0006,0.0006,-0.0236,0.0131,0.0131,-0.3698,-0.2906,0.2906,1.6938,-0.0703,0.0703,0.6905
21,274,804,0.2921,0.3062,0.0236,0.0236,-0.4034,0.0129,0.0129,-0.2729,0.0021,0.0021,-0.0133,0.0145,0.0145,-0.1450
22,124,355,0.2938,0.5234,0.0157,0.0157,-0.6137,-0.0435,0.0435,0.2503,-0.0885,0.0885,0.6726,-0.0383,0.0383,0.3076
23,66,186,0.6749,0.5387,0.0006,0.0006,-0.0307,0.1156,0.1156,-0.6158,-0.1315,0.1315,1.0763,0.2212,0.2212,-1.0513
24,195,571,0.1373,0.2931,0.0237,0.0237,-1.3397,0.0535,0.0535,-0.8981,0.1675,0.1675,-1.0721,0.0195,0.0195,-0.2257
25,152,440,0.3853,0.8504,-0.0050,0.0050,0.3720,0.1130,0.1130,-0.5449,-0.0252,0.0252,0.1342,0.0221,0.0221,-0.1186
26,115,333,0.0276,0.9580,-0.0040,0.0040,0.2623,-0.0436,0.0436,0.2133,0.2458,0.2458,-1.6156,-0.1001,0.1001,0.6680
27,239,701,0.2673,0.5122,0.0074,0.0074,-0.2825,-0.0325,0.0325,0.7972,0.0062,0.0062,-0.0397,-0.1918,0.1918,1.7422
28,224,655,0.1862,0.7073,0.0114,0.0114,-0.2283,0.2744,0.2744,-1.1712,-0.0686,0.0686,0.9310,0.0955,0.0955,-1.2877
29,147,427,0.6391,0.0226,-0.0076,0.0076,0.2606,-0.0186,0.0186,0.5666,-0.2796,0.2796,1.4059,0.0543,0.0543,-0.9429
30,83,234,0.0119,0.1217,0.0193,0.0193,-0.5969,-0.0409,0.0409,0.3325,0.2675,0.2675,-1.4821,-0.0100,0.0100,0.1331
31,139,401,0.4439,0.7017,-0.0040,0.0040,0.2517,0.0451,0.0451,-0.3314,-0.1123,0.1123,0.6940,-0.1129,0.1129,0.5210
32,110,313,0.1530,0.1140,-0.0215,0.0215,0.6813,0.0268,0.0268,-0.2349,0.1273,0.1273,-0.6905,0.0331,0.0331,-0.4509
33,93,262,0.5013,0.0189,0.0316,0.0316,-0.6577,0.1227,0.1227,-0.9510,-0.0903,0.0903,0.5161,0.2492,0.2492,-1.4153
34,168,485,0.1341,0.4110,0.0088,0.0088,-0.3763,-0.0830,0.0830,0.5754,0.1240,0.1240,-0.8675,0.0076,0.0076,-0.0670
35,71,195,0.2250,0.6321,0.0203,0.0203,-0.3843,0.1249,0.1249,-0.5940,-0.0317,0.0317,0.2098,0.1068,0.1068,-0.5510
36,97,275,0.4230,0.8448,0.0124,0.0124,-0.1909,-0.0877,0.0877,0.4064,-0.1254,0.1254,0.8533,-0.0934,0.0934,0.6737
37,240,701,0.4336,0.7440,0.0199,0.0199,-0.9676,-0.0182,0.0182,0.1054,-0.1653,0.1653,1.1573,-0.0819,0.0819,0.5445
38,98,276,0.4911,0.4086,0.0137,0.0137,-0.4490,0.0745,0.0745,-0.3861,-0.1426,0.1426,0.9991,0.1771,0.1771,-1.0616
39,44,119,0.2632,0.2717,0.0005,0.0005,-0.0086,-0.4506,0.4506,2.9385,0.1557,0.1557,-0.6124,-0.1016,0.1016,0.7742
40,184,536,0.5459,0.3698,0.0039,0.0039,-0.1726,-0.1373,0.1373,1.9658,-0.0838,0.0838,0.5537,-0.2036,0.2036,2.6711
41,223,653,0.6751,0.1988,-0.0075,0.0075,0.4548,0.0089,0.0089,-0.4490,-0.1913,0.1913,1.1391,-0.0108,0.0108,0.1137
42,213,624,0.0637,0.2080,0.0142,0.0142,-0.6383,0.0046,0.0046,-0.1129,0.0939,0.0939,-0.8410,0.0409,0.0409,-0.5289
43,137,397,0.0461,0.5805,0.0121,0.0121,-0.6190,-0.2271,0.2271,2.8068,0.2948,0.2948,-1.8169,-0.2497,0.2497,2.2646
44,198,571,0.4034,0.1210,-0.0043,0.0043,0.1680,-0.0488,0.0488,1.4553,-0.0728,0.0728,0.3684,-0.0354,0.0354,0.5539
45,167,488,0.2461,0.3282,-0.0349,0.0349,1.6524,0.1619,0.1619,-0.8955,-0.0914,0.0914,0.9202,0.2607,0.2607,-2.0145
46,114,331,0.4000,0.9472,-0.0100,0.0100,0.5800,0.0882,0.0882,-0.4467,0.0760,0.0760,-0.3482,-0.1070,0.1070,0.4981
47,161,470,0.7358,0.7401,0.0009,0.0009,-0.0673,0.1060,0.1060,-0.5921,-0.1286,0.1286,1.3389,0.0324,0.0324,-0.1864
48,136,393,0.6621,0.7125,0.0113,0.0113,-0.5333,0.0029,0.0029,-0.0370,-0.1251,0.1251,0.7330,-0.3642,0.3642,1.3807
49,215,626,0.4138,0.4943,-0.0117,0.0117,0.6745,0.0852,0.0852,-0.4774,-0.0768,0.0768,0.5462,0.0378,0.0378,-0.3448
50,247,723,0.5872,0.4909,-0.0089,0.0089,0.4846,0.0627,0.0627,-0.5329,-0.0812,0.0812,0.7032,-0.0062,0.0062,0.0515
51,76,214,0.7958,0.9155,-0.0179,0.0179,0.5538,0.1458,0.1458,-0.6437,-0.1647,0.1647,1.2990,-0.0809,0.0809,0.5182
52,127,368,0.3482,0.6537,0.0080,0.0080,-0.3287,0.0506,0.0506,-0.3456,-0.0582,0.0582,0.3176,-0.0763,0.0763,0.3308
53,104,296,0.2617,0.2123,0.0293,0.0293,-0.3366,-0.0502,0.0502,0.7622,0.0804,0.0804,-0.3674,-0.0545,0.0545,0.6104
54,163,474,0.5458,0.1011,-0.0109,0.0109,0.4267,0.0506,0.0506,-0.4821,-0.2509,0.2509,1.2221,-0.0309,0.0309,0.7189
55,137,395,0.2876,0.6566,-0.0239,0.0239,0.6046,0.0188,0.0188,-0.1153,-0.1189,0.1189,1.0199,-0.0624,0.0624,0.3378
56,48,130,0.7707,0.9272,0.0088,0.0088,-0.2460,0.1134,0.1134,-0.5424,-0.3739,0.3739,1.4599,-0.1337,0.1337,0.5197
57,40,104,0.3572,0.7494,-0.0034,0.0034,0.1099,0.0638,0.0638,-0.3303,-0.0299,0.0299,0.1566,-0.1820,0.1820,0.5916
58,173,500,0.6417,0.3764,0.0109,0.0109,-0.3712,0.0542,0.0542,-0.6170,-0.1218,0.1218,1.1323,-0.0601,0.0601,0.4689
59,109,314,0.3763,0.7287,-0.0010,0.0010,0.0563,0.1182,0.1182,-0.5814,0.0087,0.0087,-0.0554,0.0666,0.0666,-0.3356
60,274,805,0.5905,0.2661,-0.0549,0.0549,1.5813,0.0188,0.0188,-0.3569,-0.1780,0.1780,0.8916,0.0177,0.0177,-0.1099
61,288,848,0.2618,0.5276,-0.0112,0.0112,0.6937,0.0248,0.0248,-0.3091,-0.0299,0.0299,0.2255,-0.1152,0.1152,0.9808
62,125,361,0.2566,0.3498,0.0245,0.0245,-0.8288,0.0168,0.0168,-0.0824,-0.0739,0.0739,0.6329,0.1052,0.1052,-1.0890
63,89,251,0.5745,0.8620,0.0140,0.0140,-0.2330,0.0643,0.0643,-0.3573,-0.0731,0.0731,0.3609,-0.1414,0.1414,0.5571
64,176,509,0.5792,0.6555,0.0389,0.0389,-0.5870,0.0605,0.0605,-0.3585,-0.0748,0.0748,0.6592,0.0215,0.0215,-0.1450
65,291,853,0.1698,0.3024,-0.0139,0.0139,0.7149,0.1249,0.1249,-1.0122,0.0755,0.0755,-0.5992,0.1312,0.1312,-1.2322
66,141,406,0.3022,0.3023,-0.0234,0.0234,0.8166,0.2426,0.2426,-1.3793,-0.0745,0.0745,0.6459,0.1739,0.1739,-1.6402
67,208,606,0.1176,0.4836,0.0065,0.0065,-0.1177,0.1698,0.1698,-0.8609,-0.0029,0.0029,0.0386,0.0554,0.0554,-0.5430
68,221,650,0.7415,0.9678,-0.0300,0.0300,1.7179,-0.3465,0.3465,3.7107,-0.1003,0.1003,0.6693,-0.4945,0.4945,1.9997
69,154,443,0.0959,0.2455,0.0020,0.0020,-0.0997,0.0054,0.0054,-0.1959,0.1325,0.1325,-0.8070,-0.0827,0.0827,0.7685
70,274,805,0.6607,0.0890,-0.0011,0.0011,0.0388,-0.0029,0.0029,0.3072,-0.2688,0.2688,1.1757,-0.0457,0.0457,0.8693
71,211,617,0.3569,0.7607,0.0013,0.0013,-0.0918,0.0742,0.0742,-0.4581,0.0296,0.0296,-0.1365,-0.0670,0.0670,0.2190
72,285,839,0.4363,0.5266,0.0148,0.0148,-0.7881,0.0041,0.0041,-0.0428,0.0678,0.0678,-0.6093,-0.0200,0.0200,0.1532
73,108,309,0.6708,0.0498,-0.0173,0.0173,0.7314,0.0213,0.0213,-0.9995,-0.2868,0.2868,1.2623,0.0381,0.0381,-0.5477
74,117,334,0.3374,0.9514,-0.0086,0.0086,0.3955,-0.1633,0.1633,0.7685,-0.0352,0.0352,0.2380,-0.1566,0.1566,1.0315
75,280,824,0.0161,0.0869,0.0080,0.0080,-0.1948,-0.0120,0.0120,0.2213,0.3315,0.3315,-1.5886,-0.0264,0.0264,0.6447
76,254,742,0.0106,0.0767,-0.0184,0.0184,0.7123,-0.0484,0.0484,1.4748,0.2883,0.2883,-1.4685,-0.0006,0.0006,0.0130
77,215,624,0.4873,0.3495,0.0167,0.0167,-0.7375,0.0179,0.0179,-0.1857,-0.0075,0.0075,0.0458,0.0510,0.0510,-0.3621
78,60,167,0.0353,0.0363,0.0140,0.0140,-0.1468,0.0794,0.0794,-0.8579,0.2916,0.2916,-1.4227,0.0031,0.0031,-0.0642
79,150,438,0.2857,0.2673,-0.0414,0.0414,1.3546,0.1394,0.1394,-1.0619,-0.0603,0.0603,0.4364,0.0602,0.0602,-0.7879
80,59,163,0.3158,0.1914,0.0193,0.0193,-0.7064,0.1175,0.1175,-0.6252,-0.0081,0.0081,0.0438,0.5086,0.5086,-1.9336
81,299,876,0.6139,0.4092,0.0161,0.0161,-0.3734,-0.0342,0.0342,0.4494,-0.0132,0.0132,0.1253,-0.1063,0.1063,1.1915
82,137,395,0.1484,0.5933,-0.0016,0.0016,0.0711,0.0984,0.0984,-0.5164,0.2554,0.2554,-1.1786,0.2119,0.2119,-0.9205
83,214,626,0.2300,0.6132,-0.0152,0.0152,0.3540,0.0211,0.0211,-0.1160,-0.0235,0.0235,0.1898,-0.0499,0.0499,0.3510
84,115,326,0.0467,0.4849,-0.0148,0.0148,0.2257,-0.1262,0.1262,0.6132,0.1423,0.1423,-1.0609,-0.1226,0.1226,1.3295
85,66,184,0.5291,0.1741,-0.0167,0.0167,0.4187,-0.0781,0.0781,0.7387,-0.0918,0.0918,0.4274,-0.0757,0.0757,0.8558
86,151,434,0.4412,0.2839,-0.0005,0.0005,0.0188,0.0267,0.0267,-0.3621,0.0320,0.0320,-0.1680,0.0937,0.0937,-0.4268
87,220,645,0.1423,0.1920,0.0158,0.0158,-0.8046,0.0392,0.0392,-0.9939,0.1412,0.1412,-0.7634,-0.0168,0.0168,0.2468
88,92,261,0.5383,0.2052,0.0240,0.0240,-0.8720,-0.1131,0.1131,1.4132,-0.1314,0.1314,0.5225,-0.0824,0.0824,1.0812
89,49,134,0.2354,0.8756,-0.0196,0.0196,0.6246,0.0545,0.0545,-0.2239,-0.0139,0.0139,0.0866,-0.0836,0.0836,0.5579
90,146,421,0.5964,0.9479,0.0214,0.0214,-0.5575,-0.3358,0.3358,1.4102,-0.1685,0.1685,1.4650,-0.0987,0.0987,1.0428
91,228,667,0.0302,0.6394,0.0104,0.0104,-0.8467,0.1252,0.1252,-0.6656,0.1641,0.1641,-1.3288,0.1653,0.1653,-1.0652
92,121,345,0.1574,0.5954,-0.0074,0.0074,0.4547,0.0989,0.0989,-0.5154,0.3178,0.3178,-1.2604,0.1956,0.1956,-0.7378
93,295,869,0.2797,0.6060,-0.0045,0.0045,0.3234,0.1128,0.1128,-0.5830,-0.0022,0.0022,0.0131,0.1983,0.1983,-0.9758
94,195,567,0.0089,0.2948,0.0221,0.0221,-0.2748,0.0669,0.0669,-0.4421,0.3546,0.3546,-1.9349,0.3619,0.3619,-1.5438
95,202,592,0.6988,0.9733,0.0022,0.0022,-0.1265,-0.0735,0.0735,0.3457,-0.1330,0.1330,1.0532,-0.0766,0.0766,0.5565
96,80,226,0.2366,0.6981,-0.0174,0.0174,0.5171,0.0591,0.0591,-0.3059,0.0742,0.0742,-0.3239,-0.0394,0.0394,0.1700
97,74,207,0.0553,0.6522,0.0235,0.0235,-0.3172,0.1111,0.1111,-0.5089,0.3874,0.3874,-3.1234,0.0884,0.0884,-0.5710
98,182,529,0.5484,0.8928,0.0140,0.0140,-0.2392,-0.2052,0.2052,1.6300,0.0465,0.0465,-0.9548,-0.2605,0.2605,1.4428
99,76,212,0.5843,0.3884,0.0198,0.0198,-0.6784,0.0169,0.0169,-0.2407,-0.2044,0.2044,0.9339,-0.1599,0.1599,0.7603
100,267,782,0.0667,0.5795,-0.0116,0.0116,0.5362,0.0994,0.0994,-0.5713,0.0925,0.0925,-0.8631,0.0375,0.0375,-0.2540
101,41,112,0.5284,0.1927,0.0001,0.0001,-0.0014,-0.3493,0.3493,1.8741,-0.2337,0.2337,1.2977,-0.0154,0.0154,0.1538
102,138,399,0.7183,0.7410,-0.0013,0.0013,0.0179,-0.2552,0.2552,1.0708,-0.0665,0.0665,0.7755,-0.0075,0.0075,0.1070
103,277,813,0.6464,0.3089,-0.0058,0.0058,0.1507,0.0974,0.0974,-0.4760,-0.3398,0.3398,1.7507,0.5443,0.5443,-2.3699
104,113,324,0.6207,0.4204,-0.0346,0.0346,0.8298,0.1480,0.1480,-0.7717,-0.2774,0.2774,1.7751,0.2191,0.2191,-1.3776
105,155,451,0.4912,0.3450,-0.0208,0.0208,0.6603,0.0443,0.0443,-0.6782,-0.1729,0.1729,1.0148,-0.1381,0.1381,1.6144
106,159,460,0.4514,0.2052,0.0244,0.0244,-0.4310,-0.0262,0.0262,0.8200,-0.0444,0.0444,0.1945,-0.0540,0.0540,0.6656
107,96,273,0.3762,0.6087,-0.0060,0.0060,0.1499,0.1023,0.1023,-0.5448,0.0271,0.0271,-0.1621,0.0287,0.0287,-0.1581
108,236,689,0.6231,0.2504,-0.0039,0.0039,0.2130,0.1176,0.1176,-0.9585,-0.0386,0.0386,0.6096,0.1829,0.1829,-1.7648
109,292,853,0.4336,0.4095,0.0083,0.0083,-0.3048,0.0039,0.0039,-0.0789,-0.0235,0.0235,0.1405,-0.0912,0.0912,0.7887
110,248,726,0.1823,0.5892,0.0132,0.0132,-0.4477,0.0013,0.0013,-0.0070,0.0289,0.0289,-0.2963,-0.0143,0.0143,0.1421
111,65,182,0.5444,0.7578,-0.0052,0.0052,0.1346,-0.3618,0.3618,1.5132,0.0617,0.0617,-0.7335,-0.0952,0.0952,0.7035
112,68,189,0.6415,0.1861,0.0078,0.0078,-0.1119,-0.3013,0.3013,1.8871,-0.2351,0.2351,0.8450,-0.0758,0.0758,0.8541
113,66,185,0.3218,0.2231,0.0427,0.0427,-1.0125,-0.1603,0.1603,1.2278,0.0689,0.0689,-0.3917,-0.1148,0.1148,1.3052
114,94,267,0.4818,0.1468,-0.0022,0.0022,0.0931,-0.0139,0.0139,0.3225,-0.1045,0.1045,0.5645,-0.0118,0.0118,0.0758
115,199,578,0.1521,0.6919,0.0005,0.0005,-0.0265,0.1028,0.1028,-0.4893,-0.0301,0.0301,0.3827,0.0334,0.0334,-0.2981
116,43,118,0.2723,0.9100,0.0045,0.0045,-0.2020,0.0652,0.0652,-0.3346,-0.0686,0.0686,0.4386,-0.1494,0.1494,0.5670
117,202,590,0.1786,0.4696,0.0192,0.0192,-0.8030,0.0056,0.0056,-0.0295,-0.0660,0.0660,0.9071,0.0331,0.0331,-0.3799
118,295,864,0.6302,0.9451,-0.0015,0.0015,0.1298,0.1055,0.1055,-0.5025,-0.2908,0.2908,1.5545,-0.0517,0.0517,0.2908
119,274,802,0.5305,0.2928,-0.0079,0.0079,0.3658,-0.0298,0.0298,0.6944,-0.0990,0.0990,0.4962,-0.1401,0.1401,1.9670
120,231,678,0.1599,0.4551,0.0293,0.0293,-0.6762,0.1302,0.1302,-0.8047,-0.0122,0.0122,0.1365,0.1133,0.1133,-0.9773
121,224,656,0.0176,0.7098,-0.0162,0.0162,0.5358,0.1912,0.1912,-0.8085,0.0974,0.0974,-1.2955,0.0469,0.0469,-0.5126
122,165,478,0.5115,0.5050,-0.0258,0.0258,1.1787,0.1620,0.1620,-0.8452,0.0322,0.0322,-0.3324,0.2283,0.2283,-1.5566
123,145,418,0.0230,0.7119,-0.0239,0.0239,1.0294,0.0193,0.0193,-0.0889,0.1720,0.1720,-1.5011,0.0086,0.0086,-0.0677
124,143,413,0.3613,0.2327,-0.0025,0.0025,0.1000,0.0342,0.0342,-0.7841,-0.1116,0.1116,0.7023,0.0015,0.0015,-0.0140
125,113,324,0.3103,0.0421,0.0110,0.0110,-0.1906,0.0115,0.0115,-0.1565,0.1119,0.1119,-0.4768,0.2279,0.2279,-0.8937
126,215,629,0.3460,0.7358,-0.0136,0.0136,0.6818,0.0230,0.0230,-0.1089,-0.1095,0.1095,0.9022,-0.0312,0.0312,0.2542
127,183,534,0.2015,0.7198,0.0011,0.0011,-0.0290,0.0099,0.0099,-0.0859,-0.0186,0.0186,0.1500,-0.1296,0.1296,0.6099
128,242,708,0.4016,0.4818,0.0121,0.0121,-0.4292,-0.0269,0.0269,0.2531,-0.0107,0.0107,0.0988,-0.0854,0.0854,0.8751
129,115,331,0.1302,0.3769,0.0041,0.0041,-0.1598,0.0083,0.0083,-0.0998,0.1054,0.1054,-0.6155,-0.0238,0.0238,0.1291
130,152,440,0.6041,0.3100,-0.0023,0.0023,0.0812,0.1962,0.1962,-1.2008,-0.0559,0.0559,0.5150,0.2407,0.2407,-1.9039
131,149,431,0.4284,0.3393,-0.0006,0.0006,0.0401,0.0866,0.0866,-0.5403,-0.0652,0.0652,0.3431,0.3918,0.3918,-1.5897
132,178,517,0.1166,0.2312,-0.0005,0.0005,0.0292,-0.0205,0.0205,1.3337,0.2601,0.2601,-1.1736,-0.0898,0.0898,1.1518
133,173,502,0.5117,0.1302,-0.0080,0.0080,0.4330,0.0167,0.0167,-0.2344,-0.1861,0.1861,0.8860,0.2026,0.2026,-0.7695
134,147,424,0.6776,0.2550,0.0228,0.0228,-0.2359,0.0085,0.0085,-0.1237,-0.3617,0.3617,1.9450,-0.0193,0.0193,0.2278
135,247,725,0.4252,0.8633,-0.0118,0.0118,0.6531,-0.4334,0.4334,2.1082,-0.2199,0.2199,2.0411,-0.1781,0.1781,1.5550
136,95,271,0.3981,0.7290,0.0014,0.0014,-0.0244,-0.1538,0.1538,0.6251,0.0561,0.0561,-0.3743,-0.0307,0.0307,0.3211
137,177,514,0.4172,0.4975,-0.0160,0.0160,0.6661,0.0971,0.0971,-0.4830,0.1263,0.1263,-1.1202,0.0361,0.0361,-0.3992
138,76,211,0.2371,0.5072,-0.0235,0.0235,0.7880,0.2879,0.2879,-1.1582,-0.0504,0.0504,0.3923,0.2645,0.2645,-1.8809
139,217,637,0.0318,0.3087,0.0349,0.0349,-0.3809,0.0471,0.0471,-0.7034,0.2835,0.2835,-1.9312,0.1032,0.1032,-0.8261
140,216,633,0.0516,0.5422,0.0097,0.0097,-0.5821,-0.0627,0.0627,0.4421,0.1107,0.1107,-1.0825,-0.0580,0.0580,0.4977
141,116,333,0.3870,0.8938,-0.0131,0.0131,0.6539,-0.0246,0.0246,0.1773,-0.1250,0.1250,0.6649,-0.3519,0.3519,1.2413
142,177,512,0.2476,0.5433,0.0082,0.0082,-0.3557,0.0966,0.0966,-0.4557,0.0080,0.0080,-0.0689,-0.0747,0.0747,0.9374
143,148,429,0.3529,0.1681,0.0184,0.0184,-0.3240,0.0563,0.0563,-0.5409,0.0736,0.0736,-0.3948,-0.0001,0.0001,0.0018
144,248,726,0.3976,0.5305,-0.0023,0.0023,0.0618,0.0835,0.0835,-0.5065,0.0505,0.0505,-0.3609,0.1377,0.1377,-0.6871
145,273,800,0.1906,0.1408,0.0022,0.0022,-0.1058,0.0389,0.0389,-0.9938,0.1167,0.1167,-0.6473,0.0710,0.0710,-0.9629
146,164,475,0.7065,0.4660,0.0245,0.0245,-1.2670,0.0999,0.0999,-0.6761,-0.3073,0.3073,1.9495,0.0425,0.0425,-0.3160
147,258,761,0.0991,0.5657,0.0063,0.0063,-0.3806,0.1092,0.1092,-0.5917,0.0225,0.0225,-0.2947,0.0634,0.0634,-0.6258
148,141,409,0.5065,0.3625,-0.0107,0.0107,0.4613,0.0486,0.0486,-0.5758,-0.1763,0.1763,1.0789,0.0087,0.0087,-0.0606
149,238,698,0.3369,0.6151,-0.0097,0.0097,0.6073,0.1703,0.1703,-0.8741,-0.0128,0.0128,0.1028,0.1093,0.1093,-0.8515
150,166,486,0.3906,0.8482,-0.0152,0.0152,1.0152,-0.2032,0.2032,1.0216,0.0195,0.0195,-0.1646,-0.1318,0.1318,1.0510
151,230,671,0.0771,0.8282,-0.0148,0.0148,0.8001,0.0610,0.0610,-0.2790,0.0508,0.0508,-0.6240,-0.0241,0.0241,0.2170
152,286,845,0.4414,0.5275,-0.0077,0.0077,0.4390,0.2138,0.2138,-1.0283,0.0367,0.0367,-0.4509,0.1305,0.1305,-1.4845
153,199,580,0.4959,0.1182,0.0099,0.0099,-0.3895,-0.0499,0.0499,1.1332,-0.0161,0.0161,0.0745,-0.0116,0.0116,0.1922
154,88,251,0.0730,0.0558,0.0075,0.0075,-0.2154,0.1646,0.1646,-1.5324,0.2700,0.2700,-1.3729,0.0798,0.0798,-0.9971
155,198,579,0.4597,0.7857,0.0025,0.0025,-0.1290,-0.4040,0.4040,1.8020,0.0145,0.0145,-0.1949,-0.1079,0.1079,1.2933
156,281,823,0.0282,0.6897,0.0071,0.0071,-0.3001,0.0321,0.0321,-0.1500,0.1123,0.1123,-1.4029,-0.0187,0.0187,0.1953
157,226,656,0.2962,0.0410,-0.0046,0.0046,0.1708,0.1202,0.1202,-1.0385,0.0415,0.0415,-0.2075,0.0284,0.0284,-0.6271
158,70,197,0.4947,0.1345,0.0189,0.0189,-0.5982,0.1509,0.1509,-1.1912,-0.0098,0.0098,0.0546,0.1720,0.1720,-1.1592
159,189,551,0.1418,0.5837,0.0689,0.0689,-0.8708,0.0802,0.0802,-0.4864,0.0108,0.0108,-0.1107,0.0806,0.0806,-0.5459
160,99,284,0.6935,0.9453,0.0082,0.0082,-0.5524,0.1364,0.1364,-0.5504,-0.1791,0.1791,1.5055,-0.0260,0.0260,0.3143
161,295,866,0.4063,0.4496,0.0072,0.0072,-0.2889,0.0679,0.0679,-0.4151,-0.0623,0.0623,0.4385,0.0383,0.0383,-0.3832
162,54,148,0.5747,0.5979,0.0132,0.0132,-0.3551,0.0813,0.0813,-0.3507,-0.0725,0.0725,0.3862,0.0923,0.0923,-0.5047
163,171,497,0.6763,0.2908,-0.0178,0.0178,0.8361,0.0404,0.0404,-0.3078,-0.0219,0.0219,0.2870,0.1406,0.1406,-1.2548
164,80,226,0.5650,0.4324,-0.0183,0.0183,0.5969,-0.0657,0.0657,1.1323,-0.2195,0.2195,1.0395,-0.2615,0.2615,1.8399
165,192,557,0.3794,0.2550,-0.0361,0.0361,1.4691,0.0278,0.0278,-0.4357,0.1098,0.1098,-0.5838,0.0436,0.0436,-0.2451
166,76,216,0.6373,0.4894,-0.0269,0.0269,0.6755,0.0695,0.0695,-0.5420,-0.0809,0.0809,0.6302,-0.0763,0.0763,0.3731
167,196,573,0.5679,0.1429,0.0195,0.0195,-0.3618,-0.0185,0.0185,0.2580,-0.0202,0.0202,0.1121,0.0028,0.0028,-0.0414
168,73,207,0.5444,0.3626,0.0015,0.0015,-0.0416,0.1170,0.1170,-0.7625,0.0621,0.0621,-0.5894,0.1468,0.1468,-0.8060
169,198,581,0.7080,0.0903,-0.0187,0.0187,0.6767,0.1003,0.1003,-0.5050,-0.2514,0.2514,1.0150,0.7437,0.7437,-3.0053
170,47,130,0.4531,0.9032,0.0009,0.0009,-0.0349,-0.1318,0.1318,1.0569,-0.1227,0.1227,0.6655,-0.5047,0.5047,1.6819
171,60,166,0.4185,0.9450,-0.0046,0.0046,0.1855,-0.0521,0.0521,0.2219,0.0382,0.0382,-0.2101,-0.1025,0.1025,0.6899
172,59,163,0.4665,0.7594,0.0149,0.0149,-0.4247,-0.3986,0.3986,2.0167,-0.0461,0.0461,0.2783,-0.2620,0.2620,1.3571
173,288,845,0.4916,0.3495,0.0016,0.0016,-0.0631,0.0042,0.0042,-0.0845,0.0951,0.0951,-1.0892,-0.0142,0.0142,0.1137
174,219,637,0.1557,0.6055,0.0185,0.0185,-0.2088,0.1720,0.1720,-0.8521,-0.0497,0.0497,0.7018,0.1271,0.1271,-1.0910
175,243,712,0.3948,0.3318,0.0030,0.0030,-0.0866,-0.0191,0.0191,0.3685,-0.1644,0.1644,1.0605,-0.1359,0.1359,2.1361
176,63,176,0.4383,0.2000,0.0066,0.0066,-0.1817,0.0450,0.0450,-0.3873,-0.0245,0.0245,0.1476,-0.0506,0.0506,0.4834
177,70,196,0.6616,0.8106,0.0181,0.0181,-0.2093,0.1106,0.1106,-0.5563,-0.3226,0.3226,1.7562,0.0038,0.0038,-0.0182
178,247,723,0.1626,0.3328,0.0573,0.0573,-0.3698,0.0601,0.0601,-0.4640,0.0247,0.0247,-0.1906,0.2595,0.2595,-1.3598
179,100,285,0.4905,0.9220,0.0123,0.0123,-0.2097,-0.3423,0.3423,1.4202,0.0474,0.0474,-0.5642,-0.1156,0.1156,1.1234
180,76,212,0.6903,0.5431,0.0463,0.0463,-0.7595,0.0205,0.0205,-0.1176,-0.1883,0.1883,0.9560,-0.1567,0.1567,0.9606
181,160,463,0.2422,0.1366,0.0158,0.0158,-0.5244,0.0327,0.0327,-0.2544,-0.0030,0.0030,0.0187,0.0878,0.0878,-1.0891
182,268,788,0.3367,0.1594,-0.0261,0.0261,0.7339,-0.0065,0.0065,0.2656,0.0474,0.0474,-0.2525,-0.0116,0.0116,0.1304
183,280,825,0.5993,0.9524,0.0008,0.0008,-0.0319,-0.5671,0.5671,3.9137,-0.0458,0.0458,0.4126,-0.2689,0.2689,1.7433
184,86,240,0.3350,0.9539,-0.0075,0.0075,0.3410,-0.7506,0.7506,3.3545,-0.0681,0.0681,0.4583,-0.2605,0.2605,1.6038
185,272,800,0.4556,0.9218,-0.0347,0.0347,1.6455,-0.2410,0.2410,1.1723,-0.0003,0.0003,0.0029,-0.1471,0.1471,1.0697
186,155,451,0.7090,0.2013,0.0126,0.0126,-0.5879,0.0849,0.0849,-1.5136,-0.1813,0.1813,1.0695,-0.0286,0.0286,0.3303
187,263,772,0.0049,0.7395,0.0156,0.0156,-0.6027,-0.6763,0.6763,3.3703,0.1257,0.1257,-1.5655,-0.1650,0.1650,1.8389
188,84,237,0.6821,0.2640,0.0139,0.0139,-0.3164,-0.0187,0.0187,0.3267,-0.4896,0.4896,3.1102,-0.0788,0.0788,0.6571
189,93,265,0.6459,0.1154,-0.0114,0.0114,0.4703,-0.0084,0.0084,0.3455,-0.1379,0.1379,0.6112,0.0358,0.0358,-0.3346
190,71,198,0.3634,0.8928,-0.0078,0.0078,0.1362,-0.6824,0.6824,2.7998,0.0767,0.0767,-0.4476,-0.1878,0.1878,1.4453
191,60,166,0.3008,0.6317,0.0226,0.0226,-0.5573,0.0158,0.0158,-0.0754,0.0937,0.0937,-0.5233,-0.1184,0.1184,0.6503
192,283,836,0.4396,0.3827,-0.0214,0.0214,1.5370,0.0020,0.0020,-0.1418,-0.0854,0.0854,0.4884,-0.1973,0.1973,2.4032
193,167,482,0.5589,0.9759,0.0028,0.0028,-0.0656,0.0296,0.0296,-0.1578,-0.2894,0.2894,1.5235,-0.2056,0.2056,0.7469
194,168,486,0.2867,0.5778,-0.0028,0.0028,0.1285,-0.0426,0.0426,0.3627,0.0580,0.0580,-0.4039,-0.0776,0.0776,0.5127
195,136,389,0.5227,0.8418,0.0098,0.0098,-0.3416,-0.0798,0.0798,0.3337,-0.0232,0.0232,0.2893,-0.0927,0.0927,0.9966
196,69,192,0.2816,0.6334,-0.0142,0.0142,0.4444,0.0570,0.0570,-0.3246,0.0172,0.0172,-0.1003,-0.0270,0.0270,0.1346
197,92,261,0.4922,0.4233,0.0436,0.0436,-1.4112,-0.2374,0.2374,1.5817,-0.0083,0.0083,0.0527,-0.1342,0.1342,1.0610
198,64,180,0.2793,0.3268,0.0293,0.0293,-0.7526,-0.0683,0.0683,0.4905,0.0303,0.0303,-0.1423,-0.2133,0.2133,3.0909
199,118,338,0.4146,0.1766,-0.0287,0.0287,1.1349,-0.0379,0.0379,0.3922,0.1798,0.1798,-1.3253,0.0857,0.0857,-0.8729
