"dataset_id","parameter","n_draws","posterior_sd","effective_sample_size","ess_per_draw","mcse_mean","mcse_over_posterior_sd","method"
"dataset_0000","beta0",10000,0.0334984838284028,574.475962011748,0.0574475962011748,0.0013976203655552,0.041721899197425,"coda::spectrum0.ar"
"dataset_0000","sigma2_w",10000,0.126200081306355,321.414086940199,0.0321414086940199,0.00703926283137741,0.0557785918876659,"coda::spectrum0.ar"
"dataset_0000","eta_raw",10000,0.227248362436451,964.379053598205,0.0964379053598205,0.00731773836575229,0.0322015009802267,"coda::spectrum0.ar"
"dataset_0000","eta",10000,0.147312636570424,964.3790535982,0.09643790535982,0.00474368801092231,0.0322015009802268,"coda::spectrum0.ar"
"dataset_0000","rho",10000,0.163187875662374,246.865275426228,0.0246865275426228,0.0103862288161041,0.0636458362727424,"coda::spectrum0.ar"
"dataset_0001","beta0",10000,0.0111603496385579,574.149958448436,0.0574149958448436,0.000465763156997789,0.0417337424079103,"coda::spectrum0.ar"
"dataset_0001","sigma2_w",10000,0.170511446248452,53.6009414893768,0.00536009414893768,0.0232898841904038,0.136588391587906,"coda::spectrum0.ar"
"dataset_0001","eta_raw",10000,0.104856173798069,561.315839934602,0.0561315839934602,0.00442578545645029,0.0422081532840731,"coda::spectrum0.ar"
"dataset_0001","eta",10000,0.0759325172033724,561.315839934607,0.0561315839934607,0.00320497132536545,0.0422081532840729,"coda::spectrum0.ar"
"dataset_0001","rho",10000,0.152831730927182,76.6075213459139,0.00766075213459139,0.0174613503560196,0.11425212716029,"coda::spectrum0.ar"
"dataset_0002","beta0",10000,0.0142866747100305,148.055548787121,0.0148055548787121,0.0011741371035868,0.0821840720403923,"coda::spectrum0.ar"
"dataset_0002","sigma2_w",10000,0.118142444473078,784.614560178769,0.0784614560178769,0.00421772025213164,0.0357002961208643,"coda::spectrum0.ar"
"dataset_0002","eta_raw",10000,0.143975156546244,1201.83036451628,0.120183036451628,0.00415303865354745,0.0288455227497081,"coda::spectrum0.ar"
"dataset_0002","eta",10000,0.105901370676701,1201.83036451628,0.120183036451628,0.00305478039708005,0.028845522749708,"coda::spectrum0.ar"
"dataset_0002","rho",10000,0.0636438443536235,848.306526990848,0.0848306526990848,0.00218514369125159,0.0343339361951536,"coda::spectrum0.ar"
"dataset_0003","beta0",10000,0.0162497252991836,269.97506291955,0.026997506291955,0.000988972460431104,0.0608608725515371,"coda::spectrum0.ar"
"dataset_0003","sigma2_w",10000,0.122102465307946,361.301963591104,0.0361301963591104,0.00642375948155406,0.0526095805301979,"coda::spectrum0.ar"
"dataset_0003","eta_raw",10000,0.127577297341527,1247.35749671375,0.124735749671375,0.00361225105717428,0.0283142152439883,"coda::spectrum0.ar"
"dataset_0003","eta",10000,0.0790021728801115,1247.35749671375,0.124735749671375,0.00223688452767025,0.0283142152439882,"coda::spectrum0.ar"
"dataset_0003","rho",10000,0.0914240469340689,448.072101234106,0.0448072101234106,0.00431903267584902,0.047241757728836,"coda::spectrum0.ar"
"dataset_0004","beta0",10000,0.00575639155357544,702.771563089281,0.0702771563089281,0.000217141701860597,0.0377218435958765,"coda::spectrum0.ar"
"dataset_0004","sigma2_w",10000,0.0881736209628527,32.1242187724759,0.00321242187724759,0.0155568759465402,0.176434581869948,"coda::spectrum0.ar"
"dataset_0004","eta_raw",10000,0.0849122390854746,30.1634857838802,0.00301634857838802,0.0154607133746026,0.182078738484796,"coda::spectrum0.ar"
"dataset_0004","eta",10000,0.0653634228671585,30.1634857839076,0.00301634857839076,0.0119012895786951,0.182078738484713,"coda::spectrum0.ar"
"dataset_0004","rho",10000,0.101841439600297,43.323228314536,0.0043323228314536,0.0154726294201755,0.151928620421136,"coda::spectrum0.ar"
"dataset_0005","beta0",10000,0.013536933063653,363.225772091103,0.0363225772091103,0.000710283872231224,0.0524700734569157,"coda::spectrum0.ar"
"dataset_0005","sigma2_w",10000,0.179885939962744,237.294523044205,0.0237294523044205,0.0116775937512504,0.0649166563749728,"coda::spectrum0.ar"
"dataset_0005","eta_raw",10000,0.0912725711706431,2179.07502227486,0.217907502227486,0.00195525854965043,0.021422192062442,"coda::spectrum0.ar"
"dataset_0005","eta",10000,0.0709452719439347,2179.07502227486,0.217907502227486,0.00151980324150515,0.0214221920624421,"coda::spectrum0.ar"
"dataset_0005","rho",10000,0.0659033091361373,221.051238694313,0.0221051238694313,0.00443262248860065,0.0672594828196581,"coda::spectrum0.ar"
"dataset_0006","beta0",10000,0.0245978699437616,272.109550173714,0.0272109550173714,0.00149116468132695,0.0606216995510676,"coda::spectrum0.ar"
"dataset_0006","sigma2_w",10000,0.146042840880693,615.367467925393,0.0615367467925393,0.00588725715103621,0.0403118503826264,"coda::spectrum0.ar"
"dataset_0006","eta_raw",10000,0.209812267186321,566.577436167675,0.0566577436167675,0.0088145721969855,0.0420117103503669,"coda::spectrum0.ar"
"dataset_0006","eta",10000,0.160393404128538,566.577436167683,0.0566577436167683,0.00673840123635744,0.0420117103503666,"coda::spectrum0.ar"
"dataset_0006","rho",10000,0.110298488187389,469.73235410698,0.046973235410698,0.00508913911283074,0.0461396996138755,"coda::spectrum0.ar"
"dataset_0007","beta0",10000,0.0216716301880687,410.197659450627,0.0410197659450627,0.00107002763016061,0.0493745796174443,"coda::spectrum0.ar"
"dataset_0007","sigma2_w",10000,0.0546949729248725,86.696862988776,0.0086696862988776,0.00587415930147236,0.107398522886938,"coda::spectrum0.ar"
"dataset_0007","eta_raw",10000,0.279241403692172,1019.35656627164,0.101935656627164,0.00874614654924869,0.0313210950582751,"coda::spectrum0.ar"
"dataset_0007","eta",10000,0.203179185039927,1019.35656627165,0.101935656627165,0.00636379456849838,0.0313210950582749,"coda::spectrum0.ar"
"dataset_0007","rho",10000,0.141805427651949,129.462969392763,0.0129462969392763,0.0124629275967466,0.0878875216774914,"coda::spectrum0.ar"
"dataset_0008","beta0",10000,0.012462911343279,260.546615191249,0.0260546615191249,0.000772105751984264,0.0619522783013814,"coda::spectrum0.ar"
"dataset_0008","sigma2_w",10000,0.194448695423771,199.551034981365,0.0199551034981365,0.0137650578667808,0.0707901785444329,"coda::spectrum0.ar"
"dataset_0008","eta_raw",10000,0.128730426523266,630.803910746974,0.0630803910746974,0.00512547382093753,0.0398155584453936,"coda::spectrum0.ar"
"dataset_0008","eta",10000,0.0902979334137282,630.803910746977,0.0630803910746977,0.00359526264533254,0.0398155584453935,"coda::spectrum0.ar"
"dataset_0008","rho",10000,0.078242375828959,175.222334142086,0.0175222334142086,0.00591081407334449,0.0755449206484446,"coda::spectrum0.ar"
"dataset_0009","beta0",10000,0.0111747422531503,315.599083016731,0.0315599083016731,0.000629027523250925,0.0562901147069943,"coda::spectrum0.ar"
"dataset_0009","sigma2_w",10000,0.16741233891637,145.738155957275,0.0145738155957275,0.0138675847579985,0.0828349024197432,"coda::spectrum0.ar"
"dataset_0009","eta_raw",10000,0.160620457948938,38.3621471219507,0.00383621471219507,0.0259327997521569,0.161453902468644,"coda::spectrum0.ar"
"dataset_0009","eta",10000,0.121835065919781,38.3621471219542,0.00383621471219542,0.0196707468502723,0.161453902468637,"coda::spectrum0.ar"
"dataset_0009","rho",10000,0.0682660765612454,157.447416386796,0.0157447416386796,0.00544047945003895,0.0796952120890965,"coda::spectrum0.ar"
"dataset_0010","beta0",10000,0.0180211809399749,580.721363221427,0.0580721363221427,0.000747823908453778,0.0414969424559154,"coda::spectrum0.ar"
"dataset_0010","sigma2_w",10000,0.230464889105549,120.807970337558,0.0120807970337558,0.0209679984991406,0.0909813142492938,"coda::spectrum0.ar"
"dataset_0010","eta_raw",10000,0.16644018553865,189.821594359086,0.0189821594359086,0.0120805131615855,0.0725817092938786,"coda::spectrum0.ar"
"dataset_0010","eta",10000,0.0974433182560622,189.821594359076,0.0189821594359076,0.00707260259829258,0.0725817092938805,"coda::spectrum0.ar"
"dataset_0010","rho",10000,0.116668798964523,119.219687194536,0.0119219687194536,0.0106851528254976,0.0915853503278688,"coda::spectrum0.ar"
"dataset_0011","beta0",10000,0.0161012370331914,350.410019121007,0.0350410019121007,0.000860143646714682,0.0534209666587457,"coda::spectrum0.ar"
"dataset_0011","sigma2_w",10000,0.223693916342372,204.082862133126,0.0204082862133126,0.0156585269770125,0.0699997891451216,"coda::spectrum0.ar"
"dataset_0011","eta_raw",10000,0.0644103404087284,566.077896630673,0.0566077896630673,0.00270718226112874,0.0420302430316279,"coda::spectrum0.ar"
"dataset_0011","eta",10000,0.0464472391441797,566.077896630666,0.0566077896630666,0.00195218874937803,0.0420302430316282,"coda::spectrum0.ar"
"dataset_0011","rho",10000,0.0690213577576444,217.409980523293,0.0217409980523293,0.00468105517059751,0.0678203866553041,"coda::spectrum0.ar"
"dataset_0012","beta0",10000,0.00831191941641219,411.212552510104,0.0411212552510104,0.000409890773364998,0.0493136125159796,"coda::spectrum0.ar"
"dataset_0012","sigma2_w",10000,0.0122525815962347,464.336733070358,0.0464336733070358,0.000568605534597624,0.0464069984053289,"coda::spectrum0.ar"
"dataset_0012","eta_raw",10000,0.148744101045341,110.730804250661,0.0110730804250661,0.0141353160795152,0.0950311036214229,"coda::spectrum0.ar"
"dataset_0012","eta",10000,0.10720599485417,110.73080425066,0.011073080425066,0.0101879040058244,0.0950311036214234,"coda::spectrum0.ar"
"dataset_0012","rho",10000,0.0726893747721835,297.227311579388,0.0297227311579388,0.00421625216005342,0.0580036927441957,"coda::spectrum0.ar"
"dataset_0013","beta0",10000,0.013175089938832,387.397020413719,0.0387397020413719,0.000669384189784793,0.0508068022983179,"coda::spectrum0.ar"
"dataset_0013","sigma2_w",10000,0.0202504474453465,771.799925772581,0.0771799925772581,0.000728924012915855,0.0359954521934951,"coda::spectrum0.ar"
"dataset_0013","eta_raw",10000,0.275281736643502,1464.3702479586,0.14643702479586,0.00719369384973554,0.0261321144564399,"coda::spectrum0.ar"
"dataset_0013","eta",10000,0.196308513747033,1464.37024795861,0.146437024795861,0.00512995655001105,0.0261321144564398,"coda::spectrum0.ar"
"dataset_0013","rho",10000,0.0417709951321116,1202.68372672243,0.120268372672243,0.00120447864493104,0.0288352872877835,"coda::spectrum0.ar"
"dataset_0014","beta0",10000,0.0170301320027545,463.050466363828,0.0463050466363828,0.000791414223547351,0.046471408643183,"coda::spectrum0.ar"
"dataset_0014","sigma2_w",10000,0.241264403062991,153.120114161745,0.0153120114161745,0.0194974191126951,0.0808134928533347,"coda::spectrum0.ar"
"dataset_0014","eta_raw",10000,0.0790015757637029,887.53940698969,0.088753940698969,0.00265180711384155,0.0335665091260106,"coda::spectrum0.ar"
"dataset_0014","eta",10000,0.054667910990685,887.539406989693,0.0887539406989693,0.00183501093316876,0.0335665091260106,"coda::spectrum0.ar"
"dataset_0014","rho",10000,0.0941373266317434,161.481760258532,0.0161481760258532,0.00740798549572943,0.0786933914610598,"coda::spectrum0.ar"
"dataset_0015","beta0",10000,0.00715936563791652,780.744855282708,0.0780744855282708,0.000256224100629441,0.0357886597204171,"coda::spectrum0.ar"
"dataset_0015","sigma2_w",10000,0.167557963425868,40.4023897517539,0.00404023897517539,0.0263609796699035,0.157324540898746,"coda::spectrum0.ar"
"dataset_0015","eta_raw",10000,0.104421127677853,1192.96530820481,0.119296530820481,0.00302325285569132,0.02895250149968,"coda::spectrum0.ar"
"dataset_0015","eta",10000,0.0752832841338926,1192.96530820481,0.119296530820481,0.00217963939678736,0.02895250149968,"coda::spectrum0.ar"
"dataset_0015","rho",10000,0.134222824046846,24.6744936777924,0.00246744936777924,0.0270210516301232,0.201314879358316,"coda::spectrum0.ar"
"dataset_0016","beta0",10000,0.00804057907502695,682.227290045211,0.0682227290045211,0.000307838393161872,0.0382855998665544,"coda::spectrum0.ar"
"dataset_0016","sigma2_w",10000,0.0604340048732431,50.9445950760696,0.00509445950760696,0.00846705377306916,0.140104131619745,"coda::spectrum0.ar"
"dataset_0016","eta_raw",10000,0.0905356604045798,2282.499502652,0.2282499502652,0.00189502231355219,0.0209312253876963,"coda::spectrum0.ar"
"dataset_0016","eta",10000,0.0758581068731489,2282.499502652,0.2282499502652,0.00158780313244583,0.0209312253876963,"coda::spectrum0.ar"
"dataset_0016","rho",10000,0.11824562139668,69.0066467936973,0.00690066467936973,0.0142344144189917,0.120380055099371,"coda::spectrum0.ar"
"dataset_0017","beta0",10000,0.0281643492082542,242.542154158667,0.0242542154158667,0.00180844833161044,0.0642105492386253,"coda::spectrum0.ar"
"dataset_0017","sigma2_w",10000,0.161399195008624,1177.20045693576,0.117720045693576,0.00470409575284716,0.0291457200427538,"coda::spectrum0.ar"
"dataset_0017","eta_raw",10000,0.248674499178488,1366.10347886892,0.136610347886892,0.0067280537648456,0.0270556642803028,"coda::spectrum0.ar"
"dataset_0017","eta",10000,0.171506861239928,1366.10347886893,0.136610347886893,0.00464023205947595,0.0270556642803026,"coda::spectrum0.ar"
"dataset_0017","rho",10000,0.0666567884204428,815.217969006342,0.0815217969006342,0.00233457329445993,0.0350237890210736,"coda::spectrum0.ar"
"dataset_0018","beta0",10000,0.00637792277428006,888.217090809723,0.0888217090809723,0.000214002917259573,0.0335537015472455,"coda::spectrum0.ar"
"dataset_0018","sigma2_w",10000,0.196071561049687,39.8690884849368,0.00398690884849368,0.0310524916182653,0.158373256437716,"coda::spectrum0.ar"
"dataset_0018","eta_raw",10000,0.10359009856495,953.74097878742,0.095374097878742,0.00335430867014699,0.0323805915489487,"coda::spectrum0.ar"
"dataset_0018","eta",10000,0.0811645603530791,953.740978787419,0.0953740978787419,0.00262815647704305,0.0323805915489487,"coda::spectrum0.ar"
"dataset_0018","rho",10000,0.0590939289897385,33.0164229385138,0.00330164229385138,0.0102843738726077,0.174034355955474,"coda::spectrum0.ar"
"dataset_0019","beta0",10000,0.00345349951887857,513.992341407278,0.0513992341407278,0.000152328468540844,0.0441084377478961,"coda::spectrum0.ar"
"dataset_0019","sigma2_w",10000,0.157844584872673,13.3535736210413,0.00133535736210413,0.0431947470111447,0.273653651444477,"coda::spectrum0.ar"
"dataset_0019","eta_raw",10000,0.0267460345470133,300.294024618722,0.0300294024618722,0.00154342686728235,0.0577067551666162,"coda::spectrum0.ar"
"dataset_0019","eta",10000,0.0173944550614557,300.294024618718,0.0300294024618718,0.00100377755948814,0.0577067551666166,"coda::spectrum0.ar"
"dataset_0019","rho",10000,0.0317018559116456,12.1086380040599,0.00121086380040599,0.00911039149003339,0.2873772284949,"coda::spectrum0.ar"
"dataset_0020","beta0",10000,0.0184736762475141,246.278466370302,0.0246278466370302,0.00117717250028611,0.0637216158015389,"coda::spectrum0.ar"
"dataset_0020","sigma2_w",10000,0.125923636719452,1481.27948066545,0.148127948066545,0.00327181511457958,0.025982533540299,"coda::spectrum0.ar"
"dataset_0020","eta_raw",10000,0.241748830511175,1321.40071739361,0.132140071739361,0.0066503899728076,0.0275095021504155,"coda::spectrum0.ar"
"dataset_0020","eta",10000,0.192386248266021,1321.40071739362,0.132140071739362,0.00529244991038446,0.0275095021504154,"coda::spectrum0.ar"
"dataset_0020","rho",10000,0.0523033919103524,1199.14052244865,0.119914052244865,0.00151040986824224,0.0288778569242903,"coda::spectrum0.ar"
"dataset_0021","beta0",10000,0.0117780098304114,442.008180243466,0.0442008180243466,0.00056021761335573,0.0475647092694064,"coda::spectrum0.ar"
"dataset_0021","sigma2_w",10000,0.176305032190186,150.643677039394,0.0150643677039394,0.0143644583513334,0.0814750332017639,"coda::spectrum0.ar"
"dataset_0021","eta_raw",10000,0.0881554865470304,2056.40235095799,0.205640235095799,0.00194399570413653,0.0220518969412008,"coda::spectrum0.ar"
"dataset_0021","eta",10000,0.0646575256143006,2056.40235095799,0.205640235095799,0.00142582109131961,0.0220518969412009,"coda::spectrum0.ar"
"dataset_0021","rho",10000,0.0711603247398169,181.663830729878,0.0181663830729878,0.00527963242436586,0.0741934841313577,"coda::spectrum0.ar"
"dataset_0022","beta0",10000,0.0164570354431595,462.247667522212,0.0462247667522212,0.000765445440175878,0.0465117452544614,"coda::spectrum0.ar"
"dataset_0022","sigma2_w",10000,0.0708067576956746,488.169305123213,0.0488169305123213,0.00320471544787783,0.0452600225200482,"coda::spectrum0.ar"
"dataset_0022","eta_raw",10000,0.19695658988095,188.684146421151,0.0188684146421151,0.0143384699504442,0.0728001533693849,"coda::spectrum0.ar"
"dataset_0022","eta",10000,0.131443921452384,188.684146421147,0.0188684146421147,0.00956913764120702,0.0728001533693857,"coda::spectrum0.ar"
"dataset_0022","rho",10000,0.0868599629605901,328.221318310769,0.0328221318310769,0.00479442188468051,0.0551971440150835,"coda::spectrum0.ar"
"dataset_0023","beta0",10000,0.0084758812508447,529.296698872115,0.0529296698872115,0.000368413275102232,0.04346607322578,"coda::spectrum0.ar"
"dataset_0023","sigma2_w",10000,0.155621282998418,51.7344535363111,0.00517344535363111,0.0216361039060516,0.139030494346146,"coda::spectrum0.ar"
"dataset_0023","eta_raw",10000,0.0825687588978202,105.847427147119,0.0105847427147119,0.00802556476355659,0.0971985636054954,"coda::spectrum0.ar"
"dataset_0023","eta",10000,0.056587273532586,105.847427147119,0.0105847427147119,0.00550020170571863,0.0971985636054953,"coda::spectrum0.ar"
"dataset_0023","rho",10000,0.0781554875843887,56.5821634337952,0.00565821634337952,0.010390099401279,0.132941393143511,"coda::spectrum0.ar"
"dataset_0024","beta0",10000,0.00659304880342492,572.615392989403,0.0572615392989403,0.000275521047720081,0.0417896266105227,"coda::spectrum0.ar"
"dataset_0024","sigma2_w",10000,0.0297984183952617,132.785980933868,0.0132785980933868,0.00258593200115063,0.0867808474547033,"coda::spectrum0.ar"
"dataset_0024","eta_raw",10000,0.0996715510944159,1595.83551676619,0.159583551676619,0.00249503793786204,0.0250325986750077,"coda::spectrum0.ar"
"dataset_0024","eta",10000,0.0716760578953439,1595.83551676619,0.159583551676619,0.00179423799190076,0.0250325986750077,"coda::spectrum0.ar"
"dataset_0024","rho",10000,0.084738620310978,103.724579908475,0.0103724579908475,0.00832032990049096,0.0981881681570528,"coda::spectrum0.ar"
"dataset_0025","beta0",10000,0.0148088066109186,494.101146702744,0.0494101146702744,0.000666211508693837,0.0449875216955453,"coda::spectrum0.ar"
"dataset_0025","sigma2_w",10000,0.180555433021451,165.640589915332,0.0165640589915332,0.0140290149126893,0.077699212247036,"coda::spectrum0.ar"
"dataset_0025","eta_raw",10000,0.0916114521048025,1748.71873330009,0.17487187333001,0.00219073469264388,0.0239133278898112,"coda::spectrum0.ar"
"dataset_0025","eta",10000,0.0718579194927121,1748.7187333001,0.17487187333001,0.00171836199030888,0.0239133278898112,"coda::spectrum0.ar"
"dataset_0025","rho",10000,0.122765932677739,171.044796945231,0.0171044796945231,0.00938691604644164,0.076461896567693,"coda::spectrum0.ar"
"dataset_0026","beta0",10000,0.0189006873873746,426.279693392047,0.0426279693392047,0.000915440825759417,0.0484342609872972,"coda::spectrum0.ar"
"dataset_0026","sigma2_w",10000,0.148770087675392,253.301738216539,0.0253301738216539,0.00934752281728438,0.0628320044932697,"coda::spectrum0.ar"
"dataset_0026","eta_raw",10000,0.164535810008061,1056.11976290689,0.105611976290689,0.00506295245209982,0.0307711278891311,"coda::spectrum0.ar"
"dataset_0026","eta",10000,0.144512970810691,1056.1197629069,0.10561197629069,0.00444682710645403,0.030771127889131,"coda::spectrum0.ar"
"dataset_0026","rho",10000,0.118361539049481,289.677299459645,0.0289677299459645,0.0069542992059307,0.0587547210164565,"coda::spectrum0.ar"
"dataset_0027","beta0",10000,0.00934852627610534,320.55548936965,0.032055548936965,0.000522145505267899,0.0558532425161486,"coda::spectrum0.ar"
"dataset_0027","sigma2_w",10000,0.0447660300988996,461.252418077585,0.0461252418077585,0.00208439131251443,0.0465618976690467,"coda::spectrum0.ar"
"dataset_0027","eta_raw",10000,0.248879293114456,19.5884996358962,0.00195884996358962,0.0562326018017828,0.225943271929506,"coda::spectrum0.ar"
"dataset_0027","eta",10000,0.180657857887127,19.5884996358996,0.00195884996358996,0.0408184275107895,0.225943271929486,"coda::spectrum0.ar"
"dataset_0027","rho",10000,0.0829878833646067,159.133640796974,0.0159133640796974,0.00657860314565737,0.0792718512503124,"coda::spectrum0.ar"
"dataset_0028","beta0",10000,0.00309531056758037,429.002324746934,0.0429002324746934,0.000149442597527254,0.0482803241433945,"coda::spectrum0.ar"
"dataset_0028","sigma2_w",10000,0.193988244677777,14.8444448981975,0.00148444448981975,0.050349299457713,0.259548198610413,"coda::spectrum0.ar"
"dataset_0028","eta_raw",10000,0.104839274282893,23.7911695879068,0.00237911695879068,0.0214939438323113,0.205018052436276,"coda::spectrum0.ar"
"dataset_0028","eta",10000,0.0771868078844225,23.7911695878975,0.00237911695878975,0.0158246890262404,0.205018052436316,"coda::spectrum0.ar"
"dataset_0028","rho",10000,0.0720796401491546,12.5355358212762,0.00125355358212762,0.0203582835384508,0.282441525739077,"coda::spectrum0.ar"
"dataset_0029","beta0",10000,0.00696984814654482,779.984907738675,0.0779984907738675,0.000249563010792484,0.0358060901106146,"coda::spectrum0.ar"
"dataset_0029","sigma2_w",10000,0.177145590672801,20.2721441824792,0.00202721441824792,0.0393441804789693,0.22210081735334,"coda::spectrum0.ar"
"dataset_0029","eta_raw",10000,0.101035581857386,49.5907846218459,0.00495907846218459,0.0143474214926991,0.142003650881636,"coda::spectrum0.ar"
"dataset_0029","eta",10000,0.0624999977720497,49.5907846218478,0.00495907846218478,0.00887522786372499,0.142003650881633,"coda::spectrum0.ar"
"dataset_0029","rho",10000,0.0518861426288919,42.0981499084615,0.00420981499084615,0.00799686712713441,0.154123369400012,"coda::spectrum0.ar"
"dataset_0030","beta0",10000,0.0188874837410484,279.960024967394,0.0279960024967394,0.00112882362908926,0.0597656969327245,"coda::spectrum0.ar"
"dataset_0030","sigma2_w",10000,0.0452553867057742,836.572821109525,0.0836572821109525,0.00156465432453176,0.0345738803361529,"coda::spectrum0.ar"
"dataset_0030","eta_raw",10000,0.273261799616167,587.036026942445,0.0587036026942445,0.0112783754160787,0.041273150626691,"coda::spectrum0.ar"
"dataset_0030","eta",10000,0.189554466627299,587.036026942446,0.0587036026942446,0.00782351005307058,0.041273150626691,"coda::spectrum0.ar"
"dataset_0030","rho",10000,0.0737511254290386,667.163836330047,0.0667163836330047,0.00285530432591241,0.0387154000607043,"coda::spectrum0.ar"
"dataset_0031","beta0",10000,0.00978851397541551,334.87978853123,0.033487978853123,0.000534899629210643,0.0546456418772123,"coda::spectrum0.ar"
"dataset_0031","sigma2_w",10000,0.0386702744652361,740.342011821276,0.0740342011821276,0.00142121917108616,0.0367522390451045,"coda::spectrum0.ar"
"dataset_0031","eta_raw",10000,0.0948040237700401,2430.43682873187,0.243043682873187,0.0019230235454344,0.020284197536794,"coda::spectrum0.ar"
"dataset_0031","eta",10000,0.0670403020967498,2430.43682873186,0.243043682873186,0.00135985873065682,0.020284197536794,"coda::spectrum0.ar"
"dataset_0031","rho",10000,0.0426612070403553,756.882090046658,0.0756882090046658,0.00155066871384099,0.0363484491278959,"coda::spectrum0.ar"
"dataset_0032","beta0",10000,0.00630586944551159,565.496480094347,0.0565496480094347,0.000265173439640649,0.0420518442273484,"coda::spectrum0.ar"
"dataset_0032","sigma2_w",10000,0.187336045671831,36.3937865049257,0.00363937865049258,0.0310532977344085,0.165762534503406,"coda::spectrum0.ar"
"dataset_0032","eta_raw",10000,0.0927997563635173,1280.39387390972,0.128039387390972,0.00259343305692474,0.0279465502771977,"coda::spectrum0.ar"
"dataset_0032","eta",10000,0.0704419516354899,1280.39387390972,0.128039387390972,0.00196860954300515,0.0279465502771978,"coda::spectrum0.ar"
"dataset_0032","rho",10000,0.0600880956729467,46.5881782215181,0.00465881782215181,0.00880340285879765,0.146508268571427,"coda::spectrum0.ar"
"dataset_0033","beta0",10000,0.0119662766339002,546.546327143962,0.0546546327143962,0.000511853348186571,0.0427746544598929,"coda::spectrum0.ar"
"dataset_0033","sigma2_w",10000,0.139037115163573,68.457686648006,0.0068457686648006,0.0168042695236687,0.120861753380735,"coda::spectrum0.ar"
"dataset_0033","eta_raw",10000,0.12580827617478,184.600831611901,0.0184600831611901,0.00925960338693179,0.0736009082110611,"coda::spectrum0.ar"
"dataset_0033","eta",10000,0.0984341140063901,184.600831611901,0.0184600831611901,0.00724484018982146,0.0736009082110613,"coda::spectrum0.ar"
"dataset_0033","rho",10000,0.0983852014023886,116.893848106472,0.0116893848106472,0.00909984408247524,0.0924920003492956,"coda::spectrum0.ar"
"dataset_0034","beta0",10000,0.00894438444438298,482.579807841036,0.0482579807841036,0.000407160730203786,0.0455213807876383,"coda::spectrum0.ar"
"dataset_0034","sigma2_w",10000,0.0195134977010353,395.405915850787,0.0395405915850787,0.000981326530321993,0.0502896274853855,"coda::spectrum0.ar"
"dataset_0034","eta_raw",10000,0.151122618764497,191.284970043644,0.0191284970043644,0.0109267006977009,0.0723035425605522,"coda::spectrum0.ar"
"dataset_0034","eta",10000,0.104360079798574,191.284970043648,0.0191284970043648,0.00754560347133873,0.0723035425605514,"coda::spectrum0.ar"
"dataset_0034","rho",10000,0.0855398157208723,279.413640944042,0.0279413640944042,0.0051173427722726,0.0598241033037898,"coda::spectrum0.ar"
"dataset_0035","beta0",10000,0.0193531059265938,415.202751524572,0.0415202751524572,0.000949774624586037,0.0490760825775731,"coda::spectrum0.ar"
"dataset_0035","sigma2_w",10000,0.0485519910295671,1031.79104446386,0.103179104446386,0.00151151049576248,0.0311317922027545,"coda::spectrum0.ar"
"dataset_0035","eta_raw",10000,0.272080170850752,1539.5266917722,0.15395266917722,0.00693431043379036,0.0254862763872423,"coda::spectrum0.ar"
"dataset_0035","eta",10000,0.178518345088599,1539.52669177218,0.153952669177218,0.00454976788312116,0.0254862763872424,"coda::spectrum0.ar"
"dataset_0035","rho",10000,0.044237699190475,836.922941586922,0.0836922941586922,0.00152914896372851,0.0345666477170169,"coda::spectrum0.ar"
"dataset_0036","beta0",10000,0.00991792913061092,477.826632169188,0.0477826632169188,0.000453717807427351,0.0457472322550669,"coda::spectrum0.ar"
"dataset_0036","sigma2_w",10000,0.183459316515926,90.4684994538204,0.00904684994538204,0.0192881723348868,0.105135965298401,"coda::spectrum0.ar"
"dataset_0036","eta_raw",10000,0.0201890785684087,465.553976279498,0.0465553976279498,0.000935688901071211,0.0463462905402405,"coda::spectrum0.ar"
"dataset_0036","eta",10000,0.0138834319301874,465.553976279497,0.0465553976279497,0.00064344556993212,0.0463462905402406,"coda::spectrum0.ar"
"dataset_0036","rho",10000,0.0837491517192788,113.43957028369,0.011343957028369,0.00786317842572756,0.0938896486030613,"coda::spectrum0.ar"
"dataset_0037","beta0",10000,0.00790260775847042,492.563450555722,0.0492563450555722,0.000356073238931801,0.0450576885269477,"coda::spectrum0.ar"
"dataset_0037","sigma2_w",10000,0.0859013906918195,52.5739095814811,0.00525739095814811,0.0118471819355841,0.137916066785079,"coda::spectrum0.ar"
"dataset_0037","eta_raw",10000,0.0973999253743525,55.4068022390505,0.00554068022390505,0.0130851010601878,0.134344056321355,"coda::spectrum0.ar"
"dataset_0037","eta",10000,0.0707391101894535,55.4068022390439,0.00554068022390439,0.00950337900341505,0.134344056321363,"coda::spectrum0.ar"
"dataset_0037","rho",10000,0.106963313635631,54.177478322792,0.0054177478322792,0.0145320022030322,0.135859685990425,"coda::spectrum0.ar"
"dataset_0038","beta0",10000,0.00713149467610868,569.815953312378,0.0569815953312378,0.000298753677726006,0.041892154631604,"coda::spectrum0.ar"
"dataset_0038","sigma2_w",10000,0.16554334637463,103.413239380716,0.0103413239380716,0.0162788476516063,0.0983358619244454,"coda::spectrum0.ar"
"dataset_0038","eta_raw",10000,0.0115067413288934,748.649408155625,0.0748649408155625,0.000420545613555372,0.0365477593990387,"coda::spectrum0.ar"
"dataset_0038","eta",10000,0.0082086768315361,748.649408155628,0.0748649408155628,0.000300008745823444,0.0365477593990387,"coda::spectrum0.ar"
"dataset_0038","rho",10000,0.0710976318444056,125.941097591036,0.0125941097591036,0.00633536145996219,0.0891079111302453,"coda::spectrum0.ar"
"dataset_0039","beta0",10000,0.0130219799460182,642.132183920654,0.0642132183920655,0.000513883653903973,0.0394627895323328,"coda::spectrum0.ar"
"dataset_0039","sigma2_w",10000,0.200551286517007,63.7503837260327,0.00637503837260327,0.0251179418498209,0.12524448127981,"coda::spectrum0.ar"
"dataset_0039","eta_raw",10000,0.172225374196334,187.210689695746,0.0187210689695746,0.0125872777495815,0.0730860815853547,"coda::spectrum0.ar"
"dataset_0039","eta",10000,0.1111832747645,187.210689695754,0.0187210689695754,0.008125949890365,0.073086081585353,"coda::spectrum0.ar"
"dataset_0039","rho",10000,0.13031897110074,59.6567944071085,0.00596567944071085,0.0168724319726174,0.129470266915894,"coda::spectrum0.ar"
"dataset_0040","beta0",10000,0.00736302724522807,726.169214460137,0.0726169214460137,0.000273235730677387,0.0371091565435221,"coda::spectrum0.ar"
"dataset_0040","sigma2_w",10000,0.257197223040667,20.1395419299495,0.00201395419299495,0.0573114611648663,0.222830792989566,"coda::spectrum0.ar"
"dataset_0040","eta_raw",10000,0.0929658616955547,2166.59714569851,0.216659714569851,0.00199725913302756,0.0214837908948577,"coda::spectrum0.ar"
"dataset_0040","eta",10000,0.0850218739957142,2166.59714569851,0.216659714569851,0.00182659216241286,0.0214837908948577,"coda::spectrum0.ar"
"dataset_0040","rho",10000,0.090974617548751,33.3254213431414,0.00333254213431414,0.0157591363823419,0.17322564037048,"coda::spectrum0.ar"
"dataset_0041","beta0",10000,0.0100914296250565,408.080230527337,0.0408080230527337,0.000499551098107439,0.0495025102159043,"coda::spectrum0.ar"
"dataset_0041","sigma2_w",10000,0.223623550906946,109.069649160611,0.0109069649160611,0.0214124115129919,0.0957520414381668,"coda::spectrum0.ar"
"dataset_0041","eta_raw",10000,0.0334652893012638,85.8111266026229,0.00858111266026229,0.00361262415863824,0.107951379894445,"coda::spectrum0.ar"
"dataset_0041","eta",10000,0.0262787702912826,85.8111266026263,0.00858111266026263,0.00283682951487304,0.107951379894443,"coda::spectrum0.ar"
"dataset_0041","rho",10000,0.0529658717707478,117.394860612968,0.0117394860612968,0.00488845455899349,0.0922944227209586,"coda::spectrum0.ar"
"dataset_0042","beta0",10000,0.00899904746502111,930.449053540661,0.0930449053540661,0.00029501917435968,0.0327833779637685,"coda::spectrum0.ar"
"dataset_0042","sigma2_w",10000,0.189433509188542,56.5242312594396,0.00565242312594396,0.0251964567362253,0.133009502089451,"coda::spectrum0.ar"
"dataset_0042","eta_raw",10000,0.113612676162588,1663.3838112729,0.16633838112729,0.0027856756925507,0.0245190570862373,"coda::spectrum0.ar"
"dataset_0042","eta",10000,0.0932150108624013,1663.3838112729,0.16633838112729,0.00228554417262945,0.0245190570862373,"coda::spectrum0.ar"
"dataset_0042","rho",10000,0.116671807683207,56.6358270050504,0.00566358270050504,0.0155031626530555,0.132878395911636,"coda::spectrum0.ar"
"dataset_0043","beta0",10000,0.0105191106823757,306.102617319512,0.0306102617319512,0.000601236728861275,0.057156612095414,"coda::spectrum0.ar"
"dataset_0043","sigma2_w",10000,0.0859679316584339,517.719648206973,0.0517719648206973,0.00377823663075437,0.0439493722585532,"coda::spectrum0.ar"
"dataset_0043","eta_raw",10000,0.24355527352848,462.202149240801,0.0462202149240801,0.0113287386311504,0.0465140354672946,"coda::spectrum0.ar"
"dataset_0043","eta",10000,0.164493403798927,462.202149240808,0.0462202149240808,0.00765125201843922,0.0465140354672942,"coda::spectrum0.ar"
"dataset_0043","rho",10000,0.077051054754315,357.900534666777,0.0357900534666777,0.00407284061192379,0.0528589858362153,"coda::spectrum0.ar"
"dataset_0044","beta0",10000,0.0132433257427727,488.892811031087,0.0488892811031087,0.000598949540157137,0.045226520270711,"coda::spectrum0.ar"
"dataset_0044","sigma2_w",10000,0.0413274871102414,393.232024691825,0.0393232024691825,0.00208408083268393,0.0504284431115936,"coda::spectrum0.ar"
"dataset_0044","eta_raw",10000,0.138741842474708,1487.38301149796,0.148738301149796,0.00359746062502574,0.0259291685972928,"coda::spectrum0.ar"
"dataset_0044","eta",10000,0.109857042659565,1487.38301149796,0.148738301149796,0.00284850178071984,0.0259291685972928,"coda::spectrum0.ar"
"dataset_0044","rho",10000,0.0665001807760295,442.628412149031,0.0442628412149031,0.00316084487208351,0.0475313726248224,"coda::spectrum0.ar"
"dataset_0045","beta0",10000,0.0291607761019945,534.551068171476,0.0534551068171476,0.00126125957864375,0.04325192080733,"coda::spectrum0.ar"
"dataset_0045","sigma2_w",10000,0.0971430833860988,475.021255594704,0.0475021255594704,0.00445713062898646,0.0458821202048059,"coda::spectrum0.ar"
"dataset_0045","eta_raw",10000,0.258815146091625,1517.61596732461,0.151761596732461,0.00664368058724904,0.0256695973461193,"coda::spectrum0.ar"
"dataset_0045","eta",10000,0.216689986826801,1517.61596732457,0.151761596732457,0.00556234471077994,0.0256695973461196,"coda::spectrum0.ar"
"dataset_0045","rho",10000,0.109000292320506,313.335371291506,0.0313335371291506,0.00615776273199357,0.0564930845679497,"coda::spectrum0.ar"
"dataset_0046","beta0",10000,0.0201339315578816,359.050410052199,0.0359050410052199,0.00106255366701159,0.0527742762985427,"coda::spectrum0.ar"
"dataset_0046","sigma2_w",10000,0.215664647645968,198.609291671014,0.0198609291671014,0.0153030916381351,0.0709578125352115,"coda::spectrum0.ar"
"dataset_0046","eta_raw",10000,0.137200106506413,751.22931716713,0.075122931716713,0.00500573880096849,0.0364849483606963,"coda::spectrum0.ar"
"dataset_0046","eta",10000,0.0706619373258546,751.229317167132,0.0751229317167132,0.00257809713440056,0.0364849483606962,"coda::spectrum0.ar"
"dataset_0046","rho",10000,0.10593856621647,200.956755593776,0.0200956755593776,0.00747313427495038,0.0705421504353768,"coda::spectrum0.ar"
"dataset_0047","beta0",10000,0.0118672879778724,548.071753440615,0.0548071753440615,0.000506912232330421,0.0427150864861125,"coda::spectrum0.ar"
"dataset_0047","sigma2_w",10000,0.17199004557351,53.0569483068021,0.00530569483068021,0.023611967572793,0.137286826653587,"coda::spectrum0.ar"
"dataset_0047","eta_raw",10000,0.11544915153922,1125.86374391496,0.112586374391496,0.00344070809027999,0.0298028010115876,"coda::spectrum0.ar"
"dataset_0047","eta",10000,0.0864605504075893,1125.86374391497,0.112586374391497,0.00257676657914971,0.0298028010115875,"coda::spectrum0.ar"
"dataset_0047","rho",10000,0.176715121073912,53.2370479536203,0.00532370479536203,0.0242195868184263,0.137054410914255,"coda::spectrum0.ar"
"dataset_0048","beta0",10000,0.0152231105955038,498.982230532095,0.0498982230532095,0.00068149215764466,0.0447669451896343,"coda::spectrum0.ar"
"dataset_0048","sigma2_w",10000,0.0735110107989896,127.121260831732,0.0127121260831732,0.00651993548844692,0.0886933184237556,"coda::spectrum0.ar"
"dataset_0048","eta_raw",10000,0.173635539155646,624.505067440535,0.0624505067440535,0.00694817321280698,0.0400158472545109,"coda::spectrum0.ar"
"dataset_0048","eta",10000,0.114775753517717,624.50506744053,0.0624505067440529,0.00459284902128638,0.0400158472545111,"coda::spectrum0.ar"
"dataset_0048","rho",10000,0.144167797488145,170.384554620238,0.0170384554620238,0.0110446803673604,0.0766098987415592,"coda::spectrum0.ar"
"dataset_0049","beta0",10000,0.00947604485531985,542.14420983302,0.054214420983302,0.000406976840515237,0.0429479647605045,"coda::spectrum0.ar"
"dataset_0049","sigma2_w",10000,0.14010277006514,60.457329402554,0.0060457329402554,0.0180186497127291,0.128610231648893,"coda::spectrum0.ar"
"dataset_0049","eta_raw",10000,0.108856369498448,1392.20209317603,0.139220209317603,0.00291744518350431,0.0268008679413649,"coda::spectrum0.ar"
"dataset_0049","eta",10000,0.074047824745976,1392.20209317604,0.139220209317604,0.00198454597236223,0.0268008679413648,"coda::spectrum0.ar"
"dataset_0049","rho",10000,0.0962481248689748,92.0660901305914,0.00920660901305914,0.0100309583526944,0.104219779516223,"coda::spectrum0.ar"
"dataset_0050","beta0",10000,0.0271203139641456,168.588188353368,0.0168588188353368,0.00208872440456831,0.077016969911547,"coda::spectrum0.ar"
"dataset_0050","sigma2_w",10000,0.23255872779111,1386.84935877606,0.138684935877606,0.0062447922928211,0.0268525389355859,"coda::spectrum0.ar"
"dataset_0050","eta_raw",10000,0.11116112919479,2368.74824788126,0.236874824788126,0.00228398631142958,0.0205466274764742,"coda::spectrum0.ar"
"dataset_0050","eta",10000,0.0733924866477731,2368.74824788126,0.236874824788126,0.0015079680827239,0.0205466274764742,"coda::spectrum0.ar"
"dataset_0050","rho",10000,0.0485081604347322,1547.31073080587,0.154731073080587,0.00123317876179039,0.0254220887936913,"coda::spectrum0.ar"
"dataset_0051","beta0",10000,0.0100224829957008,376.930158532662,0.0376930158532662,0.00051623195553237,0.0515073915070556,"coda::spectrum0.ar"
"dataset_0051","sigma2_w",10000,0.0484198152485217,317.35756650224,0.031735756650224,0.0027179952871368,0.0561339458481263,"coda::spectrum0.ar"
"dataset_0051","eta_raw",10000,0.112018970313274,435.268859461655,0.0435268859461655,0.00536923951301342,0.0479315199737842,"coda::spectrum0.ar"
"dataset_0051","eta",10000,0.0802723001356696,435.268859461648,0.0435268859461648,0.00384757335729448,0.0479315199737845,"coda::spectrum0.ar"
"dataset_0051","rho",10000,0.0885093371665405,251.629004467791,0.0251629004467791,0.0055796728856137,0.0630405001803924,"coda::spectrum0.ar"
"dataset_0052","beta0",10000,0.0139674100380932,312.961875226425,0.0312961875226425,0.000789532778705656,0.0565267846044736,"coda::spectrum0.ar"
"dataset_0052","sigma2_w",10000,0.0854042138454879,503.812588602696,0.0503812588602696,0.00380491353335621,0.0445518243425319,"coda::spectrum0.ar"
"dataset_0052","eta_raw",10000,0.159671852655296,469.567780165222,0.0469567780165222,0.0073685022339541,0.0461477844179676,"coda::spectrum0.ar"
"dataset_0052","eta",10000,0.121718388556019,469.567780165225,0.0469567780165225,0.00561703395478555,0.0461477844179675,"coda::spectrum0.ar"
"dataset_0052","rho",10000,0.0926151726809856,408.724812987487,0.0408724812987487,0.00458106695096393,0.0494634606658187,"coda::spectrum0.ar"
"dataset_0053","beta0",10000,0.00333859840527276,577.204935855205,0.0577204935855205,0.000138962994301268,0.0416231536209326,"coda::spectrum0.ar"
"dataset_0053","sigma2_w",10000,0.16615216799132,20.5941450225477,0.00205941450225477,0.0366128999704768,0.220357642112677,"coda::spectrum0.ar"
"dataset_0053","eta_raw",10000,0.041792660845559,103.728052437736,0.0103728052437736,0.0041034761225753,0.0981865246086943,"coda::spectrum0.ar"
"dataset_0053","eta",10000,0.0279641563359159,103.728052437729,0.0103728052437729,0.00274570332423787,0.0981865246086974,"coda::spectrum0.ar"
"dataset_0053","rho",10000,0.11407073640296,15.5348393044403,0.00155348393044403,0.0289414884276794,0.253715276505643,"coda::spectrum0.ar"
"dataset_0054","beta0",10000,0.0188793974356904,509.101384248886,0.0509101384248886,0.000836731251703431,0.0443198070570642,"coda::spectrum0.ar"
"dataset_0054","sigma2_w",10000,0.243260793718708,119.310886860196,0.0119310886860196,0.0222706084515535,0.0915503403203801,"coda::spectrum0.ar"
"dataset_0054","eta_raw",10000,0.0630306163205202,565.931444569669,0.0565931444569669,0.0026495348799333,0.0420356809849362,"coda::spectrum0.ar"
"dataset_0054","eta",10000,0.0518338074833961,565.931444569675,0.0565931444569675,0.00217886939560663,0.042035680984936,"coda::spectrum0.ar"
"dataset_0054","rho",10000,0.0834232210827228,141.39029656274,0.014139029656274,0.00701579922072392,0.0840988771431761,"coda::spectrum0.ar"
"dataset_0055","beta0",10000,0.00912388277944052,706.924100896951,0.0706924100896951,0.000343157348045653,0.0376108896114835,"coda::spectrum0.ar"
"dataset_0055","sigma2_w",10000,0.172608432428334,58.2145913103283,0.00582145913103283,0.0226227857234406,0.131064197763533,"coda::spectrum0.ar"
"dataset_0055","eta_raw",10000,0.0972049046369546,183.933582533402,0.0183933582533402,0.00716733433711665,0.0737342870083103,"coda::spectrum0.ar"
"dataset_0055","eta",10000,0.0666687799592237,183.933582533383,0.0183933582533383,0.00491577495600754,0.0737342870083141,"coda::spectrum0.ar"
"dataset_0055","rho",10000,0.0742569484952253,62.0385426054486,0.00620385426054486,0.0094277119530308,0.126960670268278,"coda::spectrum0.ar"
"dataset_0056","beta0",10000,0.00828348787459436,584.894856166344,0.0584894856166344,0.000342510854976066,0.0413486275541676,"coda::spectrum0.ar"
"dataset_0056","sigma2_w",10000,0.208355542965791,26.7018740669379,0.00267018740669379,0.0403212685476734,0.193521458434602,"coda::spectrum0.ar"
"dataset_0056","eta_raw",10000,0.059083098330559,45.1551350454796,0.00451551350454796,0.00879244558062901,0.148814903569154,"coda::spectrum0.ar"
"dataset_0056","eta",10000,0.0380868265976305,45.155135045464,0.00451551350454639,0.00566788742738247,0.14881490356918,"coda::spectrum0.ar"
"dataset_0056","rho",10000,0.0924513791014973,29.3787385501287,0.00293787385501287,0.0170567711179679,0.184494501690907,"coda::spectrum0.ar"
"dataset_0057","beta0",10000,0.0190596963214665,246.854319658021,0.0246854319658021,0.0012130972301335,0.0636472486063285,"coda::spectrum0.ar"
"dataset_0057","sigma2_w",10000,0.0467219276653187,1109.65907175398,0.110965907175398,0.00140257459665532,0.0300196217652304,"coda::spectrum0.ar"
"dataset_0057","eta_raw",10000,0.208206089769276,1593.49853513743,0.159349853513743,0.00521575993103675,0.0250509480141364,"coda::spectrum0.ar"
"dataset_0057","eta",10000,0.129700857940881,1593.49853513743,0.159349853513743,0.00324912944966592,0.0250509480141364,"coda::spectrum0.ar"
"dataset_0057","rho",10000,0.0697117300356301,837.193942448518,0.0837193942448518,0.00240931077054004,0.0345610526278523,"coda::spectrum0.ar"
"dataset_0058","beta0",10000,0.00932188871440238,385.517676842306,0.0385517676842306,0.000474768357075181,0.0509304896916073,"coda::spectrum0.ar"
"dataset_0058","sigma2_w",10000,0.0334335043106836,634.3290693317,0.06343290693317,0.00132746962427856,0.0397047707575892,"coda::spectrum0.ar"
"dataset_0058","eta_raw",10000,0.0448603203753424,1069.45472499221,0.106945472499221,0.00137176958379636,0.0305786845104735,"coda::spectrum0.ar"
"dataset_0058","eta",10000,0.0332486044306292,1069.45472499222,0.106945472499222,0.00101669858529774,0.0305786845104735,"coda::spectrum0.ar"
"dataset_0058","rho",10000,0.0632100669777103,634.558040133863,0.0634558040133863,0.00250928837672911,0.0396976066741705,"coda::spectrum0.ar"
"dataset_0059","beta0",10000,0.0085527084718095,409.280009248263,0.0409280009248263,0.000422759526280992,0.049429900209325,"coda::spectrum0.ar"
"dataset_0059","sigma2_w",10000,0.0223461997383856,325.681364380393,0.0325681364380393,0.00123824682176573,0.0554119642830684,"coda::spectrum0.ar"
"dataset_0059","eta_raw",10000,0.0507742158179591,241.256509861173,0.0241256509861173,0.00326891557420441,0.0643814093736959,"coda::spectrum0.ar"
"dataset_0059","eta",10000,0.0369041600156648,241.25650986117,0.024125650986117,0.00237594183356091,0.0643814093736964,"coda::spectrum0.ar"
"dataset_0059","rho",10000,0.0702566383913732,275.496497081712,0.0275496497081712,0.00423281536908465,0.0602479063331387,"coda::spectrum0.ar"
"dataset_0060","beta0",10000,0.0146946310985101,424.539306745038,0.0424539306745038,0.000713180950854316,0.0485334368772706,"coda::spectrum0.ar"
"dataset_0060","sigma2_w",10000,0.047171321870171,708.003938544542,0.0708003938544542,0.00177280190500065,0.0375821968669843,"coda::spectrum0.ar"
"dataset_0060","eta_raw",10000,0.244314386352936,815.13495514874,0.081513495514874,0.00855725122708848,0.0350255723980441,"coda::spectrum0.ar"
"dataset_0060","eta",10000,0.186427694210869,815.13495514874,0.081513495514874,0.00652973670058321,0.0350255723980442,"coda::spectrum0.ar"
"dataset_0060","rho",10000,0.0682710269325818,710.865598858207,0.0710865598858207,0.00256060557472405,0.0375064751443196,"coda::spectrum0.ar"
"dataset_0061","beta0",10000,0.00986496171709675,275.758370292151,0.0275758370292151,0.000594061014210062,0.0602192924054138,"coda::spectrum0.ar"
"dataset_0061","sigma2_w",10000,0.0956686906301218,160.742874672779,0.0160742874672779,0.00754577696941873,0.0788740487584649,"coda::spectrum0.ar"
"dataset_0061","eta_raw",10000,0.148457973683674,528.778273111475,0.0528778273111475,0.00645604765485626,0.0434873755492073,"coda::spectrum0.ar"
"dataset_0061","eta",10000,0.122656297659612,528.778273111475,0.0528778273111475,0.00533400047979892,0.0434873755492073,"coda::spectrum0.ar"
"dataset_0061","rho",10000,0.079798193969952,202.396315303464,0.0202396315303464,0.00560908164298473,0.0702908344654621,"coda::spectrum0.ar"
"dataset_0062","beta0",10000,0.014032850246322,652.566954102931,0.0652566954102931,0.000549330043695465,0.0391460062676465,"coda::spectrum0.ar"
"dataset_0062","sigma2_w",10000,0.0223136636581776,895.67486172135,0.089567486172135,0.000745582472455014,0.033413718333151,"coda::spectrum0.ar"
"dataset_0062","eta_raw",10000,0.29342177706924,1125.06797392061,0.112506797392061,0.00874788291966712,0.0298133390338061,"coda::spectrum0.ar"
"dataset_0062","eta",10000,0.236066314695299,1125.06797392058,0.112506797392058,0.00703792507447216,0.0298133390338064,"coda::spectrum0.ar"
"dataset_0062","rho",10000,0.0434378992874785,944.747751963539,0.0944747751963539,0.00141322359731355,0.0325343449037586,"coda::spectrum0.ar"
"dataset_0063","beta0",10000,0.00555327984447673,628.712415940275,0.0628712415940275,0.000221474403561524,0.0398817293138578,"coda::spectrum0.ar"
"dataset_0063","sigma2_w",10000,0.0183135591824089,99.965336516317,0.00999653365163169,0.00183167340666264,0.100017336248983,"coda::spectrum0.ar"
"dataset_0063","eta_raw",10000,0.118164667686589,41.6645897929294,0.00416645897929294,0.0183064478502663,0.154923194967391,"coda::spectrum0.ar"
"dataset_0063","eta",10000,0.0820474332522933,41.6645897929101,0.00416645897929101,0.012711050498322,0.154923194967427,"coda::spectrum0.ar"
"dataset_0063","rho",10000,0.0912963895424703,115.690255876655,0.0115690255876655,0.00848799689871289,0.0929718791865734,"coda::spectrum0.ar"
"dataset_0064","beta0",10000,0.0109573417424839,248.032936548349,0.0248032936548349,0.000695745697446001,0.0634958472408001,"coda::spectrum0.ar"
"dataset_0064","sigma2_w",10000,0.101931571573318,161.066239605763,0.0161066239605763,0.00803168117630779,0.0787948331644308,"coda::spectrum0.ar"
"dataset_0064","eta_raw",10000,0.0375845439322039,443.953541765397,0.0443953541765397,0.00178377684527637,0.0474603828769082,"coda::spectrum0.ar"
"dataset_0064","eta",10000,0.0260255804903773,443.953541765392,0.0443953541765392,0.00123518401466711,0.0474603828769085,"coda::spectrum0.ar"
"dataset_0064","rho",10000,0.0734217614241452,196.398540358593,0.0196398540358593,0.0052390877354747,0.0713560616614653,"coda::spectrum0.ar"
"dataset_0065","beta0",10000,0.0229237513627635,661.266004131827,0.0661266004131826,0.000891451235653242,0.0388876681458551,"coda::spectrum0.ar"
"dataset_0065","sigma2_w",10000,0.191957637071087,189.107489896212,0.0189107489896212,0.013958894671309,0.0727186210681455,"coda::spectrum0.ar"
"dataset_0065","eta_raw",10000,0.177060680503326,1268.12838381874,0.126812838381874,0.00497210758731696,0.0280813762444766,"coda::spectrum0.ar"
"dataset_0065","eta",10000,0.141827673427543,1268.12838381875,0.126812838381875,0.00398271625939759,0.0280813762444766,"coda::spectrum0.ar"
"dataset_0065","rho",10000,0.129327524622919,198.463067710844,0.0198463067710844,0.00918017827395894,0.0709839479316227,"coda::spectrum0.ar"
"dataset_0066","beta0",10000,0.0233265922219429,194.379717275925,0.0194379717275925,0.00167311512153531,0.0717256556644154,"coda::spectrum0.ar"
"dataset_0066","sigma2_w",10000,0.155462840628239,967.761972955961,0.0967761972955961,0.00499737940169732,0.0321451697492626,"coda::spectrum0.ar"
"dataset_0066","eta_raw",10000,0.111959524869824,2219.5719455687,0.22195719455687,0.00237643769928957,0.0212258644546113,"coda::spectrum0.ar"
"dataset_0066","eta",10000,0.0829429218947864,2219.57194556869,0.221957194556869,0.00176053521760816,0.0212258644546114,"coda::spectrum0.ar"
"dataset_0066","rho",10000,0.0407633167373483,1593.65497339697,0.159365497339697,0.00102110960709167,0.025049718443448,"coda::spectrum0.ar"
"dataset_0067","beta0",10000,0.0192696951923435,228.651392081933,0.0228651392081933,0.00127434764334801,0.0661322159291008,"coda::spectrum0.ar"
"dataset_0067","sigma2_w",10000,0.232062256098952,455.188869171922,0.0455188869171922,0.0108769890997176,0.0468709960963219,"coda::spectrum0.ar"
"dataset_0067","eta_raw",10000,0.151046010615569,1506.17112481577,0.150617112481577,0.00389199344915035,0.0257669397112113,"coda::spectrum0.ar"
"dataset_0067","eta",10000,0.096918216739722,1506.17112481577,0.150617112481577,0.00249728584765053,0.0257669397112113,"coda::spectrum0.ar"
"dataset_0067","rho",10000,0.12395706725549,389.835215530149,0.0389835215530149,0.00627813656459627,0.0506476694197377,"coda::spectrum0.ar"
"dataset_0068","beta0",10000,0.0246292393120568,202.528999957119,0.0202528999957119,0.0017306425990289,0.0702678055583185,"coda::spectrum0.ar"
"dataset_0068","sigma2_w",10000,0.196699809209629,659.455727760484,0.0659455727760484,0.00765968864063593,0.038941006965964,"coda::spectrum0.ar"
"dataset_0068","eta_raw",10000,0.126668852469851,2316.9310094251,0.23169310094251,0.00263156005243129,0.0207751155956642,"coda::spectrum0.ar"
"dataset_0068","eta",10000,0.0933373511996138,2316.93100942512,0.231693100942512,0.00193909426056507,0.0207751155956641,"coda::spectrum0.ar"
"dataset_0068","rho",10000,0.0782889452371544,736.283156132357,0.0736283156132357,0.00288521385706395,0.0368534005449174,"coda::spectrum0.ar"
"dataset_0069","beta0",10000,0.0155784735077573,377.728669023433,0.0377728669023433,0.000801557950037861,0.0514529199307446,"coda::spectrum0.ar"
"dataset_0069","sigma2_w",10000,0.199649732510638,271.232272490048,0.0271232272490048,0.0121226635311761,0.0607196582671615,"coda::spectrum0.ar"
"dataset_0069","eta_raw",10000,0.0726801437601467,555.887120902213,0.0555887120902213,0.00308263760161041,0.0424137521216729,"coda::spectrum0.ar"
"dataset_0069","eta",10000,0.0521119625436471,555.88712090221,0.055588712090221,0.00221026386190015,0.042413752121673,"coda::spectrum0.ar"
"dataset_0069","rho",10000,0.0818330855158247,255.92099540898,0.025592099540898,0.00511535723515198,0.0625096463479039,"coda::spectrum0.ar"
"dataset_0070","beta0",10000,0.0134406593711042,350.223948080734,0.0350223948080734,0.000718203727948369,0.0534351558296625,"coda::spectrum0.ar"
"dataset_0070","sigma2_w",10000,0.134623204294702,287.796077674101,0.0287796077674101,0.00793555832610244,0.0589464377086939,"coda::spectrum0.ar"
"dataset_0070","eta_raw",10000,0.0331813018309427,477.628417583086,0.0477628417583086,0.0015182676619855,0.0457567237633114,"coda::spectrum0.ar"
"dataset_0070","eta",10000,0.0241623378288669,477.628417583086,0.0477628417583086,0.00110558941751127,0.0457567237633114,"coda::spectrum0.ar"
"dataset_0070","rho",10000,0.0698889542621776,318.622317362995,0.0318622317362995,0.00391534869986803,0.0560224250198423,"coda::spectrum0.ar"
"dataset_0071","beta0",10000,0.00842867428046383,580.319577422357,0.0580319577422357,0.000349885270735711,0.0415113052294218,"coda::spectrum0.ar"
"dataset_0071","sigma2_w",10000,0.235559987215592,30.129570295198,0.0030129570295198,0.0429145984445023,0.182181188544664,"coda::spectrum0.ar"
"dataset_0071","eta_raw",10000,0.0264676795610591,190.255720364738,0.0190255720364738,0.00191887642122578,0.0724988534336402,"coda::spectrum0.ar"
"dataset_0071","eta",10000,0.0176938521933943,190.255720364726,0.0190255720364726,0.00128278399684543,0.0724988534336424,"coda::spectrum0.ar"
"dataset_0071","rho",10000,0.0628085198879649,30.2896559641443,0.00302896559641443,0.0114122529437697,0.181699122414067,"coda::spectrum0.ar"
"dataset_0072","beta0",10000,0.0118525795340547,353.888523152833,0.0353888523152833,0.00063005670701922,0.0531577708640511,"coda::spectrum0.ar"
"dataset_0072","sigma2_w",10000,0.197243181003078,110.443452741167,0.0110443452741167,0.0187686056879111,0.0951546491618294,"coda::spectrum0.ar"
"dataset_0072","eta_raw",10000,0.078821569189616,2122.78772703069,0.212278772703069,0.00171077065661125,0.0217043465919304,"coda::spectrum0.ar"
"dataset_0072","eta",10000,0.0548754553557357,2122.78772703068,0.212278772703068,0.00119103590243089,0.0217043465919304,"coda::spectrum0.ar"
"dataset_0072","rho",10000,0.106830006534123,122.997117403905,0.0122997117403905,0.00963265017112093,0.0901680200500985,"coda::spectrum0.ar"
"dataset_0073","beta0",10000,0.0110703871542024,316.919685637506,0.0316919685637506,0.000621853669042434,0.0561727119729839,"coda::spectrum0.ar"
"dataset_0073","sigma2_w",10000,0.0955649855444323,347.885810062566,0.0347885810062566,0.00512366163233864,0.0536144237677558,"coda::spectrum0.ar"
"dataset_0073","eta_raw",10000,0.106997562402407,2033.32034242119,0.203332034242119,0.00237285380210621,0.0221767089719498,"coda::spectrum0.ar"
"dataset_0073","eta",10000,0.080135875871492,2033.32034242118,0.203332034242118,0.00177714999741438,0.0221767089719499,"coda::spectrum0.ar"
"dataset_0073","rho",10000,0.0647167582283726,377.599957447543,0.0377599957447543,0.0033304336526263,0.0514616884991961,"coda::spectrum0.ar"
"dataset_0074","beta0",10000,0.0085048044032329,655.510633200519,0.0655510633200519,0.000332180748650456,0.0390580115545262,"coda::spectrum0.ar"
"dataset_0074","sigma2_w",10000,0.126434264685581,106.293342254183,0.0106293342254183,0.0122634243280947,0.0969944686955835,"coda::spectrum0.ar"
"dataset_0074","eta_raw",10000,0.240583283737258,654.782300106003,0.0654782300106003,0.00940192933534346,0.039079728189309,"coda::spectrum0.ar"
"dataset_0074","eta",10000,0.173930526625628,654.782300105998,0.0654782300105998,0.00679715770435295,0.0390797281893092,"coda::spectrum0.ar"
"dataset_0074","rho",10000,0.12266999559865,127.154320428352,0.0127154320428352,0.0108785945100924,0.0886817877265187,"coda::spectrum0.ar"
"dataset_0075","beta0",10000,0.00729473836469306,741.705579702071,0.0741705579702071,0.0002678514161759,0.0367184404408958,"coda::spectrum0.ar"
"dataset_0075","sigma2_w",10000,0.0959204210556909,28.0629729923178,0.00280629729923178,0.0181069055969695,0.18877008042382,"coda::spectrum0.ar"
"dataset_0075","eta_raw",10000,0.0351917770937431,264.767909096624,0.0264767909096624,0.00216276097855995,0.0614564298017356,"coda::spectrum0.ar"
"dataset_0075","eta",10000,0.0241608628689402,264.767909096636,0.0264767909096636,0.00148484037285435,0.0614564298017341,"coda::spectrum0.ar"
"dataset_0075","rho",10000,0.0904181618489274,35.4416320000386,0.00354416320000386,0.0151879380799977,0.167974417632754,"coda::spectrum0.ar"
"dataset_0076","beta0",10000,0.00204350980941917,678.591054357734,0.0678591054357734,7.84463356259515e-05,0.0383880396680104,"coda::spectrum0.ar"
"dataset_0076","sigma2_w",10000,0.0917902581914535,7.35821962073646,0.000735821962073646,0.0338384310541634,0.368649481120144,"coda::spectrum0.ar"
"dataset_0076","eta_raw",10000,0.199274227350561,7.81016931108466,0.000781016931108466,0.0713051519246626,0.357824254910914,"coda::spectrum0.ar"
"dataset_0076","eta",10000,0.161922009226822,7.81016931110272,0.000781016931110272,0.0579396223051987,0.3578242549105,"coda::spectrum0.ar"
"dataset_0076","rho",10000,0.0153638858654529,11.0642975770489,0.00110642975770489,0.00461890625982675,0.300633986758049,"coda::spectrum0.ar"
"dataset_0077","beta0",10000,0.0164368571152131,368.286093893344,0.0368286093893344,0.000856497539224893,0.0521083521759257,"coda::spectrum0.ar"
"dataset_0077","sigma2_w",10000,0.137076523446823,86.8020109354335,0.00868020109354335,0.0147128967746843,0.107333454370777,"coda::spectrum0.ar"
"dataset_0077","eta_raw",10000,0.270691822662739,227.523361893719,0.0227523361893719,0.0179457716886789,0.0662959505468251,"coda::spectrum0.ar"
"dataset_0077","eta",10000,0.176224400237081,227.523361893715,0.0227523361893715,0.0116829641232615,0.0662959505468256,"coda::spectrum0.ar"
"dataset_0077","rho",10000,0.228689441515034,84.1208453178315,0.00841208453178315,0.0249341346132872,0.109030545739681,"coda::spectrum0.ar"
"dataset_0078","beta0",10000,0.0171742955942474,573.000558104106,0.0573000558104106,0.000717466141845713,0.0417755789696569,"coda::spectrum0.ar"
"dataset_0078","sigma2_w",10000,0.103123614102596,160.145050815842,0.0160145050815842,0.00814894458003746,0.0790211306202888,"coda::spectrum0.ar"
"dataset_0078","eta_raw",10000,0.123680149116111,355.499468989442,0.0355499468989442,0.00655964780156089,0.0530371918892391,"coda::spectrum0.ar"
"dataset_0078","eta",10000,0.0879784173722672,355.499468989448,0.0355499468989448,0.00466612820428446,0.0530371918892387,"coda::spectrum0.ar"
"dataset_0078","rho",10000,0.100386817179507,227.058881942136,0.0227058881942136,0.00666204309023397,0.0663637246145697,"coda::spectrum0.ar"
"dataset_0079","beta0",10000,0.0171156452678702,602.840222521387,0.0602840222521387,0.00069709531851238,0.0407285444166676,"coda::spectrum0.ar"
"dataset_0079","sigma2_w",10000,0.185706980805927,76.1626638029979,0.00761626638029979,0.0212792916407486,0.114585308254979,"coda::spectrum0.ar"
"dataset_0079","eta_raw",10000,0.0964260279563543,394.923738460058,0.0394923738460058,0.00485218842672574,0.050320318378374,"coda::spectrum0.ar"
"dataset_0079","eta",10000,0.0646702024843086,394.923738460054,0.0394923738460054,0.00325422517860434,0.0503203183783742,"coda::spectrum0.ar"
"dataset_0079","rho",10000,0.153998878547119,105.323234205991,0.0105323234205991,0.0150056725401876,0.0974401416539947,"coda::spectrum0.ar"
"dataset_0080","beta0",10000,0.00388076005919594,414.966533436816,0.0414966533436816,0.000190506700590087,0.0490900487750222,"coda::spectrum0.ar"
"dataset_0080","sigma2_w",10000,0.162082645385909,18.0724005630569,0.00180724005630569,0.0381266453214145,0.23522965849081,"coda::spectrum0.ar"
"dataset_0080","eta_raw",10000,0.150894748892046,70.4533128145254,0.00704533128145254,0.0179772565889214,0.119137721629948,"coda::spectrum0.ar"
"dataset_0080","eta",10000,0.115549091641457,70.4533128145247,0.00704533128145247,0.0137662555145733,0.119137721629948,"coda::spectrum0.ar"
"dataset_0080","rho",10000,0.040476968656861,26.6987290471834,0.00266987290471834,0.00783362335386388,0.193532856184774,"coda::spectrum0.ar"
"dataset_0081","beta0",10000,0.00943914827037745,350.233305211625,0.0350233305211625,0.000504375620927843,0.0534344420153572,"coda::spectrum0.ar"
"dataset_0081","sigma2_w",10000,0.146015415384496,49.0986544250834,0.00490986544250834,0.0208383780703836,0.142713548535343,"coda::spectrum0.ar"
"dataset_0081","eta_raw",10000,0.0425074902054326,64.619069825488,0.0064619069825488,0.0052879228756051,0.124399790485143,"coda::spectrum0.ar"
"dataset_0081","eta",10000,0.0343800345132391,64.6190698254908,0.00646190698254908,0.00427686909031885,0.124399790485141,"coda::spectrum0.ar"
"dataset_0081","rho",10000,0.0778791811889999,67.6693410720422,0.00676693410720422,0.00946728394929233,0.121563732498892,"coda::spectrum0.ar"
"dataset_0082","beta0",10000,0.0148055790613788,330.35555959923,0.033035555959923,0.000814581584736567,0.0550185562725777,"coda::spectrum0.ar"
"dataset_0082","sigma2_w",10000,0.228282093879535,334.677934471589,0.0334677934471589,0.0124783828867826,0.0546621185863466,"coda::spectrum0.ar"
"dataset_0082","eta_raw",10000,0.0376971088233874,724.495173793344,0.0724495173793344,0.00140052315970892,0.0371520045813178,"coda::spectrum0.ar"
"dataset_0082","eta",10000,0.0287711923494821,724.495173793344,0.0724495173793344,0.00106890746997793,0.0371520045813178,"coda::spectrum0.ar"
"dataset_0082","rho",10000,0.0847523664671921,312.043823118426,0.0312043823118426,0.00479782097096224,0.0566098761716522,"coda::spectrum0.ar"
"dataset_0083","beta0",10000,0.0132492507343377,433.334573868124,0.0433334573868124,0.000636472506779683,0.0480383773801002,"coda::spectrum0.ar"
"dataset_0083","sigma2_w",10000,0.173723579370257,73.7287651474469,0.00737287651474469,0.020232068597894,0.116461269513526,"coda::spectrum0.ar"
"dataset_0083","eta_raw",10000,0.0663806218870998,319.70445623807,0.031970445623807,0.00371250435595468,0.0559275320178366,"coda::spectrum0.ar"
"dataset_0083","eta",10000,0.0430542406960743,319.704456238096,0.0319704456238096,0.00240791742503324,0.0559275320178344,"coda::spectrum0.ar"
"dataset_0083","rho",10000,0.0956458090254392,69.7228891197093,0.00697228891197093,0.0114545559434729,0.119760144853041,"coda::spectrum0.ar"
"dataset_0084","beta0",10000,0.0161071166528283,280.640078107172,0.0280640078107172,0.000961485983983154,0.059693240243239,"coda::spectrum0.ar"
"dataset_0084","sigma2_w",10000,0.0544826386171694,1349.82659992652,0.134982659992652,0.00148292484485563,0.0272183007742269,"coda::spectrum0.ar"
"dataset_0084","eta_raw",10000,0.282633465816217,1083.45458858423,0.108345458858423,0.00858654059523581,0.0303804808480084,"coda::spectrum0.ar"
"dataset_0084","eta",10000,0.217538343300685,1083.45458858423,0.108345458858423,0.00660891947235394,0.0303804808480084,"coda::spectrum0.ar"
"dataset_0084","rho",10000,0.0530036735806406,749.234266601112,0.0749234266601112,0.00193640927799788,0.0365334918730076,"coda::spectrum0.ar"
"dataset_0085","beta0",10000,0.0300534143250917,336.507320217114,0.0336507320217114,0.00163831180519274,0.0545133337420801,"coda::spectrum0.ar"
"dataset_0085","sigma2_w",10000,0.146792965166661,521.361847176492,0.0521361847176492,0.00642888444720539,0.0437955895223344,"coda::spectrum0.ar"
"dataset_0085","eta_raw",10000,0.163171925686608,1558.6756602505,0.15586756602505,0.00413302052554203,0.0253292379075063,"coda::spectrum0.ar"
"dataset_0085","eta",10000,0.106851852725582,1558.67566025051,0.155867566025051,0.00270647599854408,0.0253292379075062,"coda::spectrum0.ar"
"dataset_0085","rho",10000,0.103675396881104,580.35106659504,0.0580351066595041,0.00430358428622698,0.0415101790366174,"coda::spectrum0.ar"
"dataset_0086","beta0",10000,0.00445151661656518,731.516741470673,0.0731516741470673,0.000164587126844233,0.0369732702404759,"coda::spectrum0.ar"
"dataset_0086","sigma2_w",10000,0.0381916720577402,24.0659932176866,0.00240659932176866,0.00778514628543405,0.203844080815945,"coda::spectrum0.ar"
"dataset_0086","eta_raw",10000,0.0476605250814086,187.9544705074,0.01879544705074,0.00347642202511318,0.0729413286818625,"coda::spectrum0.ar"
"dataset_0086","eta",10000,0.0355144036029421,187.95447050741,0.018795447050741,0.00259046778614245,0.0729413286818606,"coda::spectrum0.ar"
"dataset_0086","rho",10000,0.108451623536347,47.8142376957232,0.00478142376957232,0.0156840218894461,0.144617677246571,"coda::spectrum0.ar"
"dataset_0087","beta0",10000,0.0206118524616016,550.784328640471,0.0550784328640471,0.000878266338378368,0.0426097722179273,"coda::spectrum0.ar"
"dataset_0087","sigma2_w",10000,0.115219309154489,233.979518260179,0.0233979518260179,0.00753245152866886,0.0653749062023029,"coda::spectrum0.ar"
"dataset_0087","eta_raw",10000,0.0955722345955373,303.891660962315,0.0303891660962315,0.0054824205795729,0.0573641560519597,"coda::spectrum0.ar"
"dataset_0087","eta",10000,0.0652742381872279,303.891660962327,0.0303891660962327,0.00374440158554485,0.0573641560519586,"coda::spectrum0.ar"
"dataset_0087","rho",10000,0.140298392203063,247.331662328578,0.0247331662328578,0.00892098554984297,0.0635858003057588,"coda::spectrum0.ar"
"dataset_0088","beta0",10000,0.0109695962261327,455.493655100462,0.0455493655100462,0.000513983853714862,0.0468553120023149,"coda::spectrum0.ar"
"dataset_0088","sigma2_w",10000,0.0326812500205634,714.675332785496,0.0714675332785496,0.00122248703844222,0.0374063733080288,"coda::spectrum0.ar"
"dataset_0088","eta_raw",10000,0.182807557916298,1356.96122050971,0.135696122050971,0.00496261322766997,0.0271466523826231,"coda::spectrum0.ar"
"dataset_0088","eta",10000,0.116414488135198,1356.96122050971,0.135696122050971,0.00316026364170723,0.0271466523826231,"coda::spectrum0.ar"
"dataset_0088","rho",10000,0.0566618736491259,664.935400098391,0.0664935400098391,0.00219735994669336,0.0387802203700558,"coda::spectrum0.ar"
"dataset_0089","beta0",10000,0.00701548916446812,408.554262051085,0.0408554262051085,0.000347082794503633,0.0494737838469668,"coda::spectrum0.ar"
"dataset_0089","sigma2_w",10000,0.244564397528148,96.7220177726735,0.00967220177726735,0.0248674103458471,0.101680418724827,"coda::spectrum0.ar"
"dataset_0089","eta_raw",10000,0.034636958746949,362.116360880848,0.0362116360880848,0.00182018561893636,0.0525503879319857,"coda::spectrum0.ar"
"dataset_0089","eta",10000,0.022389504746481,362.116360880839,0.0362116360880839,0.00117657716003262,0.0525503879319864,"coda::spectrum0.ar"
"dataset_0089","rho",10000,0.0336097108478164,99.3924832193404,0.00993924832193404,0.00337122707030293,0.10030514947206,"coda::spectrum0.ar"
"dataset_0090","beta0",10000,0.0222718969153178,352.827785641116,0.0352827785641116,0.0011857027258772,0.0532376173608146,"coda::spectrum0.ar"
"dataset_0090","sigma2_w",10000,0.0860902662273676,1278.42397462045,0.127842397462045,0.00240777886286386,0.0279680731443532,"coda::spectrum0.ar"
"dataset_0090","eta_raw",10000,0.270363585553386,1238.92367741033,0.123892367741033,0.00768114424656197,0.0284104245430834,"coda::spectrum0.ar"
"dataset_0090","eta",10000,0.186532711866227,1238.92367741033,0.123892367741033,0.00529947353529216,0.0284104245430834,"coda::spectrum0.ar"
"dataset_0090","rho",10000,0.0885607798960228,1196.1567434242,0.11961567434242,0.00256063328186204,0.0289138519880744,"coda::spectrum0.ar"
"dataset_0091","beta0",10000,0.0085070095080718,497.592917943348,0.0497592917943348,0.000381364113107076,0.0448293977742968,"coda::spectrum0.ar"
"dataset_0091","sigma2_w",10000,0.0122730501003972,537.48805216734,0.053748805216734,0.000529380694905162,0.0431335886820856,"coda::spectrum0.ar"
"dataset_0091","eta_raw",10000,0.141311282086441,640.280583453217,0.0640280583453217,0.0055845948393332,0.0395198087291932,"coda::spectrum0.ar"
"dataset_0091","eta",10000,0.110427588156946,640.28058345322,0.064028058345322,0.00436407716238863,0.0395198087291931,"coda::spectrum0.ar"
"dataset_0091","rho",10000,0.0636853459490175,445.596184781466,0.0445596184781466,0.00301695463896783,0.0473728232768495,"coda::spectrum0.ar"
"dataset_0092","beta0",10000,0.0105234599000032,234.474664776447,0.0234474664776447,0.000687243417309935,0.0653058427399647,"coda::spectrum0.ar"
"dataset_0092","sigma2_w",10000,0.0372693700449397,984.831129148285,0.0984831129148285,0.00118760267801514,0.0318653810510648,"coda::spectrum0.ar"
"dataset_0092","eta_raw",10000,0.293053190583783,241.296965719984,0.0241296965719984,0.0188655957290854,0.0643760120526373,"coda::spectrum0.ar"
"dataset_0092","eta",10000,0.212482452345338,241.296965719979,0.0241296965719979,0.0136787729131576,0.0643760120526381,"coda::spectrum0.ar"
"dataset_0092","rho",10000,0.0501351389285358,591.556059376173,0.0591556059376173,0.00206131455160235,0.0411151658428755,"coda::spectrum0.ar"
"dataset_0093","beta0",10000,0.0168916458183694,411.079417375908,0.0411079417375908,0.000833122954476743,0.0493215973999841,"coda::spectrum0.ar"
"dataset_0093","sigma2_w",10000,0.200028701151176,254.818065826106,0.0254818065826106,0.0125307540970683,0.0626447805987498,"coda::spectrum0.ar"
"dataset_0093","eta_raw",10000,0.365024734649248,114.830941675056,0.0114830941675056,0.0340637793382017,0.0933190989671797,"coda::spectrum0.ar"
"dataset_0093","eta",10000,0.246965784917877,114.830941675059,0.0114830941675059,0.0230466245242583,0.0933190989671786,"coda::spectrum0.ar"
"dataset_0093","rho",10000,0.168323597851976,185.440864366383,0.0185440864366383,0.0123606777419755,0.073434015786934,"coda::spectrum0.ar"
"dataset_0094","beta0",10000,0.0138634589375767,478.153389519423,0.0478153389519423,0.000633998136024648,0.0457315983607963,"coda::spectrum0.ar"
"dataset_0094","sigma2_w",10000,0.199331929400173,93.8473520050854,0.00938473520050854,0.0205762325169817,0.103225973776,"coda::spectrum0.ar"
"dataset_0094","eta_raw",10000,0.0321355898878096,703.503148952567,0.0703503148952567,0.00121158322999993,0.0377022246745665,"coda::spectrum0.ar"
"dataset_0094","eta",10000,0.0221330455925903,703.503148952567,0.0703503148952567,0.000834465057664264,0.0377022246745665,"coda::spectrum0.ar"
"dataset_0094","rho",10000,0.0935059628766227,129.074223816472,0.0129074223816472,0.00823037352698578,0.0880197719352446,"coda::spectrum0.ar"
"dataset_0095","beta0",10000,0.00693565752857451,496.795332412116,0.0496795332412116,0.000311170836130834,0.0448653692672725,"coda::spectrum0.ar"
"dataset_0095","sigma2_w",10000,0.234340529985626,87.7099020290711,0.00877099020290711,0.0250220619411405,0.106776501455703,"coda::spectrum0.ar"
"dataset_0095","eta_raw",10000,0.0373307359125725,51.6997377030094,0.00516997377030094,0.0051918529283254,0.139077165274335,"coda::spectrum0.ar"
"dataset_0095","eta",10000,0.0237225283694132,51.6997377030142,0.00516997377030142,0.00329926199875782,0.139077165274328,"coda::spectrum0.ar"
"dataset_0095","rho",10000,0.0460798591292711,79.8485400252603,0.00798485400252603,0.00515676870837399,0.111909385267593,"coda::spectrum0.ar"
"dataset_0096","beta0",10000,0.00909032497541282,641.863630925415,0.0641863630925415,0.000358804618897701,0.03947104420009,"coda::spectrum0.ar"
"dataset_0096","sigma2_w",10000,0.0472844560231849,53.04538956689,0.005304538956689,0.00649224014060037,0.137301783432108,"coda::spectrum0.ar"
"dataset_0096","eta_raw",10000,0.11867992629372,1771.74038679294,0.177174038679294,0.00281953328208732,0.0237574573067166,"coda::spectrum0.ar"
"dataset_0096","eta",10000,0.081554172590126,1771.74038679293,0.177174038679293,0.00193751977349451,0.0237574573067166,"coda::spectrum0.ar"
"dataset_0096","rho",10000,0.112807417887546,151.911921575295,0.0151911921575295,0.0091525419873537,0.0811342211243378,"coda::spectrum0.ar"
"dataset_0097","beta0",10000,0.00890063060825549,500.282411149811,0.0500282411149811,0.000397935935972683,0.0447087350871062,"coda::spectrum0.ar"
"dataset_0097","sigma2_w",10000,0.208091968197789,66.714914433098,0.0066714914433098,0.0254767397817508,0.12243019277676,"coda::spectrum0.ar"
"dataset_0097","eta_raw",10000,0.0159171800757643,1093.04330469711,0.109304330469711,0.000481445847699612,0.0302469310146632,"coda::spectrum0.ar"
"dataset_0097","eta",10000,0.0129125727991278,1093.04330469712,0.109304330469712,0.000390565698677032,0.030246931014663,"coda::spectrum0.ar"
"dataset_0097","rho",10000,0.0744436645676178,75.0450739498099,0.00750450739498099,0.00859343207720089,0.115435371527088,"coda::spectrum0.ar"
"dataset_0098","beta0",10000,0.0148501328296335,211.569990099841,0.0211569990099841,0.00102094725413574,0.0687500418917756,"coda::spectrum0.ar"
"dataset_0098","sigma2_w",10000,0.142764272820964,390.159007293838,0.0390159007293838,0.00722767671340723,0.0506266488848456,"coda::spectrum0.ar"
"dataset_0098","eta_raw",10000,0.126732672302605,142.966183825272,0.0142966183825272,0.0105991717649151,0.0836340903441777,"coda::spectrum0.ar"
"dataset_0098","eta",10000,0.0966295895916272,142.966183825268,0.0142966183825268,0.00808152782582709,0.083634090344179,"coda::spectrum0.ar"
"dataset_0098","rho",10000,0.0689755702197145,268.334568717878,0.0268334568717878,0.00421072604803049,0.061046629040074,"coda::spectrum0.ar"
"dataset_0099","beta0",10000,0.00451547996370802,610.546364697743,0.0610546364697743,0.000182744617683611,0.040470696172361,"coda::spectrum0.ar"
"dataset_0099","sigma2_w",10000,0.0101917633391178,38.4530166745311,0.00384530166745311,0.00164355454736252,0.161263021194209,"coda::spectrum0.ar"
"dataset_0099","eta_raw",10000,0.118558365022164,627.737813473042,0.0627737813473042,0.00473198169962135,0.0399126767540757,"coda::spectrum0.ar"
"dataset_0099","eta",10000,0.0908148351891991,627.737813473041,0.0627737813473041,0.00362466316138117,0.0399126767540757,"coda::spectrum0.ar"
"dataset_0099","rho",10000,0.136679305421033,56.9356440570326,0.00569356440570326,0.0181138448781608,0.132528072354203,"coda::spectrum0.ar"
